target_position,query_residue,non_gap_coverage,canonical_coverage,gap_fraction,eligible_unordered_pairs,blosum62_sum,canonical_count,shannon_entropy_bits,shannon_entropy_normalized_log2_20,conservation_one_minus_normalized_entropy,consensus_fraction,non_query_canonical_count,non_query_shannon_entropy_bits,non_query_shannon_entropy_normalized_log2_20,non_query_conservation_one_minus_normalized_entropy,non_query_consensus_fraction
1,M,0.021169621593014026,0.021169621593014026,0.978830378406986,28680,63666.0,240,1.4399874871530614,0.33318173174988697,0.666818268250113,0.55,239,1.436372399184598,0.3323452791553286,0.6676547208446715,0.5523012552301255
2,N,0.0261091999647173,0.0261091999647173,0.9738908000352827,43660,-21157.0,296,3.3590214652278694,0.7772043845897005,0.22279561541029946,0.22972972972972974,295,3.35897002059621,0.7771924814227504,0.22280751857724956,0.2305084745762712
3,T,0.035900149951486285,0.035900149951486285,0.9640998500485137,82621,67446.0,407,2.6060388223495634,0.602980606140205,0.397019393859795,0.43734643734643736,406,2.606614040669525,0.6031136991272545,0.39688630087274546,0.43842364532019706
4,I,0.04269207021257829,0.04269207021257829,0.9573079297874217,116886,160018.0,484,2.481371638983689,0.5741353360133489,0.4258646639866511,0.3409090909090909,483,2.482100205138777,0.5743039103484819,0.42569608965151806,0.3416149068322981
5,S,0.04710240804445621,0.04710240804445621,0.9528975919555438,142311,12581.0,534,3.105729961071952,0.7185982489495566,0.2814017510504434,0.3258426966292135,533,3.1069003324572235,0.718869047389414,0.28113095261058596,0.32645403377110693
6,V,0.05468818911528623,0.05468818911528623,0.9453118108847137,191890,73383.0,620,3.021223203769552,0.6990452264450019,0.3009547735549981,0.3725806451612903,619,3.0237997541690276,0.6996413840725486,0.3003586159274514,0.3715670436187399
7,K,0.05706977154450031,0.05706977154450031,0.9429302284554997,208981,-146179.0,647,3.730000620110506,0.8630408785659626,0.13695912143403743,0.20247295208655333,646,3.7277135936212478,0.8625117104634289,0.1374882895365711,0.20278637770897834
8,A,0.0689776836905707,0.0689776836905707,0.9310223163094293,305371,207905.0,782,2.717614634351276,0.6287968181530105,0.3712031818469895,0.5025575447570333,781,2.7198221389906596,0.6293075866320129,0.3706924133679871,0.5019206145966709
9,M,0.07541677692511246,0.07541677692511246,0.9245832230748875,365085,-163952.0,855,3.577580209995642,0.8277741164245076,0.1722258835754924,0.2,854,3.5760828066927304,0.8274276499239004,0.1725723500760996,0.20023419203747073
10,S,0.09279350798271148,0.09279350798271148,0.9072064920172885,552826,159621.0,1052,3.046014833176478,0.7047814693584954,0.2952185306415046,0.3365019011406844,1051,3.047416686341633,0.7051058276389612,0.29489417236103876,0.3358705994291151
11,K,0.09985004851371615,0.09985004851371615,0.9001499514862839,640146,-217295.0,1132,3.6911966451258236,0.8540624841705107,0.14593751582948933,0.1687279151943463,1131,3.69061448082281,0.853927784034314,0.14607221596568598,0.16887709991158267
12,S,0.11264002822616212,0.11264002822616212,0.8873599717738379,814726,647480.0,1277,2.877245204634537,0.6657318542708248,0.3342681457291752,0.4361785434612373,1276,2.8785614312037824,0.6660364004225302,0.3339635995774698,0.43573667711598746
13,S,0.13442709711563905,0.13442709711563905,0.865572902884361,1160526,300450.0,1524,3.138606963857439,0.7262052711081111,0.27379472889188894,0.2736220472440945,1523,3.1394392721594158,0.7263978491158205,0.2736021508841795,0.273145108338805
14,D,0.15021610655376202,0.15021610655376202,0.849783893446238,1449253,-503744.0,1703,3.5990523765957985,0.8327423079651205,0.1672576920348795,0.20786846741045215,1702,3.599245758357298,0.8327870522915539,0.16721294770844608,0.20799059929494712
15,T,0.17729558084149247,0.17729558084149247,0.8227044191585076,2019045,767576.0,2010,3.070891351963651,0.7105373538251066,0.28946264617489337,0.30696517412935326,2009,3.0715714054385312,0.7106947033829775,0.28930529661702253,0.30662020905923343
16,T,0.19423127811590368,0.19423127811590368,0.8057687218840963,2423301,143672.0,2202,3.279465768657545,0.7587969296705788,0.24120307032942123,0.2688465031789282,2201,3.2800943142453014,0.7589423614255634,0.24105763857443663,0.2685143116765107
17,E,0.21249007673987827,0.21249007673987827,0.7875099232601217,2900436,-263867.0,2409,3.4702382417555504,0.8029375236160636,0.19706247638393637,0.20755500207555003,2408,3.4704017239986613,0.8029753498453579,0.1970246501546421,0.20764119601328904
18,I,0.22942577401428949,0.22933756725765195,0.7705742259857105,3378700,-1507776.0,2600,3.6326989062644883,0.8405273818788888,0.15947261812111124,0.18,2599,3.6324925204541243,0.8404796286988652,0.15952037130113483,0.18006925740669488
19,T,0.2540354591161683,0.2540354591161683,0.7459645408838317,4145760,-504798.0,2880,3.5338459629261605,0.8176549644836836,0.18234503551631642,0.20902777777777778,2879,3.5342887083671153,0.8177574061326963,0.18224259386730368,0.20875303924973948
20,S,0.2782041104348593,0.2782041104348593,0.7217958895651407,4972281,-20551.0,3154,3.4217979366804565,0.7917294923828747,0.2082705076171253,0.21972098922003805,3153,3.422189541457,0.7918201011963362,0.20817989880366383,0.2194735172851253
21,Q,0.3014906941871747,0.30140248743053716,0.6985093058128252,5836236,-1978719.0,3417,3.6812723794516966,0.8517662253119085,0.1482337746880915,0.1559847819724905,3416,3.68146527483326,0.8518108571006213,0.14818914289937868,0.1560304449648712
22,S,0.32610037928905355,0.32610037928905355,0.6738996207109464,6832056,-516288.0,3697,3.4534147920980645,0.7990449438951314,0.20095505610486863,0.2193670543684068,3696,3.4536149387997312,0.7990912534813328,0.2009087465186672,0.21942640692640691
23,T,0.3507982711475699,0.3507982711475699,0.6492017288524301,7906276,-2287970.0,3977,3.673194759290725,0.8498972399924796,0.15010276000752043,0.15388483781745033,3976,3.673439256231186,0.8499538112576865,0.15004618874231346,0.15367203219315895
24,T,0.38114139543089,0.38114139543089,0.61885860456911,9333360,-1382235.0,4321,3.6263483774595953,0.839058007871393,0.16094199212860705,0.20111085396898867,4320,3.6264979331930793,0.8390926118097743,0.16090738819022565,0.2011574074074074
25,K,0.42154008997089176,0.42154008997089176,0.5784599100291082,11417031,1398956.0,4779,3.278253346046781,0.7585164014933058,0.2414835985066942,0.2730696798493409,4778,3.278225065410847,0.7585098579702964,0.24149014202970365,0.2731268313101716
26,L,0.472435388550763,0.472435388550763,0.527564611449237,14340690,668554.0,5356,3.0281264388399576,0.7006424846406141,0.29935751535938593,0.296303211351755,5355,3.02779450976898,0.7005656834852756,0.2994343165147244,0.29635854341736695
27,R,0.5198906236217694,0.5198906236217694,0.4801093763782306,17366671,14579001.0,5894,2.7111942253696233,0.6273112753950808,0.3726887246049192,0.3710553104852392,5893,2.7114115498044487,0.6273615595344867,0.3726384404655133,0.370948583064653
28,N,0.5477639587192379,0.5476757519626003,0.4522360412807621,19272736,8061265.0,6209,2.807426885461728,0.6495774163348025,0.3504225836651975,0.3401513931389918,6208,2.8073849643387794,0.6495677167002809,0.3504322832997191,0.3402061855670103
29,V,0.5611713857281467,0.5611713857281467,0.4388286142718532,20234341,43189203.0,6362,1.928008504027821,0.4460991626187775,0.5539008373812224,0.5925809493869852,6361,1.9281929113049106,0.4461418304450442,0.5538581695549558,0.5925168998585129
30,M,0.5696392343653524,0.5696392343653524,0.4303607656346476,20849653,13469412.0,6458,2.3345058417629034,0.54015379027812,0.45984620972187995,0.38014865283369464,6457,2.3341322375914135,0.5400673464124917,0.45993265358750834,0.3802075267151928
31,Y,0.5839287289406369,0.5838405221839993,0.41607127105936315,21902271,149662216.0,6619,0.15044105565521643,0.03480878264337186,0.9651912173566282,0.9847408974165281,6618,0.15046043544488522,0.03481326670447683,0.9651867332955232,0.9847385917195527
32,Y,0.5740495721972303,0.5740495721972303,0.4259504278027697,21173778,68227908.0,6508,1.8670867175620942,0.4320031885238373,0.5679968114761627,0.47894898586355256,6507,1.8671475917682294,0.43201727348888036,0.5679827265111197,0.4790225910557861
33,G,0.5594954573520332,0.5594954573520332,0.44050454264796685,20113653,2508089.0,6343,2.9459924059437093,0.6816384588694753,0.31836154113052473,0.31924956645120606,6342,2.945979745842539,0.6816355295978881,0.3183644704021119,0.3192999053926206
34,D,0.549351680338714,0.549351680338714,0.45064831966128605,19390878,21277115.0,6228,2.7517923708234466,0.6367048017477864,0.36329519825221357,0.3386319845857418,6227,2.7516383088732685,0.6366691551690383,0.3633308448309617,0.33868636582624057
35,W,0.5472347181794125,0.5472347181794125,0.45276528182058745,19241706,195476330.0,6204,0.3490630136921019,0.08076557638823909,0.9192344236117609,0.9632495164410058,6203,0.34911057778026944,0.08077658168196986,0.9192234183180301,0.9632435918104143
36,S,0.5338272911705036,0.5337390844138661,0.46617270882949635,18304275,17271115.0,6051,2.5277643926684767,0.584869608464496,0.415130391535504,0.2885473475458602,6050,2.5278808033177427,0.5848965433525158,0.41510345664748416,0.28859504132231406
37,I,0.5290641263120756,0.5290641263120756,0.4709358736879245,17985003,3859803.0,5998,2.998903523191142,0.6938809386344728,0.30611906136552725,0.3769589863287763,5997,2.999168853219196,0.6939423302222615,0.3060576697777385,0.37685509421377356
38,W,0.5228896533474464,0.5228896533474464,0.4771103466525536,17567628,73225012.0,5928,1.5151804591585802,0.35057974725469576,0.6494202527453042,0.7839068825910931,5927,1.5147559288980685,0.3504815202015863,0.6495184797984137,0.7840391429053484
39,G,0.44809032371879687,0.44809032371879687,0.5519096762812031,12900660,4775993.0,5080,2.713656294837115,0.6278809446291442,0.37211905537085577,0.33070866141732286,5079,2.713869719631819,0.6279303264767868,0.3720696735232132,0.33077377436503247
40,G,0.3395078062979624,0.3394195995413249,0.6604921937020376,7401628,5953214.0,3848,2.6748646266708462,0.6189053977633466,0.38109460223665337,0.5018191268191268,3847,2.675301309239686,0.6190064365958429,0.38099356340415713,0.501689628281778
41,Q,0.41351327511687397,0.41351327511687397,0.586486724883126,10986328,-4392576.0,4688,3.8573906350562126,0.8925161525984951,0.10748384740150485,0.14419795221843004,4687,3.857592196296763,0.892562789478176,0.10743721052182398,0.14422871772989118
42,G,0.5506747816882773,0.5505865749316398,0.4493252183117227,19478161,4479421.0,6242,2.8487732354574122,0.6591440609174819,0.3408559390825181,0.37007369432874077,6241,2.848917832299763,0.6591775174764936,0.34082248252350644,0.3701329915077712
43,N,0.5551733262767928,0.5550851195201553,0.4448266737232072,19797778,7153671.0,6293,3.2285397164766048,0.7470137507136723,0.25298624928632774,0.26060702367710153,6292,3.2287322398393528,0.7470582964253364,0.2529417035746636,0.2606484424666243
44,F,0.5745788127370557,0.5745788127370557,0.42542118726294437,21212841,55629930.0,6514,2.2848596339192317,0.5286667394170933,0.4713332605829067,0.42155357691126805,6513,2.28501908356781,0.5287036325918703,0.47129636740812975,0.4214647627821281
45,Y,0.5940725059539561,0.5940725059539561,0.40592749404604395,22676745,-16078384.0,6735,3.915208303449998,0.9058939014005126,0.09410609859948738,0.12932442464736452,6734,3.915230233899603,0.9058989756287561,0.0941010243712439,0.12934362934362933
46,P,0.603069595130987,0.6029813883743494,0.396930404869013,23362030,23725037.0,6836,2.188180957981485,0.506297400127966,0.493702599872034,0.48171445289643067,6835,2.1883469151903987,0.5063357990104255,0.49366420098957453,0.48163862472567665
47,K,0.6029813883743494,0.6029813883743494,0.3970186116256505,23362030,5594366.0,6836,3.485474815171827,0.8064629347477991,0.19353706525220093,0.17071386775892336,6835,3.4855776710250623,0.8064867333513338,0.1935132666486662,0.1707388441843453
48,D,0.6081855870159654,0.6080973802593279,0.3918144129840346,23760171,34686029.0,6894,2.675161660406645,0.618974124898384,0.381025875101616,0.4516971279373368,6893,2.6753834016330895,0.6190254309871426,0.3809745690128574,0.45161758305527344
49,I,0.6109199964717298,0.6109199964717298,0.38908000352827027,23981275,56061969.0,6926,1.9709090478140479,0.4560254137836167,0.5439745862163833,0.543892578688998,6925,1.9710667684409147,0.4560619069004396,0.5439380930995604,0.5438267148014441
50,P,0.6178001234894593,0.6178001234894593,0.3821998765105407,24524506,29836425.0,7004,2.38457912557093,0.5517396572126627,0.4482603427873373,0.3899200456881782,7003,2.3847255868284267,0.5517735451567195,0.4482264548432805,0.38983292874482367
51,A,0.6210637734850489,0.6210637734850489,0.37893622651495107,24784320,4160927.0,7041,2.671317300845339,0.6180846238523453,0.3819153761476547,0.4287743218292856,7040,2.671523191641824,0.6181322624969421,0.3818677375030579,0.42869318181818183
52,D,0.6246802505071889,0.6245038369939138,0.37531974949281116,25059660,6067477.0,7080,3.4203190792457137,0.791387316992106,0.20861268300789404,0.228954802259887,7079,3.42050174778742,0.7914295825128865,0.20857041748711347,0.22884588218674953
53,K,0.6266207991532151,0.6266207991532151,0.3733792008467849,25229856,3810324.0,7104,2.9782663971000503,0.6891059572747633,0.3108940427252367,0.3565596846846847,7103,2.978476209661062,0.6891545033302288,0.31084549666977124,0.3564690975644094
54,L,0.6298844491488048,0.6298844491488048,0.3701155508511952,25493370,40817118.0,7141,2.018380806839249,0.4670093445624184,0.5329906554375816,0.5189749334827055,7140,2.018530950246663,0.4670440844757436,0.5329559155242565,0.5189075630252101
55,T,0.6321778248213813,0.6321778248213813,0.3678221751786187,25679361,95236762.0,7167,0.8558505119808355,0.19802516219399077,0.8019748378060092,0.8543323566345752,7166,0.8559382460971896,0.19804546195706593,0.801954538042934,0.8543120290259559
56,H,0.6328834788744818,0.6327952721178443,0.36711652112551824,25729551,124957382.0,7174,1.3527770373597114,0.3130031337078428,0.6869968662921573,0.8126568162810148,7173,1.3529239036629406,0.3130371153706573,0.6869628846293427,0.8126306984525303
57,L,0.6346476140072329,0.6346476140072329,0.36535238599276704,25880415,67434419.0,7195,1.737884048655254,0.4021085058567006,0.5978914941432993,0.4475330090340514,7194,1.7378959185334266,0.4021112522879026,0.5978887477120973,0.44759521823742004
58,N,0.6349122342771456,0.6349122342771456,0.3650877657228544,25902003,7115595.0,7198,2.432158289794431,0.5627484392143312,0.43725156078566885,0.4309530425118088,7197,2.4323274753614483,0.56278758506852,0.43721241493148,0.43087397526747256
59,F,0.6357060950868837,0.6357060950868837,0.36429390491311636,25966821,142951831.0,7207,0.9413096687435427,0.21779854918388572,0.7822014508161143,0.8318301651172472,7206,0.9410060122606531,0.2177282896894603,0.7822717103105397,0.8319456008881487
60,A,0.636235335626709,0.636235335626709,0.36376466437329097,26010078,65119278.0,7213,1.2426620126199832,0.2875249160415218,0.7124750839584781,0.7364480798558158,7212,1.242773116605332,0.28755062308312673,0.7124493769168733,0.7364115363283417
61,F,0.6364117491399841,0.6364117491399841,0.3635882508600159,26024505,151655284.0,7215,0.15073288130560206,0.034876304740912266,0.9651236952590877,0.9862785862785863,7214,0.15075101252352946,0.03488049990971872,0.9651195000902812,0.9862766842251178
62,M,0.6346476140072329,0.6346476140072329,0.36535238599276704,25880415,17130863.0,7195,2.508583072031605,0.5804314687694921,0.41956853123050786,0.5079916608756081,7194,2.5082417495643883,0.5803524941869163,0.41964750581308374,0.50806227411732
63,D,0.6335009261709447,0.6334127194143071,0.36649907382905533,25779790,1447349.0,7181,3.393998420185871,0.7852972899296523,0.2147027100703477,0.2934131736526946,7180,3.3940862435457833,0.7853176103417425,0.21468238965825748,0.2934540389972145
64,F,0.6327952721178443,0.6327952721178443,0.36720472788215575,25729551,44932848.0,7174,2.34234092232674,0.5419666572189433,0.4580333427810567,0.3737106216894341,7173,2.3420252946365174,0.5418936278479559,0.4581063721520441,0.37376272131604626
65,N,0.5721972303078415,0.5721972303078415,0.4278027696921584,21037341,2451652.0,6487,3.396771665110051,0.7859389583848634,0.21406104161513662,0.21997841837521195,6486,3.3969256237978467,0.785974581070946,0.21402541892905402,0.22001233425840272
66,S,0.606686072153127,0.6065978653964894,0.3933139278468731,23643126,-2458093.0,6877,3.4588453234003476,0.8003014505243617,0.19969854947563825,0.22015413697833358,6876,3.4589268812277614,0.800320321228738,0.19967967877126203,0.22018615474112857
67,S,0.6089794478257035,0.6089794478257035,0.39102055217429654,23829156,27270249.0,6904,2.770758620889352,0.6410931787983769,0.3589068212016231,0.3515353418308227,6903,2.7706631118314236,0.6410710800832128,0.3589289199167872,0.35158626684050415
68,G,0.5893093410955279,0.5893093410955279,0.4106906589044721,22314540,31514052.0,6681,2.374259047231363,0.5493518159267851,0.45064818407321494,0.6106870229007634,6680,2.374507953713496,0.5494094074638648,0.4505905925361352,0.61062874251497
69,E,0.5911616829849167,0.5910734762282791,0.40883831701508333,22448350,-927789.0,6701,3.557886900207287,0.8232175135944764,0.17678248640552363,0.23086106551261007,6700,3.558102217364672,0.8232673332936148,0.1767326667063852,0.2307462686567164
70,L,0.590103201905266,0.590103201905266,0.40989679809473406,22374705,15979277.0,6690,2.9747572272139093,0.688294011816834,0.31170598818316597,0.31868460388639763,6689,2.974835016285703,0.6883120105132691,0.31168798948673093,0.31873224697264163
71,I,0.5696392343653524,0.5696392343653524,0.4303607656346476,20849653,-14461108.0,6458,3.927396785506472,0.9087140505998694,0.09128594940013057,0.15995664292350573,6457,3.927469812484235,0.9087309474514966,0.09126905254850337,0.15998141551804243
72,Y,0.5589662168122078,0.5589662168122078,0.4410337831877922,20075616,-6920074.0,6337,3.5143044118135633,0.8131334753048807,0.18686652469511933,0.2636894429540792,6336,3.5139265594992555,0.8130460485115578,0.18695395148844218,0.2637310606060606
73,C,0.5490870600688013,0.5490870600688013,0.45091293993119874,19372200,-14477863.0,6225,3.703016796058152,0.8567974095725115,0.1432025904274885,0.2228112449799197,6224,3.7024503241889395,0.8566663403236079,0.1433336596763921,0.22284704370179947
74,D,0.5408838317015083,0.5408838317015083,0.45911616829849167,18797646,62550962.0,6132,1.6387574417307604,0.3791727686699215,0.6208272313300784,0.7728310502283106,6131,1.638964087925972,0.3792205820973258,0.6207794179026742,0.7727939977165226
75,K,0.5293287465819881,0.5293287465819881,0.4706712534180118,18003000,-85148.0,6001,3.3945653459410763,0.7854284641978859,0.21457153580211408,0.266122312947842,6000,3.3944987216650455,0.7854130487919448,0.21458695120805515,0.26616666666666666
76,D,0.5141571844403281,0.5141571844403281,0.48584281555967185,16985706,10471216.0,5829,3.2024095161706825,0.7409677916573814,0.25903220834261864,0.3602676273803397,5828,3.2023880083921865,0.7409628152260239,0.2590371847739761,0.36032944406314343
77,A,0.5030431331039957,0.5030431331039957,0.4969568668960042,16259253,12278254.0,5703,2.6750494371126305,0.61894815887314,0.38105184112685997,0.5663685779414344,5702,2.675374720471432,0.61902342235547,0.38097657764452997,0.566292528937215
78,A,0.4902531533915498,0.4902531533915498,0.5097468466084502,15442903,32171109.0,5558,1.8925772175489535,0.43790113486334564,0.5620988651366543,0.6581504138179202,5557,1.8924563080968928,0.4378731590503737,0.5621268409496263,0.6582688500989743
79,I,0.46987739260827377,0.46987739260827377,0.5301226073917262,14185801,-2814249.0,5327,3.4868957896939885,0.8067917172936824,0.19320828270631762,0.17946311244602967,5326,3.4869546925710204,0.80680534613612,0.19319465386388002,0.17949680811115284
80,G,0.4465026020993208,0.4465026020993208,0.5534973979006792,12809391,2931550.0,5062,3.3200446966026744,0.7681860095104616,0.23181399048953844,0.21671276175424734,5061,3.3201051324775053,0.7681999930551906,0.2318000069448094,0.21675558190081012
81,H,0.4212754697009791,0.4212754697009791,0.5787245302990209,11402700,-2112670.0,4776,3.540518512336374,0.8191988470434389,0.18080115295656107,0.3249581239530988,4775,3.5402944506949177,0.8191470040612011,0.1808529959387989,0.3250261780104712
82,P,0.4046925994531181,0.4046925994531181,0.5953074005468819,10522578,-4514604.0,4588,3.6845068491720427,0.8525146111363215,0.14748538886367846,0.22755013077593722,4587,3.68484437462209,0.8525927071718493,0.14740729282815068,0.22738173097885328
83,L,0.4017817764840787,0.4017817764840787,0.5982182235159214,10371735,5378714.0,4555,3.2674848803066885,0.7560248131318911,0.24397518686810893,0.2994511525795829,4554,3.267332640523852,0.7559895881629666,0.24401041183703343,0.2995169082125604
84,G,0.40292846432036694,0.40292846432036694,0.5970715356796331,10431028,-698615.0,4568,3.1611254140186946,0.7314155498695495,0.2685844501304505,0.3115148861646235,4567,3.161449072724819,0.7314904374426461,0.2685095625573539,0.31136413400481716
85,N,0.3681750022051689,0.36808679544853135,0.631824997794831,8704878,284897.0,4173,3.3258304807176557,0.769524713900714,0.23047528609928603,0.25065899832254973,4172,3.325724746483169,0.7695002493024687,0.23049975069753126,0.25071907957814
86,L,0.3790244332715886,0.37893622651495107,0.6209755667284114,9225660,-5463932.0,4296,3.8128581889047255,0.8822123147803308,0.1177876852196692,0.17690875232774675,4295,3.8127979855043725,0.882198385025131,0.11780161497486896,0.1769499417927823
87,G,0.40963217782482136,0.4095439710681838,0.5903678221751786,10776403,-6766510.0,4643,3.5970573035879325,0.8322806915374371,0.1677193084625629,0.2537152702993754,4642,3.5974058349133737,0.8323613340927479,0.16763866590725207,0.25355450236966826
88,V,0.4323013142806739,0.4321249007673988,0.5676986857193261,11997651,-4956570.0,4899,3.545670210526208,0.820390837765341,0.17960916223465895,0.2906715656256379,4898,3.545788364146923,0.8204181759389806,0.1795818240610194,0.2907309105757452
89,T,0.43926964805504104,0.43926964805504104,0.560730351944959,12397710,-2325479.0,4980,3.5685726375093685,0.8256899603977266,0.17431003960227343,0.19698795180722892,4979,3.568818502387218,0.8257468481738421,0.17425315182615786,0.1968266720224945
90,Y,0.45276528182058745,0.4526770750639499,0.5472347181794125,13166146,-4197172.0,5132,3.5842143091510095,0.8293091024330012,0.17069089756699884,0.284489477786438,5131,3.5843091571724677,0.8293310481987279,0.17066895180127206,0.2845449230169558
91,G,0.46952456558172356,0.46952456558172356,0.5304754344182765,14164503,693131.0,5323,3.3004266896229253,0.7636468301097314,0.23635316989026856,0.2962615066691715,5322,3.3007170030000212,0.7637140023001804,0.23628599769981962,0.2961292747087561
92,D,0.49395783717032726,0.4938696304136897,0.5060421628296727,15671601,-1003907.0,5599,3.494698442262099,0.8085970811027983,0.19140291889720173,0.27576352920164315,5598,3.494990665120739,0.8086646951056747,0.19133530489432526,0.2756341550553769
93,V,0.5094822263385376,0.5094822263385376,0.4905177736614625,16678200,-10103065.0,5776,3.555953103079446,0.8227700750704231,0.1772299249295769,0.22229916897506924,5775,3.5559756734182932,0.822775297355096,0.17722470264490398,0.22233766233766233
94,N,0.5309164682014642,0.5309164682014642,0.4690835317985358,18111171,-15056061.0,6019,3.609491997025934,0.8351578086863113,0.1648421913136887,0.21382289416846653,6018,3.6094427380614857,0.8351464112351352,0.16485358876486478,0.21385842472582253
95,G,0.5686689600423392,0.5686689600423392,0.43133103995766076,20778681,-12226205.0,6447,3.771365487754329,0.8726118077289802,0.12738819227101983,0.16302156041569724,6446,3.7713212924726163,0.8726015819036674,0.12739841809633257,0.16304685076016134
96,G,0.5901914086619034,0.5901914086619034,0.4098085913380965,22381395,49742108.0,6691,2.0393060555878466,0.47185099122779245,0.5281490087722076,0.6907786578986699,6690,2.0395311009100645,0.47190306181232716,0.5280969381876728,0.6907324364723468
97,I,0.6204463261885861,0.6204463261885861,0.37955367381141397,24735061,-4376223.0,7034,3.2646505352704556,0.7553690074419293,0.24463099255807075,0.3667898777367074,7033,3.264414432715876,0.7553143784547283,0.24468562154527174,0.36684203042798236
98,L,0.6477022139895916,0.6477022139895916,0.3522977860104084,26956153,45388550.0,7343,2.4064421185994025,0.556798277473915,0.44320172252608503,0.3809069862454038,7342,2.406474673776979,0.5568058100327317,0.44319418996726834,0.38095886679378915
99,N,0.6535238599276705,0.6535238599276705,0.3464761400723295,27442936,4205381.0,7409,3.36103304690208,0.7776698207631042,0.2223301792368958,0.22594142259414227,7408,3.3611598194489987,0.777699153168488,0.22230084683151197,0.2259719222462203
100,A,0.6593455058657494,0.6593455058657494,0.3406544941342507,27934075,24335917.0,7475,2.961556838396477,0.6852397294392425,0.3147602705607575,0.402943143812709,7474,2.961542640696725,0.6852364444008429,0.31476355559915714,0.40299705646240297
101,F,0.6667548734233042,0.6667548734233042,0.33324512657669575,28565461,49294508.0,7559,2.0914944298186056,0.48392624400501827,0.5160737559949817,0.5487498346342109,7558,2.0914697609384865,0.48392053616361563,0.5160794638363844,0.5488224397988886
102,Q,0.6685190085560554,0.6685190085560554,0.3314809914439446,28716831,-14019544.0,7579,3.740092309800991,0.8653758756943096,0.13462412430569037,0.17152658662092624,7578,3.7401091158204283,0.8653797642410574,0.13462023575894255,0.1715492214304566
103,V,0.6700185234188939,0.6699303166622563,0.3299814765811061,28838215,-11468306.0,7595,3.5356159268077842,0.818064495563971,0.18193550443602902,0.17156023699802503,7594,3.535312361069526,0.8179942570658763,0.18200574293412375,0.17158282854885437
104,L,0.6725765193613831,0.6724001058481079,0.3274234806386169,29051253,72914337.0,7623,1.4678091779575266,0.33961906485530746,0.6603809351446925,0.7890594254230617,7622,1.4679569068659148,0.3396532461061624,0.6603467538938377,0.7890317501967987
105,K,0.676986857193261,0.6768986504366235,0.323013142806739,29441301,113370652.0,7674,0.9727519497766519,0.2250736079869935,0.7749263920130065,0.8193901485535575,7673,0.9728412699488417,0.2250942747288339,0.7749057252711661,0.8193666101915809
106,S,0.684572638264091,0.684572638264091,0.31542736173590896,30112680,12921679.0,7761,3.1812876627573816,0.7360806549559894,0.2639193450440106,0.26401236954000773,7760,3.181176107969684,0.7360548436085426,0.26394515639145744,0.2640463917525773
107,E,0.6895122166357943,0.6895122166357943,0.3104877833642057,30548836,8257695.0,7817,3.378772665330389,0.7817743819771824,0.2182256180228176,0.2692848919022643,7816,3.3786546564127207,0.7817470772846753,0.2182529227153247,0.2693193449334698
108,N,0.691188145011908,0.6910999382552704,0.3088118549880921,30689695,54437190.0,7835,2.2418802502024797,0.5187222464100035,0.48127775358999647,0.5234205488194001,7834,2.2420471941494537,0.5187608736021523,0.4812391263978477,0.523359714066888
109,P,0.6909235247419953,0.6909235247419953,0.30907647525800475,30674028,92620577.0,7833,1.5721791833774956,0.3637680102168543,0.6362319897831457,0.7153070343418869,7832,1.5723181998562474,0.3638001756013076,0.6361998243986924,0.715270684371808
110,N,0.7017729558084149,0.7017729558084149,0.2982270441915851,31644990,23286145.0,7956,3.088256533330886,0.7145552784610526,0.2854447215389474,0.2645801910507793,7955,3.0884035831642196,0.7145893025887348,0.28541069741126524,0.264487743557511
111,L,0.7048601922907295,0.7048601922907295,0.2951398077092705,31924045,83577100.0,7991,1.4562069707562786,0.3369345668843734,0.6630654331156266,0.7408334376173195,7990,1.456335055425844,0.3369642028863506,0.6630357971136494,0.7408010012515645
112,K,0.7073299814765811,0.7072417747199435,0.2926700185234189,32140153,108804466.0,8018,1.3364162561542057,0.3092176053866151,0.6907823946133849,0.7910950361686206,8017,1.3365407809666314,0.3092464177152082,0.6907535822847918,0.7910689784208557
113,I,0.7088294963394196,0.708741289582782,0.2911705036605804,32276595,45815692.0,8035,2.305865805143095,0.5335271097801988,0.4664728902198012,0.37274424393279404,8034,2.3058694815870715,0.5335279604292368,0.4664720395707632,0.372790639780931
114,G,0.7118285260650966,0.7118285260650966,0.2881714739349034,32558415,41124448.0,8070,2.4520642055813933,0.5673542344404271,0.4326457655595729,0.5456009913258983,8069,2.4518088290243454,0.5672951458689744,0.43270485413102555,0.5456686082538109
115,V,0.7140336949810355,0.713945488224398,0.2859663050189645,32752371,61673882.0,8094,2.153578244681321,0.4982910861540947,0.5017089138459053,0.3968371633308624,8093,2.153480877176144,0.4982685574347269,0.501731442565273,0.39688619794884467
116,S,0.7154450030872365,0.7153567963305989,0.28455499691276354,32881995,91868852.0,8110,0.9841733056480019,0.22771626090036817,0.7722837390996318,0.7527743526510481,8109,0.9842441446506189,0.22773265150221575,0.7722673484977842,0.7527438648415341
117,L,0.7166798976801623,0.7165916909235247,0.2833201023198377,32995626,88018937.0,8124,1.7833664752486573,0.4126321484520522,0.5873678515479478,0.4208517971442639,8123,1.783271760248505,0.41261023346455755,0.5873897665354424,0.42090360704173335
118,G,0.7167681044367998,0.7166798976801623,0.28323189556320016,33003750,192759581.0,8125,0.12199103901083352,0.028226068627829136,0.9717739313721708,0.9890461538461538,8124,0.12200409905597201,0.028229090437737064,0.971770909562263,0.9890448055145249
119,G,0.7191496868660139,0.7190614801093764,0.28085031313398606,33223476,196376492.0,8152,0.07583102183570038,0.017545646334423036,0.982454353665577,0.9936211972522081,8151,0.07583919240498228,0.01754753682614398,0.982452463173856,0.9936204146730463
120,W,0.7166798976801623,0.7165916909235247,0.2833201023198377,32995626,286648025.0,8124,0.7386340306081848,0.17090382218111264,0.8290961778188873,0.9016494337764648,8123,0.7387065731250326,0.17092060693903902,0.829079393060961,0.9016373261110427
121,S,0.6898650436623446,0.689776836905707,0.3101349563376555,30572290,36794059.0,7820,2.433183920090529,0.5629857477196049,0.43701425228039514,0.43043478260869567,7819,2.4331751335982412,0.5629837147167194,0.4370162852832806,0.43048983245939376
122,K,0.7163270706536121,0.7162388638969746,0.28367292934638794,32963140,-15866526.0,8120,3.304390433334731,0.7645639540471924,0.23543604595280765,0.2777093596059113,8119,3.3042104606419653,0.7645223122871226,0.23547768771287736,0.27774356447838405
123,S,0.722942577401429,0.7228543706447914,0.277057422598571,33574915,75388583.0,8195,1.6783784096104408,0.38834019742158216,0.6116598025784179,0.7338621110433191,8194,1.6785287546682022,0.3883749839924044,0.6116250160075956,0.7338296314376372
124,G,0.7248831260474552,0.7247949192908176,0.27511687395254475,33755436,-4335276.0,8217,3.487069810702585,0.8068319819637038,0.19316801803629624,0.2044541803577948,8216,3.4872154506257806,0.8068656798688975,0.19313432013110254,0.20435735150925025
125,D,0.7137690747111228,0.7137690747111228,0.2862309252888771,32736186,-12971509.0,8092,3.6688068681742885,0.8488819775864189,0.15111802241358108,0.19315373208106773,8091,3.668732605668966,0.8488647948606326,0.1511352051393674,0.1931776047460141
126,F,0.7322924936050101,0.7322924936050101,0.26770750639498986,34457451,159364792.0,8302,1.0043006579911267,0.23237329172115728,0.7676267082788427,0.8403999036376777,8301,1.004391422002365,0.23239429253589686,0.7676057074641032,0.8403806770268643
127,S,0.7319396665784599,0.7319396665784599,0.26806033342154006,34424253,45433636.0,8298,2.2368731188468005,0.5175637053038703,0.4824362946961297,0.6247288503253796,8297,2.2370609123813145,0.5176071566363291,0.48239284336367094,0.6246836205857539
128,T,0.7289406368527829,0.7289406368527829,0.27105936314721707,34142716,-1078809.0,8264,3.54213143039882,0.8195720411427008,0.18042795885729923,0.27311229428848016,8263,3.5421249426318986,0.8195705400147831,0.18042945998521687,0.2731453467263706
129,I,0.725941607127106,0.725941607127106,0.2740583928728941,33862335,26749173.0,8230,2.661632304496886,0.6158437267027814,0.3841562732972186,0.2835965978128797,8229,2.661515622865687,0.6158167291154462,0.38418327088455384,0.2836310608822457
130,A,0.7356443503572374,0.7356443503572374,0.26435564964276265,34773630,58380911.0,8340,1.7573098198554398,0.4066032060862499,0.5933967939137501,0.6459232613908873,8339,1.7574449316294896,0.4066344680071064,0.5933655319928937,0.6458808010552824
131,A,0.7392608273793773,0.7391726206227397,0.26073917262062274,35108010,11185240.0,8380,2.9310603685753827,0.6781835107443571,0.3218164892556429,0.3443914081145585,8379,2.9312266196234225,0.6782219776147885,0.32177802238521147,0.34431316386203603
132,T,0.7369674517068008,0.7369674517068008,0.2630325482931993,34898835,52562638.0,8355,2.1975970807331433,0.5084760857851377,0.4915239142148623,0.4823459006582885,8354,2.197734217963528,0.5085078163524618,0.4914921836475382,0.482283935839119
133,P,0.7441121989944429,0.7440239922378055,0.255887801005557,35570395,13680848.0,8435,2.955962738185311,0.6839453765281462,0.31605462347185376,0.3071724955542383,8434,2.9561112905644977,0.6839797483122031,0.3160202516877969,0.3070903485890443
134,S,0.7467584016935698,0.7466701949369322,0.2532415983064303,35823880,12332658.0,8465,3.084863925129073,0.713770302837366,0.286229697162634,0.3149438865918488,8464,3.084831644777904,0.7137628338673923,0.28623716613260775,0.31498109640831756
135,I,0.7475522625033078,0.7474640557466702,0.25244773749669225,35900101,5387310.0,8474,3.1641802077929726,0.7321223625946135,0.2678776374053865,0.256431437337739,8473,3.16371216633617,0.7320140679986538,0.26798593200134624,0.25646170187654904
136,R,0.7500220516891594,0.7499338449325218,0.2499779483108406,36137751,143085226.0,8502,0.6438668119681616,0.14897675246606387,0.8510232475339361,0.9184897671136203,8501,0.6439281217947022,0.14899093822417794,0.851009061775822,0.9184801788024938
137,A,0.7513451530387227,0.7511687395254476,0.24865484696127724,36256870,13335217.0,8516,3.2288488910769235,0.7470852869802483,0.25291471301975166,0.20831376232973225,8515,3.2289622624169985,0.7471115186383385,0.25288848136166153,0.20822078684674106
138,K,0.7524036341183735,0.752315427361736,0.24759636588162653,36367656,163217.0,8529,3.3297095081576598,0.7704222363385799,0.22957776366142013,0.2003751905264392,8528,3.3298124133661258,0.7704460463618396,0.22955395363816045,0.2003986866791745
139,F,0.7545205962776749,0.7544323895210373,0.24547940372232513,36572628,167486204.0,8553,0.7745021584072587,0.17920292550064826,0.8207970744993518,0.8720916637437156,8552,0.7745696328546783,0.17921853761772613,0.8207814623822739,0.8720767072029935
140,V,0.7553144570874128,0.7552262503307753,0.2446855429125871,36649641,53149454.0,8562,1.9206556977353206,0.44439788343710895,0.555602116562891,0.3992057930390096,8561,1.920697933287582,0.44440765582372305,0.5555923441762769,0.39925242378226844
141,E,0.7556672841139631,0.7555790773573255,0.24433271588603686,36683895,12162909.0,8566,3.3820525020597008,0.7825332647390663,0.21746673526093374,0.1434742003268737,8565,3.382050628699016,0.7825328312842184,0.21746716871578164,0.14349095154699357
142,N,0.7568139719502514,0.7567257651936138,0.24318602804974862,36795331,86846198.0,8579,1.624551992623133,0.3758859372382668,0.6241140627617332,0.7096398181606248,8578,1.6243828221082814,0.3758467948668211,0.6241532051331788,0.7097225460480299
143,V,0.7568139719502514,0.7567257651936138,0.24318602804974862,36795331,32753688.0,8579,2.5450756035516378,0.5888750455062736,0.41112495449372644,0.3169367059097797,8578,2.5450988301404873,0.5888804196328994,0.4111195803671006,0.3169736535322919
144,M,0.7586663138396401,0.7585781070830026,0.24133368616035988,36975700,56398602.0,8600,2.5048529192859825,0.579568392692397,0.420431607307603,0.41267441860465115,8599,2.5045826095442587,0.5795058489073573,0.42049415109264265,0.4127224095825096
145,K,0.7596365881626532,0.7595483814060157,0.24036341183734675,37070355,16751058.0,8611,3.2406285966922526,0.7498108542170712,0.25018914578292883,0.23748693531529438,8610,3.2406824808055226,0.7498233218269174,0.25017667817308264,0.23751451800232287
146,F,0.7590191408661904,0.7589309341095528,0.24098085913380965,37010106,61846624.0,8604,2.339275683633444,0.5412574277671803,0.45874257223281967,0.46594607159460716,8603,2.339419518861996,0.5412907081053521,0.45870929189464793,0.4658839939555969
147,I,0.7584016935697274,0.7583134868130899,0.24159830643027255,36949906,52446297.0,8597,2.665311893147308,0.6166951033498791,0.3833048966501209,0.3369780155868326,8596,2.665333192230051,0.6167000314935861,0.3832999685064139,0.3370172173103769
148,K,0.752491840875011,0.7522272206050984,0.24750815912498897,36359128,1593022.0,8528,3.3628732421373955,0.7780956018485167,0.22190439815148333,0.2517589118198874,8527,3.3629849900158275,0.7781214578729526,0.22187854212704738,0.2517884367303858
149,Y,0.7578724530299021,0.757696039516627,0.24212754697009792,36889755,11677925.0,8590,3.331139264759368,0.7707530508663365,0.2292469491336635,0.24225844004656577,8589,3.3309757923643977,0.7707152269156873,0.22928477308431272,0.2422866457096286
150,T,0.7583134868130899,0.7582252800564523,0.24168651318691012,36941310,31087145.0,8596,2.9381723423186754,0.6798290665211193,0.3201709334788807,0.3879711493718008,8595,2.9379082227478497,0.6797679550067611,0.3202320449932389,0.38801628853984876
151,N,0.7595483814060157,0.7593719678927405,0.2404516185939843,37053136,34816470.0,8609,2.6594033130408112,0.6153279866425265,0.3846720133574735,0.4276919502845859,8608,2.659453791992743,0.6153396663722267,0.3846603336277733,0.4277416356877323
152,M,0.7645761665343566,0.764487959777719,0.23542383346564347,37554111,115081557.0,8667,1.4867563794385663,0.3440030344783684,0.6559969655216316,0.6928579670012692,8666,1.486357998285397,0.3439108577589915,0.6560891422410084,0.6929379183014078
153,D,0.7666931286936579,0.7666049219370203,0.23330687130634206,37762395,203177873.0,8691,0.45816629564043077,0.10600969881530882,0.8939903011846911,0.9455758830974571,8690,0.4582097279377011,0.10601974810264465,0.8939802518973553,0.9455696202531646
154,F,0.7683690570697715,0.768280850313134,0.23163094293022846,37927695,199288023.0,8710,0.3482877350408449,0.08058619379921034,0.9194138062007897,0.9554535017221585,8709,0.34774949652334214,0.08046165713277678,0.9195383428672232,0.9555632104719256
155,V,0.7748081503043133,0.7747199435476757,0.2251918496956867,38566153,87117724.0,8783,1.9656127689377472,0.45479997024082247,0.5452000297591775,0.39565068883069565,8782,1.965602279547212,0.4547975432243833,0.5452024567756166,0.3956957412890002
156,D,0.7776307665167151,0.7775425597600776,0.22236923348328483,38847705,222866837.0,8815,0.23073930134939782,0.053388047251954875,0.9466119527480451,0.9753828701077708,8814,0.23076140003066176,0.05339316040533891,0.9466068395946611,0.9753800771499886
157,I,0.779659521919379,0.7795713151627415,0.220340478080621,39050703,100243552.0,8838,1.7302484956744546,0.4003418052515166,0.5996581947484834,0.5139171758316361,8837,1.730335604315821,0.4003619602933067,0.5996380397066934,0.5138621704198257
158,D,0.7801887624592043,0.7800123489459293,0.21981123754079562,39094903,225598413.0,8843,0.18064132939288527,0.04179646801772927,0.9582035319822707,0.9828112631459912,8842,0.18065893018444967,0.041800540457431645,0.9581994595425684,0.9828093191585614
159,W,0.7811590367822175,0.7809826232689424,0.21884096321778249,39192231,394251212.0,8854,0.35559008111096524,0.08227579758478896,0.917724202415211,0.9489496272871019,8853,0.35562170757772993,0.08228311526015754,0.9177168847398425,0.948943860838134
160,E,0.7820411043485931,0.7819528975919555,0.2179588956514069,39289680,188646775.0,8865,0.2113123535148082,0.04889307477483967,0.9511069252251603,0.9796954314720813,8864,0.2113328539530717,0.04889781812961407,0.951102181870386,0.9796931407942239
161,Y,0.7795713151627415,0.7794831084061039,0.22042868483725853,39041866,204870413.0,8837,1.1130175624486909,0.25752801481480875,0.7424719851851913,0.7856738712232658,8836,1.113104139834419,0.25754804693561856,0.7424519530643814,0.7856496152105025
162,P,0.7760430448972391,0.7758666313839641,0.22395695510276087,38680410,261795258.0,8796,0.1348169996277283,0.03119371647742369,0.9688062835225764,0.9870395634379263,8795,0.13483018845559866,0.031196768084850005,0.9688032319151499,0.9870380898237635
163,G,0.6909235247419953,0.6908353179853577,0.30907647525800475,30666196,12009247.0,7832,2.6198934305579455,0.6061862606314891,0.39381373936851094,0.41649642492339123,7831,2.6200666064479985,0.6062263297594918,0.39377367024050824,0.41642191291022856
164,D,0.5915145100114669,0.5914263032548294,0.4084854899885331,22475160,-6219308.0,6705,3.6414423802805262,0.8425504312735284,0.15744956872647164,0.22878448918717376,6704,3.641479195575305,0.8425589495306512,0.15744105046934875,0.22881861575178997
165,Y,0.48081503043133106,0.4806386169180559,0.519184969568669,14843076,-9895811.0,5449,3.6931615844486805,0.8545171283200007,0.1454828716799993,0.20645990089924757,5448,3.692702824516294,0.8544109812665758,0.14558901873342422,0.2064977973568282
166,R,0.4278027696921584,0.42771456293552085,0.5721972303078415,11753976,14801393.0,4849,2.463956606215574,0.5701058768493439,0.4298941231506561,0.5842441740565065,4848,2.4637003875285184,0.5700465934273548,0.42995340657264525,0.5843646864686468
167,E,0.37629002381582427,0.37620181705918676,0.6237099761841757,9092980,-3582752.0,4265,3.7044524845855937,0.857129596618645,0.14287040338135504,0.1615474794841735,4264,3.7047042679628968,0.8571878538065887,0.14281214619341132,0.16135084427767354
168,P,0.3009614536473494,0.3008732468907118,0.6990385463526506,5815755,3736596.0,3411,2.8770204601428278,0.6656798532919156,0.3343201467080844,0.42685429492817356,3410,2.877503906481183,0.6657917122418429,0.33420828775815714,0.42668621700879766
169,D,0.23842286319132044,0.2383346564346829,0.7615771368086796,3649051,1041803.0,2702,2.9000175857908546,0.6710008871321665,0.32899911286783345,0.34196891191709844,2701,2.900423261469632,0.6710947516458444,0.3289052483541556,0.34209552017771194
170,K,0.1892916997442004,0.18920349298756284,0.8107083002557995,2299440,767340.0,2145,3.218055361670757,0.7445878994325623,0.2554121005674377,0.4233100233100233,2144,3.217651732749252,0.7444945084939248,0.25550549150607516,0.42350746268656714
171,T,0.17526682543882863,0.1750904119255535,0.8247331745611713,1969120,-738604.0,1985,3.523129192370661,0.815175337261709,0.184824662738291,0.18639798488664988,1984,3.523581432142029,0.8152799756919278,0.18472002430807222,0.18649193548387097
172,D,0.12243097821293111,0.122254564699656,0.8775690217870689,959805,78437.0,1386,3.349028634488588,0.7748922612688377,0.2251077387311623,0.3297258297258297,1385,3.3502902290242194,0.7751841667582242,0.2248158332417758,0.3292418772563177
173,N,0.10496604039869455,0.10470142012878186,0.8950339596013055,703891,525704.0,1187,3.101856890032978,0.717702104693118,0.282297895306882,0.4085930918281382,1186,3.1033827864468675,0.7180551638788306,0.2819448361211694,0.40809443507588533
174,I,0.13830819440769163,0.13804357413777896,0.8616918055923084,1223830,-1001319.0,1565,3.9661874691138395,0.9176893696601877,0.08231063033981234,0.13354632587859425,1564,3.9662702591372225,0.9177085254678655,0.08229147453213448,0.1336317135549872
175,N,0.19440769162917879,0.19423127811590368,0.8055923083708212,2423301,-556275.0,2202,3.6582532018144107,0.8464400891217861,0.15355991087821386,0.19754768392370572,2201,3.658851654396731,0.8465785580109443,0.15342144198905572,0.19718309859154928
176,D,0.241510099673635,0.24124547940372232,0.758489900326365,3738745,-468571.0,2735,3.21137919979532,0.7430431810270584,0.25695681897294165,0.3630712979890311,2734,3.2116587987392373,0.7431078741311032,0.25689212586889676,0.3632040965618142
177,E,0.2767045955720208,0.2764399753021081,0.7232954044279792,4909411,-3765672.0,3134,3.7934335690252485,0.8777178809413099,0.12228211905869013,0.18315252074026803,3133,3.7936447638093798,0.8777667468130909,0.12223325318690914,0.1832109798914778
178,G,0.31666225632883477,0.3163976360589221,0.6833377436711652,6431491,-277317.0,3587,3.2113728203951144,0.7430417049728377,0.2569582950271623,0.3300808475048787,3586,3.211822306133389,0.7431457061798006,0.2568542938201994,0.32989403234802006
179,T,0.3622651495104525,0.3620005292405398,0.6377348504895475,8419356,-3063083.0,4104,3.4776859346827,0.8046607574977099,0.19533924250229007,0.2965399610136452,4103,3.4777851940539786,0.8046837239536758,0.19531627604632418,0.2966122349500366
180,P,0.4212754697009791,0.4210108494310664,0.5787245302990209,11388378,-2401554.0,4773,3.4078581139757516,0.7885041211136963,0.21149587888630372,0.3144772679656401,4772,3.4078313069555817,0.7884979185532692,0.21150208144673077,0.31454316848281644
181,N,0.4630854723471818,0.46282085207726914,0.5369145276528182,13762881,-8624417.0,5247,3.7042106341968783,0.8570736377078519,0.14292636229214806,0.23518200876691442,5246,3.7041613648888547,0.8570622378633979,0.14293776213660214,0.23522683949675943
182,A,0.538766869542207,0.5385904560289319,0.4612331304577931,18638565,-8681759.0,6106,3.4440349322568,0.7968746486853706,0.2031253513146294,0.29299050114641334,6105,3.444074230816893,0.7968837415159846,0.20311625848401538,0.29303849303849305
183,S,0.6146246802505072,0.6144482667372321,0.3853753197494928,24259095,7096132.0,6966,3.0642369537823284,0.7089976710642587,0.2910023289357413,0.35256962388745333,6965,3.0643559946592127,0.7090252145296451,0.29097478547035494,0.3526202440775305
184,A,0.7090059098526947,0.7089177030960572,0.29099409014730526,32292666,42985775.0,8037,2.5050543419438944,0.5796149975070746,0.42038500249292543,0.5256936667910912,8036,2.5050446771900727,0.5796127612936047,0.42038723870639527,0.5257590841214534
185,G,0.7280585692864073,0.7279703625297698,0.27194143071359267,34051878,21047227.0,8253,3.0490600415926847,0.7054860642405363,0.2945139357594637,0.3638676844783715,8252,3.0488389357853487,0.7054349051739157,0.2945650948260843,0.36391177896267574
186,D,0.7401428949457528,0.7399664814324777,0.25985710505424714,35183466,168009780.0,8389,0.7975780696568012,0.1845421886126006,0.8154578113873994,0.8818691143163667,8388,0.797651532103678,0.18455918622229328,0.8154408137777067,0.8818550309966618
187,K,0.7897150921760607,0.789450471906148,0.21028490782393933,40046775,28101812.0,8950,2.709573434847314,0.6269362597801226,0.3730637402198774,0.4587709497206704,8949,2.709750585845729,0.6269772486615953,0.3730227513384047,0.458710470443625
188,E,0.7934197759548381,0.7933315691982006,0.20658022404516185,40441521,14236173.0,8994,3.3466411176577546,0.7743398418906305,0.22566015810936946,0.21847898599066043,8993,3.3467592708529876,0.7743671799658227,0.22563282003417728,0.2185032803291449
189,N,0.8055923083708212,0.805415894857546,0.19440769162917879,41683015,129778607.0,9131,1.7554418939358565,0.40617100872466194,0.5938289912753381,0.7302595553608586,9130,1.7555844891107246,0.4062040021414281,0.5937959978585718,0.7302300109529025
190,Y,0.8164417394372409,0.8163535326806033,0.18355826056275912,42822885,154283091.0,9255,1.6178602443533483,0.3743376124806891,0.6256623875193109,0.5786061588330632,9254,1.6178499990348083,0.37433524193719203,0.625664758062808,0.5786686838124054
191,I,0.8192643556496427,0.8191761488930052,0.18073564435035724,43119541,48457203.0,9287,2.4738043426234513,0.5723844285030668,0.4276155714969332,0.4644126197911059,9286,2.4736662961960096,0.5723524875673522,0.42764751243264776,0.4644626319190179
192,L,0.820411043485931,0.8203228367292935,0.17958895651406898,43240350,772940.0,9300,2.9243019588094636,0.6766197619689174,0.3233802380310826,0.4325806451612903,9299,2.9244864131837893,0.6766624406924583,0.3233375593075417,0.43251962576621145
193,L,0.8234982799682455,0.823410073211608,0.17650172003175443,43566445,136816488.0,9335,0.8832669105433285,0.20436871950465618,0.7956312804953438,0.862560257096947,9334,0.883338685960803,0.20438532677250024,0.7956146732274998,0.862545532461967
194,L,0.8249095880744465,0.8247331745611713,0.1750904119255535,43706575,94350858.0,9350,1.9702652821814408,0.45587646044185043,0.5441235395581496,0.5806417112299466,9349,1.9703921331468692,0.45590581099156885,0.5440941890084312,0.5805968552786395
195,Q,0.8251742083443592,0.8249095880744465,0.17482579165564083,43725276,41764546.0,9352,2.850512587562772,0.6595465090996757,0.3404534909003243,0.28849443969204447,9351,2.8505986219249877,0.6595664155766755,0.3404335844233245,0.2885252914126831
196,D,0.8248213813178089,0.8246449678045338,0.17517861868219106,43697226,64215231.0,9349,2.326747878705622,0.5383587666481668,0.46164123335183316,0.5636966520483474,9348,2.3266238946287867,0.5383300794340085,0.46166992056599154,0.5637569533590073
197,L,0.8250860015877216,0.824997794831084,0.1749139984122784,43734628,76347121.0,9353,2.1369498739276604,0.49444364344135466,0.5055563565586454,0.5292419544531166,9352,2.137080207610557,0.4944737998160178,0.5055262001839822,0.5291916167664671
198,K,0.826409102937285,0.8263208961806474,0.173590897062715,43875028,156164124.0,9368,1.1190111780289238,0.2589148068781295,0.7410851931218705,0.840200683176772,9367,1.118712808566655,0.2588457706850883,0.7411542293149117,0.8402903811252269
199,E,0.8164417394372409,0.8163535326806033,0.18355826056275912,42822885,10565042.0,9255,3.375613527363787,0.7810434262793448,0.21895657372065525,0.22247433819556997,9254,3.3757439630581825,0.7810736062572463,0.2189263937427537,0.22239031770045387
200,A,0.8126488489018259,0.8124724353885507,0.18735115109817413,42416655,20570101.0,9211,2.8412788519628585,0.6574100238557781,0.34258997614422193,0.38084898490934754,9210,2.8414361204183676,0.6574464123500001,0.3425535876499999,0.3807817589576547
201,L,0.8010937637823057,0.8010055570256681,0.19890623621769427,41227740,95343588.0,9081,1.4289630648524874,0.33063092061686156,0.6693690793831384,0.6730536284550159,9080,1.4290575271699002,0.3306527771390755,0.6693472228609245,0.6730176211453744
202,N,0.75469700979095,0.7546088030343124,0.24530299020905003,36589735,88309525.0,8555,2.1692381919927977,0.5019144567812001,0.49808554321879994,0.6203389830508474,8554,2.1691320312130067,0.5018898934896644,0.4981101065103356,0.6204115033902268
203,K,0.722942577401429,0.7228543706447914,0.277057422598571,33574915,7889856.0,8195,3.1578125646460813,0.7306490287012467,0.2693509712987533,0.37901159243441124,8194,3.1578017548638053,0.7306465275531391,0.2693534724468609,0.37905784720527214
204,Q,0.693569727441122,0.6934815206844844,0.306430272558878,30901591,-11349990.0,7862,3.249970997227777,0.7519724821596037,0.24802751784039634,0.20669040956499618,7861,3.249985539868759,0.7519758470098887,0.24802415299011127,0.20671670270957893
205,G,0.6691364558525184,0.6690482490958808,0.3308635441474817,28762320,33713169.0,7585,2.440587564044193,0.5646987896284746,0.43530121037152536,0.4714568226763349,7584,2.4407663191191156,0.5647401496583034,0.43525985034169656,0.47138713080168776
206,K,0.631648584281556,0.6315603775249184,0.36835141571844404,25629220,-2225.0,7160,3.459641788501756,0.8004857351963697,0.19951426480363033,0.2473463687150838,7159,3.459792903914478,0.8005207000105463,0.19947929998945368,0.2473809191227825
207,E,0.631824997794831,0.6317367910381936,0.3681750022051689,25643541,2542093.0,7162,3.4840492290875664,0.8061330851869175,0.1938669148130825,0.17802289863166712,7161,3.4841879972442755,0.8061651931150603,0.1938348068849397,0.17790811339198437
208,L,0.6527299991179324,0.6526417923612948,0.34727000088206755,27368901,-8133424.0,7399,3.486813461976484,0.8067726684535127,0.1932273315464873,0.22651709690498717,7398,3.486788448250339,0.8067668808222528,0.19323311917774721,0.22654771559881048
209,G,0.7141219017376731,0.7140336949810355,0.2858780982623269,32760465,54284222.0,8095,2.3222152094326147,0.5373100057309342,0.46268999426906576,0.5930821494749846,8094,2.322408989753712,0.5373548422753753,0.46264515772462467,0.5930318754633062
210,K,0.7438475787245303,0.7437593719678928,0.2561524212754697,35545096,24190626.0,8432,2.997604867276941,0.6935804579495356,0.3064195420504644,0.33479601518026564,8431,2.9977731497020312,0.6936193948363591,0.30638060516364085,0.334717115407425
211,V,0.7666931286936579,0.7665167151803828,0.23330687130634206,37753705,-1069578.0,8690,3.5004469498384125,0.809927160514141,0.19007283948585896,0.1857307249712313,8689,3.499931800045562,0.8098079660755616,0.1901920339244384,0.18575210035677292
212,Y,0.812031401605363,0.8119431948487255,0.18796859839463703,42361410,84892665.0,9205,2.1779939721070662,0.5039403535388594,0.49605964646114065,0.5361216730038023,9204,2.1781328854624786,0.5039724950628187,0.4960275049371813,0.536071273359409
213,E,0.8316133015789009,0.8315250948222633,0.16838669842109905,44429451,10975571.0,9427,2.7076820614281525,0.6264986371779792,0.37350136282202084,0.49517343799724195,9426,2.7076895676536252,0.6265003739550166,0.37349962604498343,0.4952259707192871
214,L,0.8388462556231807,0.8387580488665431,0.16115374437681926,45205786,143005675.0,9509,1.019242427017559,0.23583049153993904,0.7641695084600609,0.8119676096329793,9508,1.0193180179873975,0.2358479816434713,0.7641520183565287,0.8119478334034498
215,S,0.8394637029196437,0.8393754961630061,0.16053629708035635,45272370,131506264.0,9516,1.1727245334306815,0.2713429070738033,0.7286570929261966,0.6486969314838167,9515,1.1726749958977782,0.2713314451679558,0.7286685548320442,0.6487651077246454
216,V,0.8395519096762812,0.8393754961630061,0.1604480903237188,45272370,37599634.0,9516,2.490330964175676,0.5762083286673881,0.42379167133261186,0.33112652374947454,9515,2.490301189333463,0.5762014394175997,0.4237985605824003,0.331161324224908
217,A,0.8399047367028314,0.8398165299461938,0.16009526329716856,45319960,133442264.0,9521,0.84511465827573,0.19554111954695885,0.8044588804530411,0.8850961033504884,9520,0.8451849325234014,0.19555737947681623,0.8044426205231838,0.8850840336134453
218,L,0.8169709799770662,0.8168827732204287,0.18302902002293375,42878430,22209500.0,9261,2.840848192537987,0.6573103786475709,0.3426896213524291,0.3104416369722492,9260,2.840828281587815,0.6573057716874978,0.3426942283125022,0.31047516198704106
219,P,0.8276439975302108,0.8275557907735732,0.1723560024697892,44006271,43553863.0,9382,2.268159736208038,0.5248027469247265,0.4751972530752735,0.4290130036239608,9381,2.2682713608403837,0.5248285744327033,0.47517142556729675,0.42895213729879544
220,A,0.8302019934727,0.8301137867160624,0.16979800652729998,44278755,70195684.0,9411,2.007464644174446,0.46448358235047504,0.535516417649525,0.6546594410795877,9410,2.007613022571135,0.4645179138787724,0.5354820861212276,0.6546227417640808
221,G,0.829408132662962,0.8291435123930493,0.17059186733703802,44175300,49453265.0,9400,2.565014320853191,0.5934884302882044,0.4065115697117956,0.49531914893617024,9399,2.565179377393721,0.5935266207756226,0.40647337922437743,0.49526545377167785
222,V,0.8092087853929611,0.8091205786363236,0.1907912146070389,42067378,-9589660.0,9173,3.562848739628084,0.8243655751336461,0.17563442486635394,0.2879101711544751,9172,3.5627010402724215,0.824331400720648,0.17566859927935197,0.2879415612734409
223,S,0.8112375407956249,0.8111493340389874,0.18876245920437507,42278610,-15766723.0,9196,3.7267115239792776,0.8622798533802082,0.13772014661979182,0.1702914310569813,9195,3.7268067621346406,0.8623018894144208,0.13769811058557924,0.1703099510603589
224,K,0.8072682367469348,0.8070918232336597,0.19273176325306518,41856675,-15364555.0,9150,3.663151098371903,0.8475733556755001,0.15242664432449993,0.20896174863387978,9149,3.663304575623773,0.8476088669677985,0.15239113303220153,0.2088752869166029
225,I,0.800652729999118,0.8005645232424804,0.19934727000088207,41182350,29394231.0,9076,2.9359422138038873,0.679313063370251,0.320686936629749,0.3254737769942706,9075,2.9360872706293817,0.6793466263593405,0.3206533736406595,0.3253994490358127
226,E,0.6795448531357502,0.6794566463791126,0.3204551468642498,29664253,1515328.0,7703,3.4704927714697553,0.8029964162465324,0.1970035837534676,0.2505517330910035,7702,3.470577699951361,0.8030160668468527,0.19698393315314733,0.25058426382757726
227,K,0.77745435300344,0.7773661462468026,0.22254564699655993,38830078,1329158.0,8813,3.5431713840354195,0.8198126637569062,0.1801873362430938,0.18030182684670373,8812,3.5432929551995866,0.8198407926756429,0.18015920732435708,0.1802088061733999
228,G,0.6260915586133898,0.6259151451001147,0.3739084413866102,25173060,-1726399.0,7096,3.22977557563392,0.747299701597209,0.25270029840279096,0.33060879368658397,7095,3.2300057048398667,0.7473529484816768,0.25264705151832323,0.33051444679351655
229,I,0.7993296286495546,0.799241421892917,0.20067037135044544,41046330,20821355.0,9061,3.092418727015258,0.7155183193985675,0.28448168060143253,0.2594636353603355,9060,3.0924687657932672,0.7155298972816119,0.28447010271838813,0.25949227373068434
230,D,0.8154714651142277,0.8153832583575902,0.18452853488577226,42721146,80270458.0,9244,2.4563586051556534,0.5683478649405135,0.4316521350594865,0.37894850713976636,9243,2.456472886712297,0.5683743072028868,0.43162569279711316,0.37888131559017635
231,V,0.8245567610478962,0.8244685542912588,0.17544323895210373,43678531,28861049.0,9347,3.0483752074287955,0.7053276085353849,0.2946723914646151,0.2743126136728362,9346,3.048455977330895,0.7053462969310098,0.2946537030689902,0.2743419644767815
232,D,0.8310840610390756,0.8310840610390756,0.1689159389609244,44382331,-6643014.0,9422,3.4195665872106655,0.7912132067296195,0.20878679327038052,0.18934408830396943,9421,3.4196096607783306,0.7912231730147403,0.20877682698525968,0.18936418639210276
233,K,0.8343477110346652,0.8343477110346652,0.16565228896533474,44731611,10982625.0,9459,3.318134683771107,0.7677440741543813,0.23225592584561872,0.1984353525742679,9458,3.3182387826872954,0.7677681603756008,0.2322318396243992,0.19835060266441107
234,L,0.8365528799506042,0.8364646731939667,0.1634471200493958,44958903,68226552.0,9483,2.6234344884883756,0.6070055842881271,0.3929944157118729,0.2631023937572498,9482,2.6234847009799442,0.6070172023647046,0.3929827976352954,0.2631301413203965
235,F,0.8331128164417394,0.8331128164417394,0.16688718355826057,44599290,-18376236.0,9445,3.644546941357705,0.8432687590682114,0.15673124093178858,0.23292747485442034,9444,3.6445077998154387,0.8432597025681015,0.15674029743189855,0.23295213892418468
236,N,0.8361118461674164,0.8361118461674164,0.16388815383258357,44920981,14098725.0,9479,3.3346881234642223,0.7715741794522221,0.22842582054777794,0.20413545732672222,9478,3.334580904597448,0.7715493713424109,0.22845062865758914,0.20415699514665542
237,I,0.8347005380612155,0.8347005380612155,0.1652994619387845,44769453,25015536.0,9463,3.0692169612989684,0.710149936304981,0.289850063695019,0.41498467716369014,9462,3.0691628324507723,0.710137412068805,0.289862587931195,0.4150285351934052
238,V,0.8356708123842286,0.8356708123842286,0.16432918761577137,44873601,95096394.0,9474,1.8206336422564475,0.421254958963841,0.578745041036159,0.5721975934135529,9473,1.8206233403813568,0.4212525753343903,0.5787474246656097,0.5722579964108518
239,D,0.8342595042780276,0.8342595042780276,0.1657404957219723,44722153,227418792.0,9458,0.5810122264351077,0.13443357077652862,0.8655664292234714,0.9198562063861282,9457,0.5810609190268504,0.13444483718140016,0.8655551628185998,0.9198477318388495
240,F,0.8327599894151893,0.8325835759019141,0.1672400105848108,44542641,79740044.0,9439,2.6982015590552986,0.6243050554790913,0.3756949445209087,0.4011018116325882,9438,2.6983477900178086,0.6243388901379056,0.37566110986209444,0.4010383555838101
241,A,0.8312604745523507,0.8312604745523507,0.16873952544764928,44401176,43312674.0,9424,2.618489159280007,0.605861342852408,0.394138657147592,0.3995118845500849,9423,2.6183584668430826,0.6058311034698789,0.3941688965301211,0.39955428207577204
242,N,0.8298491664461498,0.8298491664461498,0.17015083355385022,44250528,136722357.0,9408,1.730556284289331,0.40041302083125757,0.5995869791687425,0.7371386054421769,9407,1.7306934732722927,0.4004447633730005,0.5995552366269995,0.7371106622727756
243,I,0.8294963394195995,0.8294963394195995,0.17050366058040045,44212906,96559517.0,9404,2.001796999668503,0.4631722128918653,0.5368277871081347,0.4256699276903445,9403,2.0017608015849357,0.4631638374439696,0.5368361625560304,0.42571519727746465
244,M,0.8279086178001235,0.8279086178001235,0.17209138219987652,44043805,185987159.0,9386,0.6084040058092611,0.14077143174338658,0.8592285682566134,0.9133816322181973,9385,0.6084549047330838,0.14078320864543242,0.8592167913545676,0.9133724027703782
245,T,0.825615242127547,0.825615242127547,0.17438475787245303,43800120,70969346.0,9360,1.9882091854588095,0.4600282887192796,0.5399717112807204,0.5137820512820512,9359,1.9883189583663607,0.4600536877784821,0.5399463122215179,0.5137300993695908
246,Y,0.8237629002381582,0.8237629002381582,0.17623709976184176,43603791,294854756.0,9339,0.20575036539085642,0.04760615190110391,0.952393848098896,0.9755862512046257,9338,0.20576858018674773,0.04761036640803031,0.9523896335919697,0.975583636753052
247,D,0.8206756637558437,0.8206756637558437,0.1793243362441563,43277556,245401373.0,9304,0.25761270520704255,0.059605967418057286,0.9403940325819428,0.9725924333619949,9303,0.25763608667463295,0.05961137738024941,0.9403886226197506,0.9725894872621735
248,M,0.8135309164682014,0.8135309164682014,0.18646908353179853,42527253,87012004.0,9223,2.173650868950765,0.5029354540909858,0.49706454590901417,0.37222161986338503,9222,2.1735404952614807,0.5029099160239794,0.4970900839760206,0.37226198221643897
249,A,0.8051512745876334,0.8051512745876334,0.19484872541236659,41655628,44516008.0,9128,2.8618188055409592,0.6621625216130634,0.33783747838693656,0.4360210341805434,9127,2.8618306707647285,0.6621652669673379,0.3378347330326621,0.43606880683685767
250,G,0.7971244597336156,0.7971244597336156,0.2028755402663844,40829166,169560051.0,9037,1.0477088115629942,0.24241699273118042,0.7575830072688196,0.8596879495407768,9036,1.0478006199706489,0.2424382351964966,0.7575617648035033,0.8596724214254094
251,A,0.7964188056805152,0.7964188056805152,0.20358119431948488,40756906,18154448.0,9029,2.9514773923640156,0.6829075652266113,0.31709243477338867,0.271569387529073,9028,2.9515803856591156,0.682931395631199,0.317068604368801,0.2715994683207798
252,W,0.7914792273088118,0.7914792273088118,0.20852077269118816,40252878,254223619.0,8973,1.4759901983069998,0.3415119747255922,0.6584880252744079,0.7767747687506965,8972,1.476114087667117,0.3415406400243656,0.6584593599756343,0.7767498885421311
253,S,0.7921848813619123,0.7921848813619123,0.2078151186380877,40324690,44905321.0,8981,2.765464799822684,0.6398683039391836,0.3601316960608164,0.30219351965259994,8980,2.7655182018726974,0.6398806600100948,0.3601193399899052,0.3022271714922049
254,T,0.7888330246096851,0.7888330246096851,0.2111669753903149,39984153,-3795046.0,8943,3.579960449097724,0.8283248518948404,0.1716751481051596,0.14335234261433524,8942,3.580031492639015,0.8283412898224808,0.1716587101775192,0.1433683739655558
255,T,0.7853929611008204,0.7853047543441828,0.21460703889917968,39627253,-19051309.0,8903,3.7275135252640723,0.8624654190044359,0.13753458099556415,0.20139278894754578,8902,3.7276725093233463,0.8625022044519915,0.13749779554800845,0.20130307796000899
256,S,0.7876863367733968,0.7875099232601217,0.21231366322660317,39850128,76606876.0,8928,1.9428834008269822,0.4495408896611033,0.5504591103388967,0.5906137992831542,8927,1.942741748395703,0.44950811437466415,0.5504918856253358,0.5906799596729024
257,G,0.787245302990209,0.787245302990209,0.21275469700979094,39823350,85762165.0,8925,1.9979799940292484,0.4622890409474338,0.5377109590525662,0.6206162464985995,8924,1.9981267560139169,0.4623229984732061,0.5376770015267939,0.6205737337516809
258,H,0.7873335097468466,0.7873335097468466,0.2126664902531534,39832275,121900579.0,8926,1.9385502459261532,0.44853829202280504,0.551461707977195,0.6672641720815595,8925,1.9387020487150548,0.44857341588085375,0.5514265841191462,0.6672268907563025
259,Q,0.7859222016406456,0.7859222016406456,0.21407779835935434,39689595,56556772.0,8910,2.3819084813738995,0.5511217283303683,0.4488782716696317,0.3254769921436588,8909,2.3819521558960925,0.551131833663274,0.448868166336726,0.3255135256482209
260,T,0.7851283408309077,0.7851283408309077,0.21487165916909234,39609450,72220527.0,8901,1.7385435260226503,0.4022610945515881,0.5977389054484119,0.4918548477699135,8900,1.7384418532962158,0.4022375696978186,0.5977624303021813,0.49191011235955057
261,A,0.7817764840786804,0.7817764840786804,0.21822351592131958,39271953,42690813.0,8863,2.0916333305380785,0.4839583826052965,0.5160416173947036,0.47512129075933657,8862,2.091565944675291,0.4839427909847725,0.5160572090152276,0.4751749040848567
262,L,0.7764840786804269,0.7764840786804269,0.22351592131957307,38742003,128995597.0,8803,0.8605623440102654,0.19911537746966917,0.8008846225303308,0.8715210723616948,8802,0.8606375721079214,0.1991327836124842,0.8008672163875158,0.8715064758009543
263,Y,0.746317367910382,0.746317367910382,0.25368263208961805,35790030,118188135.0,8461,2.0139834385236983,0.46599188933896096,0.534008110661039,0.6202576527597211,8460,2.014140042633888,0.4660281241181501,0.5339718758818499,0.6202127659574468
264,T,0.6865131869101173,0.6865131869101173,0.3134868130898827,30283653,-10467293.0,7783,3.628591470536185,0.8395770107394053,0.16042298926059473,0.19773866118463318,7782,3.6285784354087682,0.8395739946949153,0.16042600530508466,0.19776407093292211
265,N,0.6738996207109464,0.6737232071976713,0.32610037928905355,29165703,-1125982.0,7638,3.4540316281910797,0.7991876663281456,0.20081233367185436,0.2147158942131448,7637,3.454122844032105,0.799208771686454,0.200791228313546,0.2147440094277858
266,P,0.6687836288259681,0.6686954220693305,0.3312163711740319,28731990,20220970.0,7581,2.9301138427600337,0.6779645052924921,0.3220354947075079,0.42593325418810185,7580,2.9303379436644246,0.6780163573593175,0.32198364264068247,0.4258575197889182
267,N,0.6716944517950075,0.67160624503837,0.3283055482049925,28982691,-10010243.0,7614,3.804695321207273,0.8803236050382347,0.1196763949617653,0.13238770685579196,7613,3.8048070596474792,0.880349458878871,0.11965054112112905,0.1324050965453829
268,A,0.6748698950339596,0.6748698950339596,0.3251301049660404,29265075,25462217.0,7651,2.943310206981662,0.6810178564662979,0.31898214353370213,0.44543196967716636,7650,2.9432701965767833,0.6810085989303092,0.3189914010696908,0.4454901960784314
269,P,0.6755755490870601,0.6755755490870601,0.3244244509129399,29326311,24108180.0,7659,2.924436760578169,0.6766509521612911,0.3233490478387089,0.47225486355921137,7658,2.924677289313643,0.6767066052703187,0.3232933947296813,0.4721859493340298
270,E,0.6327952721178443,0.6327070653612067,0.36720472788215575,25722378,-12067790.0,7173,3.761781461758149,0.8703942729191074,0.12960572708089257,0.14178168130489335,7172,3.7618987934900745,0.8704214209255873,0.12957857907441273,0.14180145008365866
271,E,0.6342947869806828,0.6342947869806828,0.3657052130193173,25851645,-14136939.0,7191,3.871155846470728,0.895701122619352,0.10429887738064803,0.12682519816437213,7190,3.8711646781407754,0.8957031660753868,0.1042968339246132,0.12684283727399165
272,Y,0.6402046396753991,0.6402046396753991,0.35979536032460085,26335653,-16626541.0,7258,3.9736446623513557,0.9194148017066712,0.08058519829332877,0.13598787544778176,7257,3.973600266295939,0.9194045294266975,0.08059547057330252,0.13600661430343117
273,K,0.6622563288347888,0.6620799153215137,0.33774367116521126,28166265,-14398405.0,7506,3.8317998045734867,0.8865949919681277,0.11340500803187226,0.17013056221689316,7505,3.8318348463930816,0.8866030998817315,0.11339690011826853,0.17015323117921385
274,G,0.6373820234629972,0.6373820234629972,0.36261797653700273,26103925,-15302611.0,7226,3.8541268263796753,0.8917609783788226,0.10823902162117738,0.15527262662607252,7225,3.8542882739887436,0.8917983338381278,0.10820166616187221,0.15515570934256057
275,L,0.7163270706536121,0.7163270706536121,0.28367292934638794,32971260,7520266.0,8121,3.209268424389861,0.7425547935853616,0.2574452064146384,0.25674178056889546,8120,3.209422045230136,0.7425903381008886,0.2574096618991114,0.2566502463054187
276,S,0.7555790773573255,0.7555790773573255,0.24442092264267443,36683895,68038858.0,8566,2.0389350572904426,0.47176515030465377,0.5282348496953462,0.4424468830259164,8565,2.0390357467354363,0.47178844764852046,0.5282115523514795,0.44238178633975483
277,V,0.7561083178971509,0.7560201111405134,0.2438916821028491,36726735,29296468.0,8571,2.6645746728698576,0.6165245266393774,0.3834754733606226,0.3646015634115039,8570,2.664715725452647,0.6165571631339448,0.3834428368660552,0.3645274212368728
278,D,0.7590191408661904,0.7590191408661904,0.24098085913380965,37018710,61718546.0,8605,2.5447466698166554,0.5887989374064253,0.4112010625935747,0.5301568855316676,8604,2.544936019377776,0.58884274876954,0.41115725123046,0.5301022780102278
279,E,0.7607832759989415,0.7607832759989415,0.23921672400105848,37191000,-21342364.0,8625,3.8240707774737586,0.8848066634883293,0.11519333651167074,0.16684057971014493,8624,3.824032535158487,0.8847978150497546,0.11520218495024537,0.1668599257884972
280,S,0.7613125165387669,0.7613125165387669,0.23868748346123314,37242765,48015240.0,8631,2.2443860047845052,0.5193020234278095,0.4806979765721905,0.5232302166608735,8630,2.2443293044792267,0.5192889042124885,0.4807110957875115,0.5232908458864426
281,V,0.7615771368086796,0.7615771368086796,0.23842286319132044,37268661,87607912.0,8634,2.0181600974029728,0.46695827720742533,0.5330417227925747,0.5369469539031735,8633,2.0182899409699067,0.4669883201799328,0.5330116798200673,0.5368933163442604
282,K,0.7610478962688542,0.7610478962688542,0.2389521037311458,37216878,21309527.0,8628,3.3041471862655847,0.7645076719749769,0.23549232802502307,0.19633750579508577,8627,3.3042579098756795,0.7645332910060353,0.2354667089939647,0.19624434913643213
283,Y,0.760695069242304,0.760695069242304,0.23930493075769604,37182376,-11306418.0,8624,3.5261205600507837,0.8158674745704396,0.18413252542956038,0.29232374768089053,8623,3.5263236862219856,0.8159144735409782,0.18408552645902176,0.29224167922996636
284,Y,0.7606068624856664,0.7606068624856664,0.2393931375143336,37173753,85354674.0,8623,2.3270674713934834,0.5384327134332232,0.4615672865667768,0.41969152267192394,8622,2.327192077403172,0.5384615445490939,0.4615384554509061,0.4196242171189979
285,I,0.7565493516803388,0.7565493516803388,0.2434506483196613,36778176,22110814.0,8577,2.8298368173954134,0.6547625863426504,0.3452374136573496,0.409816952314329,8576,2.8298930935624704,0.6547756074216275,0.34522439257837245,0.40986473880597013
286,S,0.7554026638440504,0.7554026638440504,0.24459733615594956,36666766,9050354.0,8564,3.310503509539304,0.7659783866963158,0.2340216133036842,0.19009808500700606,8563,3.3105842074160754,0.7659970584268491,0.23400294157315094,0.19012028494686442
287,Q,0.7550498368175003,0.7550498368175003,0.2449501631824998,36632520,-6535665.0,8560,3.348907266046004,0.7748641792554586,0.22513582074454142,0.29836448598130844,8559,3.3489310672195547,0.7748696863284659,0.22513031367153413,0.29839934571795773
288,G,0.738908000352827,0.738908000352827,0.261091999647173,35082876,168243992.0,8377,0.7323015997774254,0.16943863565053377,0.8305613643494663,0.9111853885639251,8376,0.7323730073375462,0.16945515780420062,0.8305448421957994,0.9111747851002865
289,A,0.7528446679015612,0.7528446679015612,0.24715533209843873,36418845,47629064.0,8535,2.3700991431240963,0.5483893047475297,0.45161069525247033,0.4833040421792619,8534,2.3701021526191672,0.5483900010791217,0.4516099989208783,0.48336067494726975
290,E,0.7516097733086354,0.7516097733086354,0.24839022669136457,36299460,96609073.0,8521,1.9688647891672115,0.4555524168706753,0.5444475831293247,0.6725736415913626,8520,1.9684335413119718,0.455452635512501,0.544547364487499,0.6726525821596244
291,R,0.7496692246626091,0.7496692246626091,0.25033077533739084,36112251,14077211.0,8499,2.7241641291229763,0.6303122285503857,0.3696877714496143,0.35227673843981644,8498,2.7240720017143216,0.6302909122751881,0.3697090877248119,0.3523181925158861
292,E,0.7477286760165829,0.7476404692599453,0.2522713239834171,35917050,21995659.0,8476,3.1812484764780757,0.7360715881047033,0.2639284118952967,0.23607833883907503,8475,3.1813780706504047,0.7361015733727326,0.26389842662726737,0.2359882005899705
293,K,0.7471112287201199,0.7470230219634824,0.25288877127988,35857746,147813219.0,8469,0.7791128731647039,0.18026974444261526,0.8197302555573848,0.8839296256937065,8468,0.7791838586520051,0.18028616893782728,0.8197138310621728,0.8839159187529523
294,I,0.744906059804181,0.7448178530475434,0.255093940195819,35646346,95733000.0,8444,1.5406623880852202,0.3564757104376057,0.6435242895623943,0.5164613927048792,8443,1.5406816986362435,0.3564801784783966,0.6435198215216034,0.5165225630699988
295,V,0.7421716503484167,0.7421716503484167,0.2578283496515833,35393491,41650395.0,8414,2.267267074549004,0.5245962044651029,0.4754037955348971,0.5579985738055622,8413,2.2674365185638603,0.5246354101184911,0.47536458988150887,0.5579460358968263
296,V,0.7414659962953162,0.7414659962953162,0.25853400370468377,35326215,76274489.0,8406,2.1023706692741655,0.4864427688561434,0.5135572311438565,0.44242207946704737,8405,2.102330222378019,0.4864334103255851,0.5135665896744148,0.44247471743010114
297,G,0.7398782746758402,0.7397900679192027,0.26012172532415984,35166691,205543651.0,8387,0.11932376979497197,0.027608920642647056,0.9723910793573529,0.9887921783712889,8386,0.11933605956734263,0.02761176422821832,0.9723882357717817,0.9887908418793226
298,A,0.7380259327864515,0.7380259327864515,0.26197406721354854,34999161,38516115.0,8367,2.80372623912062,0.6487211673968607,0.3512788326031393,0.27859447830763717,8366,2.8037000672098054,0.6487151117869014,0.35128488821309856,0.27862777910590486
299,A,0.7361735908970627,0.7361735908970627,0.2638264091029373,34823685,94854692.0,8346,1.3298882283294824,0.30770716197307346,0.6922928380269265,0.6472561706206567,8345,1.3298280191653582,0.30769323088426254,0.6923067691157374,0.6473337327741162
300,Y,0.7336155949545735,0.7336155949545735,0.2663844050454265,34582086,42513089.0,8317,2.4788514707043294,0.5735522239800088,0.4264477760199912,0.4912829145124444,8316,2.478634644221651,0.573502055055881,0.42649794494411897,0.49134199134199136
301,Y,0.7209138219987651,0.7209138219987651,0.2790861780012349,33394878,219013637.0,8173,0.34041247098814986,0.07876402927453648,0.9212359707254635,0.9591337330233697,8172,0.34044676034216526,0.07877196308399895,0.9212280369160011,0.9591287322564855
302,T,0.7178265855164505,0.7178265855164505,0.28217341448354943,33109453,117160615.0,8138,1.1918259330723286,0.2757625547917381,0.7242374452082618,0.7945441140329319,8137,1.1914597093896,0.2756778186104116,0.7243221813895884,0.7946417598623572
303,R,0.7149157625474112,0.7149157625474112,0.2850842374525889,32841460,102802636.0,8105,1.3377413246093408,0.3095241973580786,0.6904758026419213,0.7891425046267736,8104,1.3378642361708832,0.309552636415565,0.690447363584435,0.789116485686081
304,G,0.7044191585075417,0.7044191585075417,0.29558084149245833,31884105,22579433.0,7986,2.719690810263126,0.6292772000256996,0.37072279997430035,0.3964437766090659,7985,2.7198642281038445,0.6293173251358152,0.3706826748641848,0.3963681903569192
305,W,0.6924230396048338,0.6924230396048338,0.30757696039516624,30807325,131746838.0,7850,1.5566015001289233,0.3601636737016309,0.6398363262983691,0.490828025477707,7849,1.5566689986247977,0.36017929138299726,0.6398207086170027,0.4907631545419799
306,E,0.6368527829231719,0.6368527829231719,0.36314721707682807,26060590,3258875.0,7220,3.398956237557497,0.7864444208542715,0.21355557914572854,0.28919667590027703,7219,3.398994177499862,0.7864531993303433,0.2135468006696567,0.28923673639008174
307,Q,0.6147128870071448,0.6147128870071448,0.38528711299285523,24279996,-8718016.0,6969,2.885002368908727,0.6675266930797736,0.33247330692022636,0.3363466781460755,6968,2.884705144509245,0.667457921829314,0.33254207817068604,0.33639494833524686
308,V,0.5808414924583223,0.5806650789450472,0.4191585075416777,21664653,21874820.0,6583,2.3640168498875402,0.5469819946065416,0.4530180053934584,0.5386601853258393,6582,2.364240394452478,0.5470337179485385,0.4529662820514615,0.5385900941962929
309,S,0.49378142365705213,0.49378142365705213,0.5062185763429479,15666003,3183558.0,5598,3.36460249982314,0.778495714401937,0.221504285598063,0.1986423722758128,5597,3.364786942878058,0.7785383905064136,0.2214616094935864,0.19849919599785598
310,D,0.43926964805504104,0.43926964805504104,0.560730351944959,12397710,400300.0,4980,3.236659034512038,0.7488923840127866,0.25110761598721343,0.178714859437751,4979,3.236736634701701,0.7489103390060117,0.25108966099398833,0.1787507531632858
311,K,0.3688806562582694,0.36870424274499425,0.6311193437417306,8734110,-3135742.0,4180,3.706432720997026,0.857587780181156,0.142412219818844,0.14066985645933014,4179,3.7064669119524543,0.8575956912233292,0.14240430877667076,0.1407035175879397
312,G,0.33986063332451266,0.33986063332451266,0.6601393666754873,7420878,1477230.0,3853,3.222448998082463,0.7456044911747765,0.25439550882522355,0.39527640799377106,3852,3.222937860036666,0.7457176031802217,0.25428239681977827,0.39511941848390447
313,T,0.3423304225103643,0.3422422157537267,0.6576695774896357,7525260,-3436022.0,3880,3.8736955281449994,0.8962887496271396,0.10371125037286044,0.17938144329896907,3879,3.874054885479783,0.8963718970851475,0.10362810291485247,0.1791698891466873
314,D,0.3706447913910206,0.3706447913910206,0.6293552086089794,8826301,-50286.0,4202,3.3032656515866905,0.764303704056136,0.235696295943864,0.26534983341266066,4201,3.303481725233282,0.7643536987903953,0.23564630120960472,0.2654129969054987
315,P,0.3660580400458675,0.36596983328922994,0.6339419599541325,8605026,-4978258.0,4149,3.425415474007149,0.7925665117055636,0.20743348829443642,0.29597493371896844,4148,3.425817727786316,0.792659584466224,0.20734041553377602,0.2958052073288332
316,N,0.4108670724177472,0.41077886566110966,0.5891329275822528,10841496,-3220154.0,4657,3.710252078430714,0.8584714962795812,0.1415285037204188,0.20334979600601247,4656,3.710555274402927,0.858541649221869,0.14145835077813096,0.2031786941580756
317,N,0.4152774102496251,0.41518920349298755,0.5847225897503748,11075571,7837608.0,4707,3.0995018636241745,0.717157202890705,0.28284279710929505,0.42065009560229444,4706,3.0998949752526124,0.7172481603568653,0.28275183964313466,0.42052698682532935
318,P,0.41580665078945045,0.41571844403281294,0.5841933492105496,11103828,4304951.0,4713,3.101683831873411,0.7176620628053847,0.2823379371946153,0.29323148737534477,4712,3.101851902688702,0.717700950730311,0.28229904926968896,0.2932937181663837
319,G,0.431683866984211,0.431683866984211,0.568316133015789,11973171,51606507.0,4894,0.9946588021767162,0.23014237635127496,0.769857623648725,0.8790355537392726,4893,0.9948240651931849,0.23018061461272687,0.7698193853872731,0.8790108318005314
320,L,0.4195995413248655,0.4195113345682279,0.5804004586751346,11307390,20945797.0,4756,1.9199783096212768,0.4442411505856659,0.5557588494143342,0.7119428090832632,4755,1.9202789931523445,0.44431072220381085,0.5556892777961892,0.711882229232387
321,F,0.40019405486460263,0.40010584810796507,0.5998059451353974,10285380,12294935.0,4536,2.691243055411958,0.6226950093398296,0.3773049906601704,0.38470017636684306,4535,2.6914120495168565,0.6227341108938556,0.37726588910614445,0.38478500551267913
322,G,0.38996207109464587,0.3898738643380083,0.6100379289053541,9765990,12922152.0,4420,2.366109361775421,0.5474661562681751,0.4525338437318249,0.5755656108597285,4419,2.36593628011521,0.5474261089429048,0.4525738910570952,0.5756958587915818
323,E,0.36005998059451355,0.36005998059451355,0.6399400194054865,8329321,1086996.0,4082,3.342917692276228,0.7734783223790193,0.22652167762098074,0.3108770210681039,4081,3.3426516021802026,0.7734167549280614,0.2265832450719386,0.31095319774565056
324,A,0.3465643468289671,0.3465643468289671,0.6534356531710329,7716556,-236493.0,3929,3.063269879843939,0.7087739112244008,0.2912260887755992,0.3784678035123441,3928,3.0636927950067117,0.7088717645790813,0.2911282354209187,0.37830957230142565
325,A,0.3168386698421099,0.3168386698421099,0.68316133015789,6449436,2217553.0,3592,3.2281085555424305,0.7469139894671387,0.2530860105328613,0.2903674832962138,3591,3.228183165488246,0.7469312525830855,0.25306874741691454,0.290448343079922
326,V,0.2636499955896622,0.2636499955896622,0.7363500044103378,4465566,1120713.0,2989,3.046113966013336,0.704804406537153,0.29519559346284696,0.4727333556373369,2988,3.0454906483071853,0.704660184400073,0.29533981559992695,0.47289156626506024
327,V,0.21742965511158155,0.21734144835494398,0.7825703448884185,3034416,-1472186.0,2464,3.580033645256368,0.8283417878912376,0.17165821210876242,0.231737012987013,2463,3.580630325236248,0.8284798466388104,0.17152015336118964,0.23142509135200975
328,N,0.17438475787245303,0.17438475787245303,0.825615242127547,1953276,-723229.0,1977,3.7301182587097967,0.863068097574865,0.13693190242513498,0.2210419828022256,1976,3.730903290877008,0.8632497369149873,0.1367502630850127,0.22064777327935223
329,K,0.16644614977507277,0.1663579430184352,0.8335538502249272,1777555,-1145821.0,1886,3.9373146564265267,0.9110088298517008,0.08899117014829916,0.1765641569459173,1885,3.9380752894370605,0.9111848237585485,0.08881517624145152,0.17612732095490716
330,D,0.1610655376201817,0.1610655376201817,0.8389344623798183,1666225,241866.0,1826,3.365238765492246,0.7786429324155497,0.22135706758445028,0.3937568455640745,1825,3.3663456186758682,0.7788990341274064,0.22110096587259365,0.3934246575342466
331,A,0.15991884978389345,0.15991884978389345,0.8400811502161065,1642578,-774316.0,1813,3.6275225840139567,0.8393296936858217,0.16067030631417833,0.25758411472697185,1812,3.6281838530461066,0.8394826969328983,0.16051730306710166,0.2577262693156733
332,D,0.15339154979271413,0.15339154979271413,0.8466084502072859,1511191,-862752.0,1739,3.725753994198927,0.8620583018505834,0.1379416981494166,0.27889591719378953,1738,3.7268371238086475,0.862308914444301,0.13769108555569898,0.27848101265822783
333,L,0.15295051600952633,0.15295051600952633,0.8470494839904736,1502511,-1505111.0,1734,3.8182601773289644,0.883462217209441,0.11653778279055904,0.23183391003460208,1733,3.818659358949082,0.8835545791394299,0.11644542086057008,0.2319676860934795
334,S,0.1755314457087413,0.1755314457087413,0.8244685542912588,1979055,-264296.0,1990,3.685224626456511,0.8526806891618484,0.14731931083815164,0.2105527638190955,1989,3.6859466565858625,0.8528477512030253,0.14715224879697475,0.21015585721468075
335,P,0.18452853488577226,0.18452853488577226,0.8154714651142277,2187186,70062.0,2092,3.287730773112075,0.7607092716330255,0.23929072836697451,0.382887189292543,2091,3.288640465126861,0.7609197545459324,0.23908024545406759,0.3825920612147298
336,T,0.20481608891241068,0.20481608891241068,0.7951839110875893,2694681,-1521638.0,2322,3.84502495808791,0.8896550043570585,0.11034499564294153,0.1748492678725237,2321,3.8455970137287174,0.8897873655690565,0.11021263443094353,0.17449375269280482
337,P,0.2326012172532416,0.2324248037399665,0.7673987827467584,3470295,-2741951.0,2635,3.906601625379653,0.903902503607355,0.09609749639264498,0.15825426944971538,2634,3.907040560943345,0.9040040637337743,0.09599593626622571,0.15831435079726652
338,G,0.2640028226162124,0.2639146158595748,0.7359971773837876,4474536,13099781.0,2992,1.7029242681984296,0.39401957432214313,0.6059804256778569,0.758355614973262,2991,1.7033601738687507,0.3941204333972482,0.6058795666027518,0.7582748244734202
339,A,0.2771456293552086,0.277057422598571,0.7228543706447914,4931370,1120154.0,3141,3.167297160358032,0.7328435575096207,0.2671564424903793,0.4221585482330468,3140,3.167909529636092,0.7329852464189721,0.2670147535810279,0.42197452229299365
340,L,0.2633853753197495,0.2632971685631119,0.7366146246802505,4453620,-2382696.0,2985,3.545686674507741,0.8203946471719697,0.17960535282803025,0.325963149078727,2984,3.5456512173295645,0.8203864431534396,0.17961355684656044,0.32607238605898126
341,N,0.27352915233306874,0.27352915233306874,0.7264708476669313,4806550,-1852765.0,3101,3.6513090282670935,0.8448333586545367,0.15516664134546332,0.2489519509835537,3100,3.6513976122370915,0.8448538550552294,0.15514614494477064,0.24903225806451612
342,E,0.2790861780012349,0.2790861780012349,0.7209138219987651,5003866,-1721282.0,3164,3.828033964719618,0.8857236586716938,0.11427634132830622,0.21428571428571427,3163,3.8281391130872477,0.8857479877131126,0.11425201228688742,0.2143534619032564
343,A,0.3077533739084414,0.3077533739084414,0.6922466260915586,6084816,4653226.0,3489,2.8763174766312813,0.6655171982231332,0.33448280177686684,0.5067354542848954,3488,2.87619049111423,0.6654878165411007,0.3345121834588993,0.5068807339449541
344,P,0.30845902796154184,0.30845902796154184,0.6915409720384581,6112756,2321259.0,3497,2.9862261456746912,0.6909476696771647,0.3090523303228353,0.39977123248498714,3496,2.986701878768997,0.6910577439504662,0.30894225604953385,0.3995995423340961
345,M,0.32160183470053805,0.32160183470053805,0.678398165299462,6644835,229557.0,3646,3.1421649172356285,0.7270285040032622,0.27297149599673776,0.40235874931431703,3645,3.1415854072692255,0.7268944180227277,0.2731055819772723,0.4024691358024691
346,K,0.34206580224045163,0.34206580224045163,0.6579341977595484,7517503,-5539271.0,3878,3.988874703102973,0.9229387013221307,0.07706129867786926,0.1111397627643115,3877,3.9889531083574976,0.9229568425898249,0.07704315741017509,0.11116842919783337
347,N,0.39763605892211346,0.3975478521654759,0.6023639410778866,10154271,-2641400.0,4507,3.4740532427051374,0.8038202317189818,0.19617976828101824,0.26270246283558907,4506,3.473945315583756,0.8037952597344851,0.19620474026551493,0.26276076342654237
348,G,0.45726382640910296,0.45726382640910296,0.5427361735908971,13434336,24584784.0,5184,2.1721880943381344,0.50259699991486,0.49740300008514005,0.6336805555555556,5183,2.1724801906711204,0.5026645846424567,0.49733541535754333,0.6336098784487748
349,E,0.4734938696304137,0.4734938696304137,0.5265061303695863,14405028,-431362.0,5368,3.521191011427794,0.814726884418368,0.18527311558163195,0.2922876304023845,5367,3.5212344494592154,0.8147369350324615,0.18526306496753853,0.2923420905533818
350,G,0.49925024256858075,0.49925024256858075,0.5007497574314193,16014970,3616919.0,5660,2.791240715430368,0.6458322892350463,0.3541677107649537,0.4545936395759717,5659,2.791532946775919,0.6458999052016092,0.3541000947983908,0.45449726100017673
351,G,0.5209491047014201,0.5209491047014201,0.47905089529857986,17437465,14928609.0,5906,2.6579106928532967,0.6149826268506132,0.3850173731493868,0.464781578056214,5905,2.657863544579338,0.6149717177672311,0.38502828223276886,0.46486028789161726
352,R,0.533562670900591,0.533562670900591,0.466437329099409,18292176,-7791144.0,6049,3.595021621067224,0.8318096789532351,0.1681903210467649,0.25574475119854523,6048,3.595204291782384,0.8318519449769054,0.1681480550230946,0.25578703703703703
353,A,0.5510276087148276,0.5510276087148276,0.44897239128517247,19509381,18873733.0,6247,2.761237797146483,0.6388902676129428,0.36110973238705724,0.5375380182487594,6246,2.7610615114364356,0.6388494789403464,0.3611505210596536,0.5376240794108229
354,G,0.5676104789626886,0.567522272206051,0.43238952103731143,20694961,-3487638.0,6434,3.4652375053026065,0.8017804621510985,0.19821953784890145,0.24261734535281318,6433,3.4653107476098954,0.8017974088252867,0.19820259117471328,0.2426550598476605
355,G,0.5755490870600688,0.5755490870600688,0.4244509129399312,21284550,84773711.0,6525,1.1610123645858186,0.26863296637425355,0.7313670336257465,0.8522605363984674,6524,1.1611549702930273,0.2686659622279739,0.7313340377720261,0.8522378908645003
356,V,0.579694804622034,0.579694804622034,0.42030519537796596,21592306,781726.0,6572,3.360541259965708,0.7775560319805113,0.22244396801948874,0.263542300669507,6571,3.3607598478387057,0.7776066084519838,0.22239339154801618,0.263430223710242
357,W,0.6005998059451354,0.6005998059451354,0.3994001940548646,23177836,-5684958.0,6809,3.5147446274776555,0.8132353316186433,0.18676466838135675,0.2295491261565575,6808,3.514908126323244,0.8132731616893892,0.18672683831061077,0.2295828437132785
358,G,0.6217694275381495,0.6217694275381495,0.3782305724618506,24840676,7202550.0,7049,3.0828107265571165,0.7132952374205245,0.2867047625794755,0.3391970492268407,7048,3.0828078987490675,0.713294583127351,0.28670541687264905,0.3392451759364359
359,Y,0.6317367910381936,0.6317367910381936,0.3682632089618065,25643541,124162903.0,7162,1.321144425231674,0.3056840364360818,0.6943159635639182,0.7907009215302988,7161,1.3212816018513183,0.30571577611722234,0.6942842238827777,0.7906716938975004
360,N,0.6274146599629532,0.6274146599629532,0.37258534003704685,25293828,-3814819.0,7113,3.4405701031682927,0.7960729627219678,0.20392703727803219,0.2562912976240686,7112,3.4406127821536394,0.7960828377093367,0.20391716229066326,0.2563273340832396
361,A,0.61885860456911,0.61885860456911,0.38114139543089,24608620,9236475.0,7016,3.2349073332043567,0.7484870784942257,0.2515129215057743,0.31057582668187,7015,3.234888964970238,0.7484828284850364,0.25151717151496356,0.3106200997861725
362,L,0.6186821910558349,0.6186821910558349,0.3813178089441651,24594591,54105474.0,7014,1.9629650261083131,0.45418734023604146,0.5458126597639585,0.4345594525235244,7013,1.9630734613940308,0.4542124297986943,0.5457875702013057,0.43447882503921287
363,D,0.5111581547146511,0.5111581547146511,0.48884184528534885,16788115,-8715413.0,5795,3.6481753649402733,0.8441082972333327,0.1558917027666673,0.24106988783433994,5794,3.64816844121086,0.8441066952331926,0.1558933047668074,0.24111149464963755
364,K,0.5160095263297169,0.5160095263297169,0.48399047367028314,17108325,568527.0,5850,3.6130828765512164,0.8359886599745432,0.1640113400254568,0.17162393162393164,5849,3.613171780297044,0.8360092303643959,0.1639907696356041,0.17165327406394257
365,L,0.5003087236482314,0.5003087236482314,0.4996912763517685,16082956,-10840299.0,5672,3.798609265962332,0.8789154244504688,0.12108457554953123,0.20803949224259521,5671,3.798879598230567,0.8789779734476524,0.12102202655234762,0.20789984129783107
366,K,0.4996912763517685,0.4996912763517685,0.5003087236482314,16043280,-4453755.0,5665,3.49802269708946,0.8093662412448408,0.1906337587551592,0.2345984112974404,5664,3.4980660979771034,0.8093762832646733,0.19062371673532674,0.2346398305084746
367,S,0.4549704507365264,0.45488224397988886,0.5450295492634736,13294746,-7539204.0,5157,3.7319407331466086,0.8634897784535839,0.13651022154641612,0.16249757611014157,5156,3.7319460275200598,0.8634910034562528,0.13650899654374715,0.16252909231962762
368,K,0.554732292493605,0.554732292493605,0.445267707506395,19772616,-473250.0,6289,3.376214578909492,0.7811824965120069,0.21881750348799311,0.23231038320877723,6288,3.376280298533435,0.7811977026011644,0.2188022973988356,0.23234732824427481
369,Y,0.5816353532680604,0.5816353532680604,0.4183646467319397,21737121,-12249709.0,6594,3.90386144691144,0.9032684860096409,0.09673151399035906,0.15741583257506825,6593,3.9037473408796615,0.9032420843598973,0.09675791564010272,0.15743970878204155
370,T,0.6143600599805945,0.6142718532239569,0.3856399400194055,24245166,1362257.0,6964,3.3625858066667096,0.7780290955429107,0.22197090445708934,0.2014646754738656,6963,3.3624140419874182,0.7779893529383323,0.22201064706166773,0.20149360907654745
371,G,0.6364117491399841,0.636235335626709,0.3635882508600159,26010078,48184107.0,7213,2.2596901435382657,0.5228430677066036,0.4771569322933964,0.6341328157493414,7212,2.2599123411781896,0.5228944793994975,0.4771055206005025,0.6340820854132002
372,L,0.6500837964188056,0.6499955896621681,0.3499162035811943,27147396,15454059.0,7369,2.965780249797385,0.6862169348226231,0.31378306517737686,0.24820192699145066,7368,2.9656004358228985,0.6861753297865053,0.3138246702134947,0.2482356134636265
373,K,0.6595219193790244,0.6594337126223869,0.34047808062097557,27941550,6218857.0,7476,3.2018005873343656,0.7408268987912929,0.25917310120870707,0.3362760834670947,7475,3.2018320879790427,0.7408341873541717,0.2591658126458283,0.33632107023411373
374,E,0.6707241774719943,0.6706359707153567,0.32927582252800564,28899003,-5800594.0,7603,3.2919736471860928,0.7616909802549335,0.23830901974506646,0.2894909903985269,7602,3.292070859592916,0.7617134730879213,0.23828652691207874,0.2895290712970271
375,Y,0.6790156125959248,0.6789274058392872,0.32098438740407514,29618056,15983783.0,7697,3.2976847223802754,0.7630123986285846,0.2369876013714154,0.335455372222944,7696,3.29790843493046,0.7630641608387078,0.23693583916129224,0.33536902286902287
376,W,0.6836905706977154,0.6836023639410779,0.31630942930228456,30027375,78178523.0,7750,2.54929183203786,0.589850588919689,0.410149411080311,0.4989677419354839,7749,2.549491369631328,0.5898967575715237,0.4101032424284763,0.4989030842689379
377,D,0.6869542206933051,0.6868660139366676,0.3130457793066949,30314791,99947683.0,7787,1.4940445866012193,0.3456893668288012,0.6543106331711988,0.7581867214588417,7786,1.4941851774224604,0.3457218964818066,0.6542781035181934,0.7581556640123298
378,D,0.688189115286231,0.6881009085295934,0.31181088471376905,30423900,14696589.0,7801,3.186718005393305,0.7373371179319347,0.2626628820680653,0.2739392385591591,7800,3.1868870311251976,0.737376226803758,0.26262377319624197,0.27384615384615385
379,S,0.6892475963658816,0.689159389609244,0.3107524036341184,30517578,-9734373.0,7813,3.6985605785571227,0.855766337929672,0.14423366207032795,0.17586074491232562,7812,3.6984792990013178,0.8557475316112836,0.14425246838871641,0.17588325652841783
380,A,0.6902178706888947,0.6900414571756196,0.3097821293111052,30595753,25920396.0,7823,2.6476474835973822,0.612607943831695,0.38739205616830497,0.5194938003323534,7822,2.6478651696906743,0.6126583116509907,0.3873416883490093,0.5194323702377909
381,K,0.6919820058216459,0.6919820058216459,0.30801799417835407,30768090,8266011.0,7845,3.114011054025223,0.7205143134400943,0.2794856865599057,0.3612492033142129,7844,3.114220757589178,0.7205628342760155,0.27943716572398447,0.36116777154513
382,A,0.6928640733880215,0.692775866631384,0.30713592661197847,30838731,35710526.0,7854,2.07871946275023,0.4809703949515628,0.5190296050484372,0.4989814107461166,7853,2.0788564403646896,0.4810020885872393,0.5189979114127607,0.49891761110403665
383,P,0.6921584193349211,0.6921584193349211,0.30784158066507894,30783781,64602747.0,7847,2.053358048498559,0.4751023162388067,0.5248976837611933,0.6087676819166561,7846,2.053528487275097,0.4751417520583752,0.5248582479416248,0.6087178179964313
384,Y,0.6924230396048338,0.6924230396048338,0.30757696039516624,30807325,135986450.0,7850,1.4905692799286845,0.3448852565807279,0.6551147434192721,0.6377070063694268,7849,1.4906764888350512,0.3449100623859178,0.6550899376140822,0.6376608485157345
385,L,0.6919820058216459,0.6919820058216459,0.30801799417835407,30768090,12933706.0,7845,2.7987893699745348,0.647578883435236,0.35242111656476405,0.4242192479286169,7844,2.7989884452597673,0.6476249451190174,0.35237505488098264,0.4241458439571647
386,Y,0.6840433977242657,0.6839551909676281,0.3159566022757343,30058381,87261363.0,7754,2.178002110766885,0.5039422366474258,0.49605776335257423,0.561387670879546,7753,2.1781755918327264,0.5039823763864572,0.49601762361354285,0.5613310976396234
387,N,0.6382640910293729,0.6382640910293729,0.36173590897062713,26176230,35837616.0,7236,2.6210423336404025,0.6064520917738017,0.39354790822619834,0.39538419016030957,7235,2.621219557822297,0.6064930975883371,0.39350690241166286,0.3953006219765031
388,S,0.6203581194319485,0.6203581194319485,0.37964188056805154,24728028,1091294.0,7033,3.13174662612599,0.7246179384221358,0.27538206157786416,0.2412910564481729,7032,3.131698474945624,0.7246067972880612,0.2753932027119388,0.241325369738339
389,E,0.6297080356355297,0.6297080356355297,0.3702919643644703,25479091,6586994.0,7139,3.3594317414663197,0.777299313572655,0.22270068642734497,0.20030816640986132,7138,3.3594191426694286,0.7772963984855424,0.22270360151445756,0.20033622863547212
390,T,0.5941607127105937,0.5941607127105937,0.4058392872894064,22683480,5007554.0,6736,3.1980354035552434,0.7399557172962615,0.26004428270373847,0.29260688836104515,6735,3.1982469569469067,0.7400046661420124,0.25999533385798757,0.2925018559762435
391,G,0.5804004586751346,0.5804004586751346,0.4195995413248655,21644910,8217809.0,6580,3.003737391988415,0.6949993905594346,0.3050006094405654,0.256838905775076,6579,3.003895828798007,0.6950360493853367,0.3049639506146633,0.25672594619243044
392,A,0.639234365352386,0.639234365352386,0.360765634647614,26255881,-7099208.0,7247,3.5499175554197264,0.8213735808374766,0.17862641916252342,0.1804884779908928,7246,3.5496374036508693,0.8213087598217849,0.17869124017821514,0.1805133866961082
393,F,0.6962159301402487,0.6961277233836112,0.30378406985975126,31137886,65932438.0,7892,2.1837302486389785,0.5052676029530034,0.49473239704699656,0.4461479979726305,7891,2.183859409839909,0.5052974880408844,0.49470251195911563,0.44607781016347736
394,F,0.6970979977066243,0.6970979977066243,0.30290200229337566,31224753,41414763.0,7903,2.467115206163394,0.570836708061357,0.429163291938643,0.3830191066683538,7902,2.4668570298108436,0.5707769716782237,0.4292230283217763,0.3830675778283979
395,T,0.6981564787862751,0.6981564787862751,0.301843521213725,31319655,48735902.0,7915,1.8003217930332942,0.4165552395846174,0.5834447604153826,0.48237523689197725,7914,1.800329579669762,0.4165570412426498,0.5834429587573502,0.482436189032095
396,Y,0.6985093058128252,0.6985093058128252,0.3014906941871747,31351321,140981693.0,7919,1.3552089072689901,0.31356581542208867,0.6864341845779114,0.7230710948352065,7918,1.3553209789319023,0.31359174636319914,0.6864082536368008,0.723036120232382
397,D,0.6978036517597248,0.6978036517597248,0.3021963482402752,31288005,134383057.0,7911,1.0105412892626624,0.23381723783375413,0.7661827621662458,0.7660219946909367,7910,1.0106204259449552,0.23383554833789844,0.7661644516621016,0.765992414664981
398,N,0.6975390314898121,0.6975390314898121,0.3024609685101879,31264278,72992780.0,7908,1.7409558196795003,0.40281924674752667,0.5971807532524733,0.5558927668184117,7907,1.7408995084524639,0.40280621755643414,0.5971937824435658,0.5559630706968509
399,I,0.6963041368968863,0.6963041368968863,0.3036958631031137,31153671,8099548.0,7894,2.95222558777472,0.6830806813438344,0.3169193186561656,0.35203952368887764,7893,2.9519689606370263,0.6830213034152666,0.31697869658473343,0.352084125174205
400,R,0.6954220693305108,0.6954220693305108,0.3045779306694893,31074786,15384647.0,7884,3.2946761841628356,0.7623162884316105,0.23768371156838952,0.24036022323693557,7883,3.294777108659883,0.7623396401614014,0.23766035983859857,0.24039071419510338
401,S,0.6950692423039605,0.6950692423039605,0.3049307576960395,31043260,58459004.0,7880,1.6995236571859524,0.3932327470224248,0.6067672529775752,0.7086294416243655,7879,1.6996762894141066,0.39326806279464566,0.6067319372053543,0.7085924609722046
402,I,0.6944517950074975,0.69436358825086,0.3055482049925024,30980256,48364197.0,7872,2.557082128910611,0.5916530938900901,0.40834690610990987,0.3465447154471545,7871,2.5572127378211906,0.5916833139464428,0.4083166860535572,0.34646169482911954
403,Q,0.6933051071712093,0.6933051071712093,0.3066948928287907,30885870,-2356604.0,7860,3.494593541498692,0.808572809351602,0.19142719064839797,0.19185750636132315,7859,3.494635738592453,0.808582572839757,0.19141742716024301,0.1918819188191882
404,E,0.6926876598747465,0.6926876598747465,0.3073123401252536,30830878,-18335932.0,7853,3.673165571992978,0.84989048668768,0.15010951331232003,0.200687635298612,7852,3.67327248526101,0.8499152240886002,0.1500847759113998,0.20071319409067753
405,K,0.6925994531181089,0.6925112463614713,0.30740054688189117,30815175,143817443.0,7851,0.33492191218834777,0.07749363359018967,0.9225063664098103,0.9574576487071711,7850,0.3349565871447946,0.07750165661965373,0.9224983433803463,0.957452229299363
406,A,0.6914527652818205,0.6914527652818205,0.3085472347181794,30721041,14548932.0,7839,2.8190813864652906,0.6522740139522754,0.34772598604772464,0.36969001148105624,7838,2.819257874400915,0.6523148494154645,0.34768515058453553,0.3696095942842562
407,K,0.6903942842021699,0.6903060774455323,0.30960571579783014,30619225,12225920.0,7826,3.3273881608980194,0.7698851271575209,0.2301148728424791,0.1857909532328137,7825,3.3274139220023273,0.7698910877158047,0.23010891228419528,0.18581469648562302
408,Y,0.6894240098791568,0.6894240098791568,0.31057599012084325,30541020,139207491.0,7816,1.4125718845683197,0.3268383586111314,0.6731616413888686,0.717374616171955,7815,1.412691313118959,0.3268659917757785,0.6731340082242214,0.7173384516954574
409,V,0.6885419423127812,0.6884537355561436,0.31145805768721885,30455110,53190255.0,7805,2.126531495160246,0.49203305757812876,0.5079669424218712,0.3559256886611147,7804,2.1266129933908884,0.4920519144931105,0.5079480855068895,0.35584315735520244
410,K,0.6873952544764929,0.6873070477198553,0.3126047455235071,30353736,15945789.0,7792,3.004324324819009,0.6951351940290221,0.30486480597097787,0.4056724845995893,7791,3.004542855949239,0.6951857573714545,0.3048142426285455,0.40559620074444874
411,E,0.6866013936667549,0.6866013936667549,0.3133986063332451,30291436,16375543.0,7784,3.2840878759402488,0.7598663845946836,0.24013361540531641,0.19681397738951695,7783,3.284208473933521,0.7598942883428775,0.24010571165712247,0.19671077990492097
412,N,0.6851900855605539,0.6851900855605539,0.31480991443944606,30167028,15404974.0,7768,3.1625827342633714,0.7317527420237643,0.2682472579762357,0.24047373841400618,7767,3.162711653381396,0.731782571098935,0.26821742890106504,0.2405046993691258
413,N,0.6839551909676281,0.6839551909676281,0.31604480903237187,30058381,38980691.0,7754,2.3879858760397474,0.5525279050488189,0.4474720949511811,0.5162496775857622,7753,2.3879590602217835,0.5525217004527739,0.44747829954722607,0.51631626467174
414,L,0.6826320896180648,0.6826320896180648,0.31736791038193524,29942191,83911553.0,7739,1.099211415117478,0.25433357311469235,0.7456664268853077,0.8183227807210234,7738,1.0993160846237262,0.25435779135802034,0.7456422086419796,0.8182993021452571
415,G,0.6816618152950517,0.6816618152950517,0.3183381847049484,29857128,84906758.0,7728,1.4361093304973325,0.3322844107925308,0.6677155892074692,0.7159679089026915,7727,1.4362327987419914,0.33231297865436193,0.6676870213456381,0.7159311505111945
416,G,0.6806033342154009,0.6806033342154009,0.3193966657845991,29764470,177116013.0,7716,0.04303267447613927,0.009956823327774679,0.9900431766722253,0.9966303784344219,7715,0.043037621049459594,0.0099579678570708,0.9900420321429292,0.9966299416720674
417,I,0.6788391990826498,0.6788391990826498,0.3211608009173503,29610360,17284215.0,7696,2.734844157125504,0.6327833543461068,0.3672166456538932,0.3225051975051975,7695,2.7348576821294173,0.6327864837373451,0.36721351626265486,0.3225471085120208
418,I,0.6782217517861868,0.6782217517861868,0.3217782482138132,29556516,80890115.0,7689,1.4968631437421114,0.3463415195437495,0.6536584804562505,0.7154376381844193,7688,1.4965843109670796,0.3462770037144922,0.6537229962855078,0.7155306971904266
419,G,0.6767222369233483,0.6767222369233483,0.3232777630766517,29425956,16274664.0,7672,2.972498885602068,0.6877714807699818,0.31222851923001815,0.31230448383733056,7671,2.971955979852388,0.6876458642077067,0.3123541357922933,0.31234519619345585
420,W,0.675399135573785,0.675399135573785,0.32460086442621505,29310996,304318665.0,7657,0.2609797535775244,0.06038502905364186,0.9396149709463582,0.9689173305472117,7656,0.26100789127531554,0.0603915395038792,0.9396084604961208,0.9689132706374086
421,M,0.6722236923348328,0.6722236923348328,0.32777630766516713,29036010,39159596.0,7621,2.4118786783423256,0.5580561789529688,0.4419438210470312,0.5032148012071906,7620,2.4115486093882974,0.5579798081881663,0.4420201918118337,0.5032808398950132
422,A,0.6687836288259681,0.6687836288259681,0.3312163711740319,28739571,23941879.0,7582,2.6957095410250935,0.6237284568001006,0.3762715431998994,0.4291743603270905,7581,2.6956107969757865,0.6237056095784118,0.3762943904215882,0.42923097216726025
423,S,0.6617270882949634,0.6617270882949634,0.3382729117050366,28136251,25371354.0,7502,2.671216932508105,0.6180614008058184,0.3819385991941816,0.4060250599840043,7501,2.6713996703998197,0.6181036823726799,0.3818963176273201,0.4059458738834822
424,Q,0.6613742612684131,0.6613742612684131,0.33862573873158686,28106253,-9302978.0,7498,3.2583782133767594,0.753917728809803,0.246082271190197,0.29647906108295546,7497,3.2584170047424963,0.7539267042866933,0.24607329571330672,0.2965186074429772
425,D,0.6577577842462733,0.6577577842462733,0.3422422157537267,27799696,154086780.0,7457,0.30763604250537485,0.07118027781843335,0.9288197221815666,0.9641947163738769,7456,0.3076702470224216,0.07118819199846961,0.9288118080015304,0.9641899141630901
426,A,0.44420922642674426,0.44420922642674426,0.5557907735732557,12678130,9339024.0,5036,2.718114282154054,0.6289124257688264,0.37108757423117356,0.517077045274027,5035,2.7178754350733723,0.6288571617580799,0.37114283824192007,0.5171797418073486
427,T,0.39013848460792094,0.39013848460792094,0.609861515392079,9779253,-4808770.0,4423,3.3582005617625885,0.7770144454127271,0.22298555458727287,0.3352927877006557,4422,3.358138443248505,0.7770000725419344,0.22299992745806563,0.3353686114880145
428,T,0.3684396224750816,0.3684396224750816,0.6315603775249184,8721576,-1254858.0,4177,3.706814281582213,0.8576760649875689,0.14232393501243112,0.13382810629638497,4176,3.7069348979640524,0.8577039729904766,0.14229602700952337,0.13386015325670497
429,N,0.3418893887271765,0.3418893887271765,0.6581106112728236,7509750,13039190.0,3876,2.253564554378004,0.5214257398321515,0.47857426016784854,0.5678534571723426,3875,2.25347297914892,0.5214045513192763,0.4785954486807237,0.568
430,S,0.3563552968157361,0.3563552968157361,0.6436447031842639,8158780,-2657279.0,4040,3.724527457313724,0.8617745079377106,0.1382254920622894,0.1655940594059406,4039,3.724807068618838,0.8618392039018672,0.1381607960981328,0.16538747214657093
431,T,0.3077533739084414,0.3077533739084414,0.6922466260915586,6084816,-1092703.0,3489,3.3679384274375694,0.779267575372594,0.22073242462740605,0.29177414732014906,3488,3.368141804092222,0.779314632299546,0.220685367700454,0.2918577981651376
432,K,0.37743671165211257,0.37743671165211257,0.6225632883478874,9152781,2455359.0,4279,3.0143926291783583,0.697464780301237,0.30253521969876296,0.43070810937134846,4278,3.014335884631652,0.6974516508494135,0.3025483491505865,0.4308087891538102
433,R,0.42136367645761663,0.4212754697009791,0.5786363235423834,11402700,4122341.0,4776,3.3875827677945884,0.7838128477431032,0.21618715225689678,0.20854271356783918,4775,3.387647056019744,0.7838277226377669,0.2161722773622331,0.208586387434555
434,D,0.44870777101525977,0.44870777101525977,0.5512922289847403,12936241,-4457241.0,5087,3.412596950378837,0.7896005846130987,0.21039941538690132,0.19913505012777669,5086,3.4126871569152852,0.7896214564403173,0.21037854355968266,0.19917420369642155
435,E,0.4862838493428597,0.4862838493428597,0.5137161506571404,15193828,6586710.0,5513,2.950117782841846,0.6825929812047767,0.31740701879522326,0.2992925811717758,5512,2.950118587375372,0.6825931673563065,0.3174068326436935,0.2993468795355588
436,L,0.53215136279439,0.53215136279439,0.46784863720560993,18195528,64997422.0,6033,0.623502412574793,0.14426487412235456,0.8557351258776454,0.905022376926902,6032,0.6235819078055513,0.14428326758680216,0.8557167324131978,0.9050066312997348
437,T,0.5341801181970539,0.5341801181970539,0.4658198818029461,18334540,29918305.0,6056,2.3396265364753424,0.5413386074708209,0.45866139252917915,0.43394980184940557,6055,2.339441164326338,0.5412957163942146,0.4587042836057854,0.43402146985962015
438,T,0.5332098438740408,0.5332098438740408,0.46679015612595925,18267990,6321508.0,6045,3.358347249304912,0.7770483857141628,0.2229516142858372,0.2152191894127378,6044,3.3583696973857458,0.777053579710995,0.22294642028900502,0.21525479814692255
439,A,0.5319749492811149,0.5319749492811149,0.46802505071888506,18183465,14421677.0,6031,2.6151740945396833,0.605094309096283,0.39490569090371697,0.4453656110097828,6030,2.615414241668329,0.6051498739098045,0.39485012609019554,0.44527363184079605
440,T,0.5294169533386257,0.5294169533386257,0.47058304666137424,18009001,26376849.0,6002,2.575687155316707,0.5959578916557227,0.40404210834427734,0.29973342219260246,6001,2.575212017500636,0.5958479551168356,0.40415204488316436,0.2997833694384269
441,K,0.5192731763253066,0.5192731763253066,0.4807268236746935,17325441,-7603810.0,5887,3.5947274879722197,0.8317416229632818,0.1682583770367182,0.1382707660947851,5886,3.594853130439042,0.8317706938927522,0.16822930610724784,0.1381243628950051
442,E,0.5108053276881009,0.5108053276881009,0.4891946723118991,16764945,7514856.0,5791,3.3891934220709112,0.7841855180515769,0.21581448194842312,0.19288551200138146,5790,3.3893686360085455,0.7842260587393874,0.21577394126061256,0.1927461139896373
443,S,0.4925465290641263,0.4925465290641263,0.5074534709358737,15587736,-2422674.0,5584,3.359327134449716,0.7772751097880694,0.22272489021193065,0.248567335243553,5583,3.359312195050727,0.7772716531366256,0.2227283468633744,0.24861185742432385
444,L,0.48310840610390754,0.48310840610390754,0.5168915938960924,14996026,37328584.0,5477,1.5056369159541714,0.34837157928084667,0.6516284207191534,0.738177834580975,5476,1.5058318813519962,0.34841669002622333,0.6515833099737767,0.7381300219138057
445,F,0.3149863279527212,0.3149863279527212,0.6850136720472788,6374235,-2459536.0,3571,3.310593392811388,0.7659991837272037,0.23400081627279634,0.37496499579949594,3570,3.310498425610901,0.7659772103860462,0.23402278961395384,0.3750700280112045
446,G,0.2722942577401429,0.2722942577401429,0.7277057422598571,4763241,9730671.0,3087,2.1415434872399324,0.49550650548149505,0.5044934945185049,0.6472303206997084,3086,2.1420340145212924,0.49562000280736224,0.5043799971926377,0.6471160077770577
447,K,0.23118990914704066,0.23118990914704066,0.7688100908529594,3433510,-948792.0,2621,3.6425022225822445,0.842795655691531,0.15720434430846897,0.1934376192293018,2620,3.642648127947463,0.8428294150142258,0.1571705849857742,0.19351145038167938
448,E,0.21610655376201818,0.21610655376201818,0.7838934462379819,3000025,-2344134.0,2450,3.777017746141085,0.8739196171748251,0.12608038282517486,0.13183673469387755,2449,3.7773020111474644,0.873985389904065,0.12601461009593495,0.1318905675786035
449,D,0.2090500132310135,0.20896180647437593,0.7909499867689865,2804896,-1101895.0,2369,3.640984459146682,0.8424444782998114,0.1575555217001886,0.1570282819755171,2368,3.6413474600670694,0.842528468804146,0.157471531195854,0.1570945945945946
450,L,0.2011996118902708,0.2011996118902708,0.7988003881097292,2600340,-1492818.0,2281,3.3581655576832525,0.7770063462313971,0.22299365376860292,0.25602805786935556,2280,3.358775917237434,0.7771475701344286,0.2228524298655714,0.25570175438596493
451,P,0.1865572902884361,0.1865572902884361,0.813442709711564,2235555,2507463.0,2115,2.676009498834135,0.6191702962387847,0.3808297037612153,0.49598108747044917,2114,2.6767966415771185,0.619352423920158,0.380647576079842,0.4957426679280984
452,K,0.17165034841668872,0.17165034841668872,0.8283496515833113,1892485,-378850.0,1946,3.6680299412052038,0.8487022136125565,0.1512977863874435,0.14902363823227133,1945,3.6678944421980875,0.848670862094405,0.151329137905595,0.14910025706940874
453,Y,0.1651230484255094,0.1651230484255094,0.8348769515744906,1751256,-359091.0,1872,3.5201455250521283,0.8144849816488837,0.18551501835111628,0.2467948717948718,1871,3.5194651234555376,0.8143275515432334,0.18567244845676656,0.24692677712453234
454,E,0.16291787950957043,0.16282967275293286,0.8370821204904295,1702935,-877774.0,1846,3.7144930899177764,0.8594527739394477,0.14054722606055225,0.19068255687973998,1845,3.7152096630765077,0.8596185733565131,0.14038142664348685,0.1902439024390244
455,I,0.15771368086795448,0.15771368086795448,0.8422863191320455,1597578,-229150.0,1788,3.1884983189601903,0.7377490437039047,0.2622509562960953,0.2376957494407159,1787,3.189121929044794,0.7378933334909887,0.26210666650901127,0.23726916620033575
456,K,0.15586133897856574,0.15586133897856574,0.8441386610214342,1560261,-368371.0,1767,3.5570374748084412,0.8230209750634789,0.17697902493652107,0.1941143180531975,1766,3.5567648514268018,0.8229578959525696,0.17704210404743037,0.1942242355605889
457,Y,0.1557731322219282,0.1557731322219282,0.8442268677780718,1558495,-298993.0,1766,3.3063572428739167,0.7650190309239947,0.2349809690760053,0.2797281993204983,1765,3.3071886322133115,0.7652113963037839,0.23478860369621612,0.2793201133144476
458,T,0.15250948222633853,0.15250948222633853,0.8474905177736615,1493856,1879920.0,1729,2.559466791061826,0.5922048527576279,0.4077951472423721,0.5147484094852516,1728,2.559399456504653,0.5921892730081054,0.4078107269918946,0.5150462962962963
459,E,0.12957572550057334,0.1294875187439358,0.8704242744994266,1076778,520797.0,1468,3.0785958087530427,0.7123199972704026,0.2876800027295974,0.39645776566757496,1467,3.0781509203310433,0.712217059782265,0.287782940217735,0.3967280163599182
460,N,0.1107876863367734,0.1107876863367734,0.8892123136632266,788140,-251168.0,1256,3.2792854170285817,0.7587552002329289,0.24124479976707114,0.25398089171974525,1255,3.2791150060378196,0.7587157708423835,0.2412842291576165,0.2541832669322709
461,D,0.10875893093410956,0.10875893093410956,0.8912410690658904,759528,33905.0,1233,3.423720786558464,0.7921743979518225,0.20782560204817746,0.1897810218978102,1232,3.4245108282272754,0.792357196381474,0.20764280361852605,0.18993506493506493
462,I,0.1050542471553321,0.1050542471553321,0.8949457528446679,708645,-75664.0,1191,3.1056577776295677,0.718581547273638,0.281418452726362,0.25272879932829556,1190,3.105428790333523,0.7185285646022429,0.2814714353977571,0.2529411764705882
463,T,0.10346652553585604,0.10346652553585604,0.896533474464144,687378,550102.0,1173,2.7516851151679806,0.6366799851258734,0.3633200148741266,0.4578005115089514,1172,2.753070564914911,0.6370005480127409,0.36299945198725914,0.45733788395904434
464,C,0.10064390932345417,0.10064390932345417,0.8993560906765459,650370,86876.0,1141,3.1291648218859454,0.7240205651703461,0.2759794348296539,0.32164767747589834,1140,3.1273265647365043,0.7235952325157803,0.2764047674842197,0.3219298245614035
465,T,0.09896798094734056,0.09896798094734056,0.9010320190526594,628881,533244.0,1122,2.8213863527219725,0.65280733292614,0.34719266707386,0.49019607843137253,1121,2.8229850574207216,0.6531772383627067,0.3468227616372933,0.4897413024085638
466,V,0.09411660933227485,0.09411660933227485,0.9058833906677252,568711,-93214.0,1067,3.124860981549163,0.7230247502834964,0.27697524971650356,0.2614807872539831,1066,3.1254893282096132,0.7231701360110363,0.2768298639889637,0.26172607879924953
467,T,0.0899708917703096,0.0899708917703096,0.9100291082296904,519690,259230.0,1020,3.0633870552847946,0.7088010230685321,0.2911989769314679,0.3686274509803922,1019,3.064979213993616,0.7091694139056459,0.2908305860943541,0.3680078508341511
468,P,0.081503043133104,0.081503043133104,0.918496956866896,426426,857101.0,924,2.0522967855773535,0.4748567631204054,0.5251432368795945,0.5909090909090909,923,2.0536973965084386,0.47518083397497196,0.5248191660250281,0.590465872156013
469,V,0.06271500396930405,0.06271500396930405,0.9372849960306959,252405,-41760.0,711,3.172948415251404,0.7341511347689593,0.2658488652310407,0.25738396624472576,710,3.1743431674875637,0.7344738500491625,0.26552614995083745,0.2577464788732394
470,K,0.05918673370380171,0.05918673370380171,0.9408132662961983,224785,214781.0,671,2.709211185018866,0.6268524430620989,0.37314755693790114,0.4903129657228018,670,2.7079280177473737,0.6265555461116359,0.3734444538883641,0.491044776119403
471,Q,0.046132133721443064,0.046132133721443064,0.9538678662785569,136503,-55591.0,523,3.392369017310828,0.7849202816039075,0.21507971839609252,0.2198852772466539,522,3.393170455725872,0.785105716992338,0.214894283007662,0.22030651340996169
472,S,0.04242744994266561,0.04242744994266561,0.9575725500573344,115440,20650.0,481,3.2934168125268206,0.7620248972727652,0.23797510272723477,0.3180873180873181,480,3.296828661068021,0.7628143246917999,0.23718567530820012,0.31666666666666665
473,W,0.03898738643380083,0.03898738643380083,0.9610126135661992,97461,161398.0,442,2.420260036384159,0.5599954426005405,0.44000455739945954,0.4819004524886878,441,2.4233559738375448,0.5607117750765591,0.4392882249234409,0.48072562358276644
474,G,0.03898738643380083,0.03898738643380083,0.9610126135661992,97461,40358.0,442,2.836306582347708,0.6562595489968759,0.3437404510031241,0.36425339366515835,441,2.839427816852644,0.6569817346594806,0.3430182653405194,0.36281179138321995
475,S,0.037135044544412105,0.037135044544412105,0.9628649554555879,88410,66550.0,421,2.8572919662887815,0.661115109635633,0.338884890364367,0.3919239904988123,420,2.860871185022832,0.6619432628708256,0.3380567371291744,0.3904761904761905
476,G,0.03395960130546,0.03395960130546,0.96604039869454,73920,54384.0,385,2.7361165494331243,0.6330777582046822,0.36692224179531785,0.44675324675324674,384,2.7402085803978586,0.6340245650174968,0.3659754349825032,0.4453125
477,G,0.03298932698244685,0.03298932698244685,0.9670106730175532,69751,-2642.0,374,3.2840822061574833,0.7598650727304783,0.24013492726952168,0.2967914438502674,373,3.2881760824055637,0.7608123065016563,0.23918769349834368,0.2949061662198391
478,V,0.03193084590279616,0.03193084590279616,0.9680691540972038,65341,32800.0,362,2.696996580749932,0.6240262497518994,0.37597375024810065,0.4530386740331492,361,2.6955170549540037,0.6236839197169137,0.3763160802830863,0.45429362880886426
479,L,0.03104877833642057,0.03104877833642057,0.9689512216635794,61776,153454.0,352,2.033373796424397,0.4704783957025529,0.5295216042974471,0.6505681818181818,351,2.0286936642939013,0.46939551509284716,0.5306044849071528,0.6524216524216524
480,K,0.030166710770044985,0.030166710770044985,0.969833289229955,58311,39171.0,342,2.849744907621579,0.6593688846866039,0.34063111531339607,0.28654970760233917,341,2.8485240955181674,0.6590864153635128,0.34091358463648724,0.2873900293255132
481,M,0.0282261621240187,0.0282261621240187,0.9717738378759813,51040,84019.0,320,2.283187127209396,0.5282797578030738,0.4717202421969262,0.546875,319,2.275685518687224,0.5265440490273896,0.4734559509726104,0.54858934169279
482,S,0.027873335097468466,0.027873335097468466,0.9721266649025315,49770,110048.0,316,1.885785431607991,0.43632966356816216,0.5636703364318378,0.6455696202531646,315,1.8831955177243909,0.4357304139215371,0.5642695860784629,0.6476190476190476
483,I,0.027961541854106025,0.027961541854106025,0.972038458145894,50086,82066.0,317,2.2328144211245826,0.516624611077148,0.48337538892285203,0.4668769716088328,316,2.2363945531278615,0.5174529756229427,0.4825470243770573,0.4651898734177215
484,T,0.027785128340830908,0.027785128340830908,0.9722148716591691,49455,43373.0,315,2.3550249239710808,0.5449014588551263,0.4550985411448737,0.4222222222222222,314,2.3575927487248416,0.5454955975583589,0.45450440244164114,0.42356687898089174
485,N,0.02699126753109288,0.02699126753109288,0.9730087324689071,46665,213491.0,306,0.8669149885090403,0.2005852410026349,0.7994147589973651,0.8725490196078431,305,0.8691113096209875,0.2010934218570423,0.7989065781429577,0.8721311475409836
486,N,0.026550233747905088,0.026550233747905088,0.9734497662520949,45150,119139.0,301,1.9205876539474502,0.4443821395870549,0.5556178604129451,0.6877076411960132,300,1.9251855329496457,0.44544598861490764,0.5545540113850924,0.6866666666666666
487,E,0.026373820234629974,0.026373820234629974,0.97362617976537,44551,88111.0,299,1.882953324488313,0.43567437568333406,0.5643256243166659,0.6488294314381271,298,1.8871733078055692,0.4366507878828448,0.5633492121171553,0.6476510067114094
488,K,0.02602099320807974,0.02602099320807974,0.9739790067919203,43365,10741.0,295,2.9256979431406354,0.6769427623290628,0.3230572376709372,0.3389830508474576,294,2.930324451171614,0.67801323549044,0.32198676450956,0.336734693877551
489,L,0.02549175266825439,0.02549175266825439,0.9745082473317456,41616,24005.0,289,2.641117200950226,0.6110969787013679,0.3889030212986321,0.43944636678200694,288,2.6461577573138224,0.6122632536261079,0.3877367463738921,0.4375
490,D,0.02540354591161683,0.02540354591161683,0.9745964540883831,41328,22575.0,288,2.991831070746111,0.6922445272250842,0.3077554727749158,0.2986111111111111,287,2.9906367489773626,0.6919681871882933,0.30803181281170666,0.29965156794425085
491,E,0.024697891858516362,0.024697891858516362,0.9753021081414837,39060,63731.0,280,2.0374219656411086,0.4714150538624839,0.528584946137516,0.6678571428571428,279,2.0426325332192024,0.47262066567825145,0.5273793343217485,0.6666666666666666
492,S,0.024609685101878803,0.024609685101878803,0.9753903148981212,38781,53823.0,279,2.261203253108953,0.5231931682953842,0.4768068317046158,0.43727598566308246,278,2.2650323140526467,0.5240791295746159,0.4759208704253841,0.4352517985611511
493,G,0.02416865131869101,0.02416865131869101,0.9758313486813089,37401,48694.0,274,2.32545813275091,0.5380603475337356,0.46193965246626445,0.3686131386861314,273,2.3286856333118813,0.5388071208465052,0.46119287915349483,0.3663003663003663
494,E,0.022933756725765194,0.022933756725765194,0.9770662432742349,33670,19120.0,260,3.0941278440435935,0.7159137718426646,0.2840862281573354,0.2423076923076923,259,3.0981444730164562,0.7168431322773313,0.2831568677226687,0.23938223938223938
495,V,0.022933756725765194,0.022933756725765194,0.9770662432742349,33670,74292.0,260,1.3864060944245706,0.3207841648417575,0.6792158351582425,0.7346153846153847,259,1.3900372210260832,0.32162432842657235,0.6783756715734277,0.7335907335907336
496,L,0.02258092969921496,0.02258092969921496,0.977419070300785,32640,94766.0,256,1.279172403751086,0.2959726251032003,0.7040273748967997,0.7734375,255,1.2827320160868365,0.29679624184498765,0.7032037581550123,0.7725490196078432
497,S,0.022139895916027167,0.022139895916027167,0.9778601040839728,31375,19407.0,251,2.7558393134886545,0.6376411761104223,0.36235882388957774,0.30677290836653387,250,2.7600175176853003,0.6386079215316588,0.3613920784683412,0.304
498,T,0.02205168915938961,0.02205168915938961,0.9779483108406104,31125,-5572.0,250,3.1485394539000904,0.7285034329064068,0.27149656709359316,0.336,249,3.1454463521916014,0.7277877565599752,0.2722122434400248,0.3373493975903614
499,V,0.02196348240275205,0.02196348240275205,0.978036517597248,30876,46701.0,249,1.9079754838078284,0.44146395819608236,0.5585360418039176,0.5502008032128514,248,1.9121836625592268,0.44243763907623773,0.5575623609237623,0.5483870967741935
500,E,0.02187527564611449,0.02187527564611449,0.9781247243538855,30628,113561.0,248,1.0610457712166625,0.24550287462483,0.75449712537517,0.8467741935483871,247,1.064367905231514,0.24627154405706358,0.7537284559429365,0.8461538461538461
501,T,0.021698862132839374,0.021698862132839374,0.9783011378671607,30135,-12864.0,246,3.4018630257530686,0.7871169883129968,0.2128830116870032,0.18292682926829268,245,3.404019435678018,0.7876159345882715,0.2123840654117285,0.1836734693877551
502,S,0.021610655376201816,0.021610655376201816,0.9783893446237982,29890,-5441.0,245,3.0378690607264502,0.7028967150842019,0.29710328491579807,0.3183673469387755,244,3.036716557027685,0.7026300508377217,0.2973699491622783,0.319672131147541
503,A,0.021610655376201816,0.021610655376201816,0.9783893446237982,29890,930.0,245,2.7605478592013455,0.6387306310040057,0.36126936899599427,0.4163265306122449,244,2.7666633849885476,0.640145630433181,0.35985436956681904,0.4139344262295082
504,K,0.021522448619564257,0.021522448619564257,0.9784775513804358,29646,51725.0,244,2.08867643654876,0.48327422175754514,0.5167257782424548,0.430327868852459,243,2.0922494946379713,0.4841009495537429,0.5158990504462571,0.4279835390946502
505,T,0.021346035106289143,0.021346035106289143,0.9786539648937108,29161,122859.0,242,0.6015497913863572,0.13918551585760122,0.8608144841423988,0.9132231404958677,241,0.6035012646329816,0.13963704425043424,0.8603629557495658,0.9128630705394191
506,V,0.021257828349651585,0.021257828349651585,0.9787421716503484,28920,73303.0,241,1.8319543123726325,0.42387431538709497,0.576125684612905,0.3900414937759336,240,1.8338436319676248,0.424311462779072,0.5756885372209279,0.39166666666666666
507,K,0.021257828349651585,0.021257828349651585,0.9787421716503484,28920,81611.0,241,1.3490368962707042,0.3121377465457029,0.6878622534542971,0.7800829875518672,240,1.353161437634463,0.31309207555655294,0.6869079244434471,0.7791666666666667
508,N,0.021169621593014026,0.021169621593014026,0.978830378406986,28680,-6804.0,240,2.788936376897962,0.645299115502903,0.354700884497097,0.35833333333333334,239,2.7914438216124613,0.6458792835805408,0.3541207164194592,0.3598326359832636
509,M,0.021081414836376468,0.021081414836376468,0.9789185851636235,28441,100158.0,239,1.36368728067615,0.3155275263115385,0.6844724736884615,0.7656903765690377,238,1.3532251636249883,0.31310682036237253,0.6868931796376274,0.7689075630252101
510,K,0.02099320807973891,0.02099320807973891,0.9790067919202611,28203,60600.0,238,1.8064079818969527,0.4179634510888435,0.5820365489111565,0.6890756302521008,237,1.8117572220707665,0.4192011487220229,0.5807988512779771,0.6877637130801688
511,V,0.020816794566463792,0.020816794566463792,0.9791832054335362,27730,49646.0,236,1.9669019604663291,0.4550982610731265,0.5449017389268735,0.5127118644067796,235,1.9596534391187257,0.45342111115566763,0.5465788888443324,0.5148936170212766
512,Y,0.020728587809826234,0.020728587809826234,0.9792714121901738,27495,64809.0,235,1.929115148778663,0.44635521610383,0.55364478389617,0.6553191489361702,234,1.9347466206742163,0.44765821600848255,0.5523417839915175,0.6538461538461539
513,I,0.020640381053188675,0.020640381053188675,0.9793596189468113,27261,81855.0,234,1.1766010300444063,0.27223984393360684,0.7277601560663931,0.7777777777777778,233,1.180090932645598,0.27304733136157217,0.7269526686384278,0.776824034334764
514,K,0.020552174296551116,0.020552174296551116,0.9794478257034489,27028,19266.0,233,2.498077229697039,0.5780006457423822,0.4219993542576178,0.38626609442060084,232,2.502908262923366,0.5791184415780051,0.42088155842199493,0.38362068965517243
515,T,0.020463967539913558,0.020463967539913558,0.9795360324600865,26796,4074.0,232,3.1767454484299846,0.7350296855211277,0.2649703144788723,0.29310344827586204,231,3.1828003427602654,0.7364306561521392,0.2635693438478608,0.29004329004329005
516,D,0.020640381053188675,0.020640381053188675,0.9793596189468113,27261,37197.0,234,2.5622048308236685,0.5928383755052834,0.4071616244947166,0.34615384615384615,233,2.565959443901562,0.5937071111703527,0.4062928888296473,0.34763948497854075
517,G,0.019317279703625297,0.019317279703625297,0.9806827202963747,23871,49536.0,219,2.0029983085038907,0.46345016958365026,0.5365498304163497,0.5981735159817352,218,2.0087754303613394,0.46478686971623295,0.535213130283767,0.5963302752293578
518,I,0.019229072946987738,0.019229072946987738,0.9807709270530123,23653,986.0,218,2.81341602908817,0.6509631736854458,0.34903682631455424,0.40825688073394495,217,2.805562603300441,0.6491460620594982,0.3508539379405018,0.41013824884792627
519,A,0.020640381053188675,0.020640381053188675,0.9793596189468113,27261,18703.0,234,2.729102362034211,0.6314548280575539,0.36854517194244607,0.43162393162393164,233,2.7286050900290353,0.631339770149542,0.368660229850458,0.4334763948497854
520,I,0.020640381053188675,0.020640381053188675,0.9793596189468113,27261,59441.0,234,1.5771991838057042,0.3649295289459944,0.6350704710540056,0.6794871794871795,233,1.5731207928167914,0.36398587812641287,0.6360141218735871,0.6824034334763949
521,T,0.020552174296551116,0.020552174296551116,0.9794478257034489,27028,20833.0,233,2.683343791454379,0.6208672917600476,0.3791327082399524,0.4034334763948498,232,2.689245281028753,0.6222327678727472,0.3777672321272528,0.40086206896551724
522,G,0.020552174296551116,0.020552174296551116,0.9794478257034489,27028,21128.0,233,2.527557064476789,0.5848216372379657,0.41517836276203435,0.2832618025751073,232,2.5295435628431497,0.5852812696804189,0.41471873031958106,0.28448275862068967
523,S,0.020640381053188675,0.020640381053188675,0.9793596189468113,27261,61892.0,234,1.7749024186235967,0.41067375015406266,0.5893262498459373,0.6581196581196581,233,1.7674562114182788,0.4089508600360789,0.591049139963921,0.6609442060085837
524,Q,0.020640381053188675,0.020640381053188675,0.9793596189468113,27261,31851.0,234,2.294216946173321,0.5308318176064224,0.4691681823935776,0.5341880341880342,233,2.2903511616042405,0.5299373592803679,0.4700626407196321,0.5364806866952789
525,Y,0.020640381053188675,0.020640381053188675,0.9793596189468113,27261,53234.0,234,2.217548373170066,0.5130923801794206,0.4869076198205794,0.5726495726495726,233,2.2236040096283665,0.5144935225226873,0.4855064774773127,0.5708154506437768
526,P,0.020640381053188675,0.020640381053188675,0.9793596189468113,27261,-4103.0,234,3.192457427203657,0.738665095094984,0.261334904905016,0.31196581196581197,233,3.1929143371106683,0.7387708140928433,0.2612291859071567,0.3133047210300429
527,A,0.020463967539913558,0.020463967539913558,0.9795360324600865,26796,39609.0,232,2.0438765130595637,0.472908495510921,0.5270915044890789,0.603448275862069,231,2.049561047580342,0.47422377295098367,0.5257762270490163,0.6017316017316018
528,G,0.020375760783276,0.020375760783276,0.979624239216724,26565,108155.0,231,0.9657474891183391,0.22345292839572525,0.7765470716042747,0.8571428571428571,230,0.9689771977360429,0.22420021260471623,0.7757997873952838,0.8565217391304348
529,P,0.020375760783276,0.020375760783276,0.979624239216724,26565,28709.0,231,2.5928160772790845,0.5999211510127306,0.4000788489872694,0.5324675324675324,230,2.5875481100122664,0.5987022581595501,0.40129774184044986,0.5347826086956522
530,V,0.02028755402663844,0.02028755402663844,0.9797124459733616,26335,88704.0,230,0.9691891665139427,0.22424925756179234,0.7757507424382076,0.7956521739130434,229,0.9719777726856669,0.22489448027501216,0.7751055197249879,0.7947598253275109
531,T,0.020375760783276,0.020375760783276,0.979624239216724,26565,59293.0,231,1.817025571609535,0.4204201300246042,0.5795798699753958,0.6493506493506493,230,1.8222099313800852,0.42161967792469146,0.5783803220753085,0.6478260869565218
532,K,0.020375760783276,0.020375760783276,0.979624239216724,26565,-362.0,231,3.278648650767413,0.7586078663932192,0.2413921336067808,0.18614718614718614,230,3.2763625642548924,0.7580789157808236,0.24192108421917635,0.18695652173913044
533,E,0.02028755402663844,0.02028755402663844,0.9797124459733616,26335,30104.0,230,2.4581010610236804,0.5687510312657673,0.4312489687342327,0.5,229,2.4644545591103184,0.5702210923003675,0.42977890769963245,0.4978165938864629
534,G,0.02028755402663844,0.02028755402663844,0.9797124459733616,26335,54105.0,230,1.9502038486595716,0.45123468180013704,0.548765318199863,0.5130434782608696,229,1.9483853234213522,0.4508139146799319,0.5491860853200681,0.5152838427947598
535,D,0.020111140513363324,0.020111140513363324,0.9798888594866367,25878,83934.0,228,1.3493786889907209,0.31221682993453137,0.6877831700654686,0.7719298245614035,227,1.3411596000106667,0.31031511181252536,0.6896848881874746,0.775330396475771
536,Y,0.020022933756725765,0.020022933756725765,0.9799770662432742,25651,23283.0,227,2.459004028516821,0.5689599582708715,0.43104004172912846,0.4889867841409692,226,2.4653028585896557,0.5704173703181209,0.4295826296818791,0.48672566371681414
537,Y,0.020111140513363324,0.020111140513363324,0.9798888594866367,25878,22950.0,228,2.314100612166931,0.5354324647150893,0.4645675352849107,0.5131578947368421,227,2.3113118588946824,0.534787207966013,0.465212792033987,0.5154185022026432
538,V,0.020111140513363324,0.020111140513363324,0.9798888594866367,25878,46892.0,228,1.93529779061627,0.4477857447248223,0.5522142552751776,0.5701754385964912,227,1.9402421999563235,0.4489297733230543,0.5510702266769457,0.5682819383259912
539,I,0.020111140513363324,0.020111140513363324,0.9798888594866367,25878,75315.0,228,1.4364357945773003,0.3323599474680146,0.6676400525319854,0.631578947368421,227,1.434022517441013,0.33180156771636116,0.6681984322836388,0.6343612334801763
540,D,0.020111140513363324,0.020111140513363324,0.9798888594866367,25878,92504.0,228,1.1675411077404783,0.27014357529955774,0.7298564247004422,0.793859649122807,227,1.1712136747710324,0.27099332729679676,0.7290066727032032,0.7929515418502202
541,F,0.020111140513363324,0.020111140513363324,0.9798888594866367,25878,36411.0,228,1.604659817334512,0.3712833212641249,0.6287166787358751,0.6535087719298246,227,1.5991627141663094,0.37001141135551135,0.6299885886444887,0.6563876651982379
542,G,0.019846520243450648,0.019846520243450648,0.9801534797565493,25200,20606.0,225,2.4344643272385147,0.5632820060376227,0.4367179939623773,0.4088888888888889,224,2.4288972762073286,0.5619939117174577,0.4380060882825423,0.4107142857142857
543,K,0.020111140513363324,0.020111140513363324,0.9798888594866367,25878,20311.0,228,2.674707558831286,0.6188690556872843,0.38113094431271566,0.42543859649122806,227,2.662823970611894,0.6161194522791551,0.3838805477208449,0.42731277533039647
544,I,0.01967010673017553,0.01967010673017553,0.9803298932698244,24753,21884.0,223,2.2600340601614515,0.5229226425203523,0.47707735747964775,0.57847533632287,222,2.252900365447619,0.5212720609842385,0.4787279390157615,0.581081081081081
545,S,0.019581899973537972,0.019581899973537972,0.980418100026462,24531,60390.0,222,1.7224097682649726,0.3985280945100642,0.6014719054899358,0.6216216216216216,221,1.719577912300713,0.397872864737128,0.602127135262872,0.6244343891402715
546,D,0.017905971597424363,0.017905971597424363,0.9820940284025756,20503,62624.0,203,1.5567849247616075,0.36020611416539083,0.6397938858346092,0.6945812807881774,202,1.5618811206426368,0.36138526286225553,0.6386147371377444,0.693069306930693
547,G,0.019846520243450648,0.019846520243450648,0.9801534797565493,25200,37618.0,225,2.0649082545448882,0.47777478227543335,0.5222252177245666,0.48,224,2.0693838146357217,0.4788103293721396,0.5211896706278605,0.47767857142857145
548,K,0.019581899973537972,0.019581899973537972,0.980418100026462,24531,66937.0,222,1.728147635372079,0.39985571194865466,0.6001442880513453,0.6576576576576577,221,1.7332239180665225,0.4010302531679888,0.5989697468320112,0.6561085972850679
549,L,0.01975831348681309,0.01975831348681309,0.9802416865131869,24976,-8962.0,224,3.3391277399765933,0.7726014099879691,0.2273985900120309,0.24553571428571427,223,3.3418229576671035,0.7732250246412758,0.22677497535872415,0.24663677130044842
550,M,0.019934727000088207,0.019934727000088207,0.9800652729999118,25425,72633.0,226,1.3960751786209171,0.3230213802659994,0.6769786197340006,0.6592920353982301,225,1.3872095227466432,0.3209700606513206,0.6790299393486794,0.6622222222222223
551,K,0.020022933756725765,0.020022933756725765,0.9799770662432742,25651,16661.0,227,2.6920569056329926,0.6228833165497523,0.37711668345024774,0.3303964757709251,226,2.6955415855057914,0.6236895955521542,0.3763104044478458,0.33185840707964603
552,A,0.020111140513363324,0.020111140513363324,0.9798888594866367,25878,84387.0,228,1.1899160918921343,0.27532065915204584,0.7246793408479542,0.7017543859649122,227,1.1714915721003232,0.27105762668428995,0.7289423733157101,0.7048458149779736
553,G,0.020111140513363324,0.020111140513363324,0.9798888594866367,25878,142629.0,228,0.27364099026183847,0.06331456337405124,0.9366854366259487,0.9649122807017544,227,0.2746189431186957,0.06354084035862535,0.9364591596413746,0.9647577092511013
554,I,0.020111140513363324,0.020111140513363324,0.9798888594866367,25878,9255.0,228,2.8925438529985725,0.6692716281930547,0.33072837180694525,0.38596491228070173,227,2.8765747549397127,0.6655767268184228,0.33442327318157716,0.3876651982378855
555,T,0.020199347270000882,0.020199347270000882,0.9798006527299992,26106,59587.0,229,1.4238497606125196,0.3294478134184756,0.6705521865815244,0.5545851528384279,228,1.4238000745347223,0.329436317142576,0.670563682857424,0.5570175438596491
556,F,0.020199347270000882,0.020199347270000882,0.9798006527299992,26106,57659.0,229,2.2103951084513627,0.5114372705705483,0.48856272942945167,0.5720524017467249,228,2.2034587889999067,0.5098323573699652,0.49016764263003476,0.5745614035087719
557,T,0.020111140513363324,0.020111140513363324,0.9798888594866367,25878,56541.0,228,1.7757503122232172,0.41086993426009244,0.5891300657399076,0.6666666666666666,227,1.7809890791969527,0.4120820708016357,0.5879179291983643,0.6651982378854625
558,F,0.020111140513363324,0.020111140513363324,0.9798888594866367,25878,111768.0,228,1.0031309245485878,0.23210264088734942,0.7678973591126506,0.8377192982456141,227,1.0064219152180731,0.2328641044279804,0.7671358955720196,0.8370044052863436
559,D,0.020111140513363324,0.020111140513363324,0.9798888594866367,25878,22648.0,228,2.519931781452718,0.5830573128770186,0.41694268712298144,0.3157894736842105,227,2.516039027702039,0.5821566144699155,0.4178433855300845,0.31718061674008813
560,L,0.020111140513363324,0.020111140513363324,0.9798888594866367,25878,93453.0,228,0.5171375636827866,0.11965436544271434,0.8803456345572857,0.9210526315789473,227,0.5188918414543313,0.12006026709888022,0.8799397329011198,0.920704845814978
561,N,0.01967010673017553,0.01967010673017553,0.9803298932698244,24753,29031.0,223,2.56585766437371,0.5936835616050621,0.4063164383949379,0.45739910313901344,222,2.5660150667910107,0.5937199810951241,0.40628001890487586,0.4594594594594595
562,L,0.020111140513363324,0.020111140513363324,0.9798888594866367,25878,14246.0,228,2.674363495608317,0.6187894469535398,0.38121055304646023,0.3684210526315789,227,2.6686469181034997,0.6174667554650859,0.3825332445349141,0.3700440528634361
563,D,0.019405486460262855,0.019405486460262855,0.9805945135397371,24090,25688.0,220,2.6238948926479435,0.6071121117798992,0.3928878882201008,0.35,219,2.628932319961527,0.6082776627106383,0.3917223372893617,0.3470319634703196
564,K,0.019405486460262855,0.019405486460262855,0.9805945135397371,24090,3587.0,220,2.8917561631611015,0.6690893739259366,0.3309106260740634,0.3181818181818182,219,2.8959026317992866,0.6700487764303629,0.32995122356963713,0.319634703196347
565,A,0.01746493781423657,0.01746493781423657,0.9825350621857635,19503,10109.0,198,2.740005896186098,0.6339776683067438,0.36602233169325615,0.3686868686868687,197,2.746575420286221,0.6354977130543403,0.36450228694565967,0.36548223350253806
566,I,0.01693569727441122,0.01693569727441122,0.9830643027255888,18336,-7024.0,192,3.3185022277534615,0.767829115824276,0.23217088417572396,0.22916666666666666,191,3.3203447040423613,0.7682554246957909,0.2317445753042091,0.23036649214659685
567,E,0.017023904031048778,0.017023904031048778,0.9829760959689512,18528,2433.0,193,2.71041244452535,0.6271303883402504,0.37286961165974963,0.33678756476683935,192,2.708057413910321,0.6265854855646084,0.37341451443539164,0.3385416666666667
568,D,0.017112110787686336,0.017112110787686336,0.9828878892123136,18721,30350.0,194,2.279168946906523,0.5273500384244413,0.4726499615755587,0.4381443298969072,193,2.2847847594123882,0.5286494150874886,0.47135058491251136,0.43523316062176165
569,T,0.016759283761136102,0.016671077004498543,0.9832407162388639,17766,8921.0,189,2.8359292271342373,0.6561722372218566,0.3438277627781434,0.2804232804232804,188,2.8384148103315523,0.6567473470207112,0.34325265297928875,0.28191489361702127
570,N,0.016671077004498543,0.016582870247860985,0.9833289229955015,17578,17925.0,188,2.737216780046708,0.6333323275981169,0.36666767240188314,0.3191489361702128,187,2.7370443304362175,0.6332924265153814,0.3667075734846186,0.32085561497326204
571,N,0.01861162565052483,0.01861162565052483,0.9813883743494751,22155,17326.0,211,2.975162680178895,0.6883878247993928,0.31161217520060724,0.35545023696682465,210,2.982194324481264,0.6900147940936499,0.30998520590635015,0.3523809523809524
572,I,0.01967010673017553,0.01967010673017553,0.9803298932698244,24753,83295.0,223,0.9757181204099551,0.22575991524805414,0.7742400847519458,0.8161434977578476,222,0.97878965969828,0.22647060252023676,0.7735293974797632,0.8153153153153153
573,I,0.019581899973537972,0.019581899973537972,0.980418100026462,24531,-881.0,222,3.3042513997400476,0.7645317847024853,0.23546821529751472,0.18018018018018017,221,3.303338883169197,0.7643206482488433,0.23567935175115673,0.18099547511312217
574,S,0.01967010673017553,0.01967010673017553,0.9803298932698244,24753,29040.0,223,2.3014761098876497,0.5325114299356779,0.4674885700643221,0.5426008968609866,222,2.3078576458993023,0.5339879783352688,0.4660120216647312,0.5405405405405406
575,I,0.01975831348681309,0.01975831348681309,0.9802416865131869,24976,77140.0,224,1.3751381613952463,0.31817701063142856,0.6818229893685714,0.6696428571428571,223,1.3787032166788336,0.31900188675276075,0.6809981132472392,0.6681614349775785
576,E,0.01975831348681309,0.01975831348681309,0.9802416865131869,24976,12324.0,224,2.7812616022752032,0.6435233398642852,0.3564766601357148,0.36160714285714285,223,2.787127249747245,0.6448805228953913,0.35511947710460867,0.35874439461883406
577,V,0.01975831348681309,0.01975831348681309,0.9802416865131869,24976,72158.0,224,1.3865506937864316,0.32081762198372893,0.6791823780162711,0.6964285714285714,223,1.3759076181647583,0.31835504616386195,0.681644953836138,0.6995515695067265
578,S,0.019493693216900414,0.019493693216900414,0.9805063067830996,24310,7205.0,221,2.734475110825367,0.6326979650726078,0.3673020349273922,0.27601809954751133,220,2.7384236940779534,0.6336115812101039,0.36638841878989614,0.2727272727272727
579,Q,0.01967010673017553,0.01967010673017553,0.9803298932698244,24753,117400.0,223,0.2302424226088607,0.05327308033681232,0.9467269196631877,0.9730941704035875,222,0.2311019002811455,0.053471944744876286,0.9465280552551237,0.972972972972973
580,R,0.018435212137249714,0.018435212137249714,0.9815647878627503,21736,84044.0,209,0.8995872292921672,0.2081448856949602,0.7918551143050399,0.8373205741626795,208,0.9026774518436752,0.2088598958671941,0.7911401041328059,0.8365384615384616
581,M,0.01967010673017553,0.01967010673017553,0.9803298932698244,24753,32511.0,223,2.2799603882680226,0.5275331607124858,0.4724668392875142,0.3452914798206278,222,2.2827614663511238,0.5281812691542747,0.47181873084572534,0.34684684684684686
582,Y,0.019581899973537972,0.019581899973537972,0.980418100026462,24531,-7628.0,222,3.157243737482964,0.7305174144886479,0.26948258551135207,0.1981981981981982,221,3.1605970705174995,0.7312933026943084,0.26870669730569163,0.19909502262443438
583,Q,0.019405486460262855,0.019405486460262855,0.9805945135397371,24090,10793.0,220,3.0410606359680754,0.7036351760607741,0.2963648239392259,0.18181818181818182,219,3.038284706460796,0.7029928864515224,0.29700711354847764,0.182648401826484
584,T,0.019229072946987738,0.019229072946987738,0.9807709270530123,23653,14544.0,218,2.970274094143964,0.6872567124977527,0.31274328750224734,0.22935779816513763,217,2.9715249669407777,0.6875461372103696,0.3124538627896304,0.2304147465437788
585,S,0.019405486460262855,0.019405486460262855,0.9805945135397371,24090,37209.0,220,2.0260738423126736,0.46878934536403405,0.531210654635966,0.5454545454545454,219,2.0259013385138487,0.4687494317432987,0.5312505682567012,0.547945205479452
586,P,0.019405486460262855,0.019405486460262855,0.9805945135397371,24090,-3103.0,220,3.1301407779719748,0.7242463801456539,0.2757536198543461,0.2590909090909091,219,3.135493403667721,0.7254848611148487,0.27451513888515133,0.2557077625570776
587,E,0.019405486460262855,0.019405486460262855,0.9805945135397371,24090,47725.0,220,1.8076240501730871,0.41824482279365577,0.5817551772063443,0.6863636363636364,219,1.8133919277580628,0.41957938400299166,0.5804206159970083,0.684931506849315
588,F,0.019493693216900414,0.019493693216900414,0.9805063067830996,24310,39682.0,221,2.3187301558193485,0.5365036402531308,0.4634963597468692,0.3031674208144796,220,2.3133635224014264,0.5352619182022085,0.4647380817977915,0.30454545454545456
589,N,0.019493693216900414,0.019493693216900414,0.9805063067830996,24310,15309.0,221,2.59944861606641,0.6014557759860548,0.3985442240139452,0.3257918552036199,220,2.6003114321271,0.6016554128244628,0.3983445871755372,0.32727272727272727
590,R,0.019405486460262855,0.019405486460262855,0.9805945135397371,24090,24534.0,220,2.7424384790360707,0.6345405149799337,0.3654594850200663,0.36818181818181817,219,2.7483529548302874,0.6359089958209762,0.36409100417902385,0.365296803652968
591,Q,0.019405486460262855,0.019405486460262855,0.9805945135397371,24090,88879.0,220,0.8549434447199755,0.19781528659195727,0.8021847134080428,0.8545454545454545,219,0.8578092558540376,0.19847837285140987,0.8015216271485901,0.8538812785388128
592,T,0.019405486460262855,0.019405486460262855,0.9805945135397371,24090,19019.0,220,2.418639104484138,0.5596203942738599,0.4403796057261401,0.33636363636363636,219,2.4224757457627546,0.5605081094774411,0.4394918905225589,0.3333333333333333
593,I,0.019405486460262855,0.019405486460262855,0.9805945135397371,24090,79475.0,220,1.153308117022657,0.26685037133934875,0.7331496286606513,0.7136363636363636,219,1.156345781989457,0.267553220831545,0.732446779168455,0.7123287671232876
594,W,0.01905265943371262,0.01905265943371262,0.9809473405662874,23220,75467.0,216,1.8333823915474332,0.42420474179481105,0.575795258205189,0.5231481481481481,215,1.824246510858337,0.4220908980453272,0.5779091019546728,0.5255813953488372
595,E,0.01808238511069948,0.01808238511069948,0.9819176148893005,20910,56728.0,205,1.3644440571458814,0.31570262789886633,0.6842973721011336,0.7365853658536585,204,1.3561259108114443,0.3137779900632029,0.686222009936797,0.7401960784313726
596,N,0.01684749051777366,0.01684749051777366,0.9831525094822263,18145,9005.0,191,2.9765483356861493,0.6887084352947163,0.31129156470528374,0.24083769633507854,190,2.980267520020913,0.6895689735205056,0.3104310264794944,0.24210526315789474
597,T,0.014995148628384934,0.014995148628384934,0.9850048513716151,14365,4098.0,170,3.1243000685312907,0.7228949672316831,0.2771050327683169,0.22941176470588234,169,3.1266165986147896,0.7234309618231339,0.27656903817686607,0.23076923076923078
598,N,0.013936667548734233,0.013936667548734233,0.9860633324512658,12403,942.0,158,2.988061299879473,0.6913722843779397,0.30862771562206026,0.25316455696202533,157,2.989211554931533,0.6916384283365633,0.3083615716634367,0.25477707006369427
599,S,0.013760254035459116,0.013760254035459116,0.9862397459645409,12090,3567.0,156,2.8158647111194215,0.6515297453584331,0.3484702546415669,0.3269230769230769,155,2.823563319751199,0.6533110356674701,0.34668896433252994,0.3225806451612903
600,P,0.011025844579694804,0.011025844579694804,0.9889741554203052,7750,14015.0,125,2.106995727487745,0.4875129065613613,0.5124870934386387,0.6,124,2.1180131094502306,0.49006208871353973,0.5099379112864603,0.5967741935483871
601,R,0.009261709446943637,0.009261709446943637,0.9907382905530564,5460,2551.0,105,3.0299835664515546,0.7010721835089951,0.29892781649100486,0.23809523809523808,104,2.9999829404725387,0.6941306922762961,0.3058693077237039,0.2403846153846154
602,N,0.009438122960218752,0.009438122960218752,0.9905618770397813,5671,2245.0,107,2.7465128832065586,0.6354832433365918,0.3645167566634082,0.3364485981308411,106,2.757470505667242,0.638018598442024,0.361981401557976,0.330188679245283
603,K,0.009261709446943637,0.009261709446943637,0.9907382905530564,5460,2051.0,105,3.0403158957800054,0.7034628594067902,0.2965371405932098,0.22857142857142856,104,3.0421491385956982,0.7038870318537732,0.2961129681462268,0.23076923076923078
604,G,0.009702743230131428,0.009702743230131428,0.9902972567698686,5995,8667.0,110,2.0656524166220858,0.47794696516715657,0.5220530348328434,0.5636363636363636,109,2.056894874443799,0.47592066070627337,0.5240793392937266,0.5688073394495413
605,E,0.008820675663755844,0.008820675663755844,0.9911793243362441,4950,1052.0,100,2.8291561462138377,0.654605093860908,0.34539490613909196,0.3,99,2.8218750105532675,0.6529203977019915,0.3470796022980085,0.30303030303030304
606,L,0.008556055393843168,0.008556055393843168,0.9914439446061568,4656,6102.0,97,1.9540822551178505,0.4521320605563609,0.5478679394436391,0.5979381443298969,96,1.9410968747879973,0.44912752645843956,0.5508724735415604,0.6041666666666666
607,E,0.007056540531004675,0.007056540531004675,0.9929434594689953,3160,3691.0,80,2.603414152101404,0.6023733146280522,0.3976266853719478,0.3,79,2.61411061659634,0.6048482434700174,0.3951517565299826,0.2911392405063291
608,G,0.006703713504454441,0.006703713504454441,0.9932962864955456,2850,2556.0,76,2.1168537585696505,0.48979384017836597,0.5102061598216341,0.42105263157894735,75,2.12700087235104,0.49214166123383263,0.5078583387661674,0.4266666666666667
609,K,0.005998059451353973,0.005998059451353973,0.994001940548646,2278,205.0,68,2.9456017895783417,0.6815480787528256,0.31845192124717436,0.22058823529411764,67,2.95644498913875,0.6840569588920475,0.31594304110795246,0.208955223880597
610,P,0.0061744729646290904,0.0061744729646290904,0.9938255270353709,2415,1541.0,70,2.6912383630739547,0.6226939236350468,0.37730607636495317,0.2714285714285714,69,2.70140352857143,0.6250459214643259,0.3749540785356741,0.2753623188405797
611,I,0.006086266207991532,0.006086266207991532,0.9939137337920084,2346,-1010.0,69,3.0134209279378856,0.6972399498044913,0.30276005019550867,0.2318840579710145,68,3.0262054526605264,0.7001980102909128,0.2998019897090872,0.22058823529411764
612,P,0.005998059451353973,0.005998059451353973,0.994001940548646,2278,1813.0,68,2.5283151844139558,0.584997049674388,0.41500295032561196,0.4117647058823529,67,2.5467150799253124,0.589254384620132,0.410745615379868,0.40298507462686567
613,N,0.005998059451353973,0.005998059451353973,0.994001940548646,2278,1281.0,68,2.376168148825331,0.5497935404423377,0.45020645955766225,0.3382352941176471,67,2.383759841869205,0.5515500928136867,0.4484499071863133,0.34328358208955223
614,P,0.004939578371703272,0.004939578371703272,0.9950604216282968,1540,6598.0,56,1.0026107072567298,0.23198227393990453,0.7680177260600954,0.8392857142857143,55,1.0161988048224306,0.23512626367489686,0.7648737363251031,0.8363636363636363
615,L,0.004851371615065714,0.004851371615065714,0.9951486283849342,1485,182.0,55,2.6405901785874706,0.6109750372087783,0.3890249627912217,0.36363636363636365,54,2.6479148684986202,0.6126698108723694,0.3873301891276306,0.37037037037037035
616,L,0.0046749581017905975,0.0046749581017905975,0.9953250418982094,1378,1619.0,53,2.355674115823566,0.5450516677059523,0.45494833229404774,0.3018867924528302,52,2.353533948577482,0.5445564796326903,0.45544352036730973,0.3076923076923077
617,G,0.004233924318602805,0.004233924318602805,0.9957660756813972,1128,2147.0,48,1.4210285244780434,0.3287950408427788,0.6712049591572212,0.5625,47,1.418802414264581,0.32827996743929116,0.6717200325607089,0.574468085106383
618,L,0.0033518567522272205,0.0033518567522272205,0.9966481432477727,703,746.0,38,1.8170324862100273,0.42042172991251087,0.5795782700874892,0.5,37,1.8164927121495293,0.4202968379548828,0.5797031620451172,0.5135135135135135
619,D,0.0031754432389521038,0.0031754432389521038,0.9968245567610479,630,612.0,36,2.535625771191347,0.5866885601800902,0.4133114398199098,0.3611111111111111,35,2.565037132320554,0.5934937083647625,0.40650629163523755,0.34285714285714286
620,S,0.0031754432389521038,0.0031754432389521038,0.9968245567610479,630,-49.0,36,2.535265686873382,0.5866052445140126,0.41339475548598736,0.3055555555555556,35,2.5574753464208277,0.5917440758549872,0.40825592414501277,0.2857142857142857
621,T,0.0031754432389521038,0.0031754432389521038,0.9968245567610479,630,1767.0,36,1.173732859051434,0.27157621165421625,0.7284237883457838,0.7222222222222222,35,1.1936290398372136,0.27617975441313347,0.7238202455868665,0.7142857142857143
622,R,0.0023815824292140776,0.0023815824292140776,0.997618417570786,351,-109.0,27,2.4436420209076157,0.5654055243997069,0.4345944756002931,0.3333333333333333,26,2.47450498810543,0.5725465426027455,0.4274534573972545,0.3076923076923077
623,T,0.0021169621593014024,0.0021169621593014024,0.9978830378406987,276,1380.0,24,-0.0,-0.0,1.0,1.0,23,-0.0,-0.0,1.0,1.0
624,G,0.0009702743230131428,0.0009702743230131428,0.9990297256769869,55,330.0,11,-0.0,-0.0,1.0,1.0,10,-0.0,-0.0,1.0,1.0
625,H,0.0007938608097380259,0.0007938608097380259,0.999206139190262,36,288.0,9,-0.0,-0.0,1.0,1.0,8,-0.0,-0.0,1.0,1.0
626,H,0.0007938608097380259,0.0007938608097380259,0.999206139190262,36,288.0,9,-0.0,-0.0,1.0,1.0,8,-0.0,-0.0,1.0,1.0
627,H,0.0007938608097380259,0.0007938608097380259,0.999206139190262,36,288.0,9,-0.0,-0.0,1.0,1.0,8,-0.0,-0.0,1.0,1.0
628,H,0.0007938608097380259,0.0007938608097380259,0.999206139190262,36,288.0,9,-0.0,-0.0,1.0,1.0,8,-0.0,-0.0,1.0,1.0
629,H,0.0007938608097380259,0.0007938608097380259,0.999206139190262,36,288.0,9,-0.0,-0.0,1.0,1.0,8,-0.0,-0.0,1.0,1.0
630,H,0.0007938608097380259,0.0007938608097380259,0.999206139190262,36,288.0,9,-0.0,-0.0,1.0,1.0,8,-0.0,-0.0,1.0,1.0
