target,condition,target_position,target_residue,in_frozen_mask,ca_error_angstrom,ca_bfactor,model_residue_id,reference_residue_id
T1188,Automatic_MMseqs2,1,M,False,,35.31,1,
T1188,Automatic_MMseqs2,2,N,False,,34.84,2,
T1188,Automatic_MMseqs2,3,T,False,,38.62,3,
T1188,Automatic_MMseqs2,4,I,False,,34.16,4,
T1188,Automatic_MMseqs2,5,S,False,,44.38,5,
T1188,Automatic_MMseqs2,6,V,False,,32.78,6,
T1188,Automatic_MMseqs2,7,K,False,,30.84,7,
T1188,Automatic_MMseqs2,8,A,False,,34.0,8,
T1188,Automatic_MMseqs2,9,M,False,,29.11,9,
T1188,Automatic_MMseqs2,10,S,False,,31.78,10,
T1188,Automatic_MMseqs2,11,K,False,,32.06,11,
T1188,Automatic_MMseqs2,12,S,False,,32.53,12,
T1188,Automatic_MMseqs2,13,S,False,,37.0,13,
T1188,Automatic_MMseqs2,14,D,False,,32.28,14,
T1188,Automatic_MMseqs2,15,T,False,,33.88,15,
T1188,Automatic_MMseqs2,16,T,False,,30.09,16,
T1188,Automatic_MMseqs2,17,E,False,,30.97,17,
T1188,Automatic_MMseqs2,18,I,False,,28.44,18,
T1188,Automatic_MMseqs2,19,T,False,,29.03,19,
T1188,Automatic_MMseqs2,20,S,False,,30.88,20,
T1188,Automatic_MMseqs2,21,Q,False,,30.69,21,
T1188,Automatic_MMseqs2,22,S,False,,36.09,22,
T1188,Automatic_MMseqs2,23,T,False,,45.66,23,
T1188,Automatic_MMseqs2,24,T,False,,55.59,24,
T1188,Automatic_MMseqs2,25,K,True,0.9941606917713879,84.0,25,25
T1188,Automatic_MMseqs2,26,L,True,0.17574322327954175,96.88,26,26
T1188,Automatic_MMseqs2,27,R,True,0.22875041214470582,98.12,27,27
T1188,Automatic_MMseqs2,28,N,True,0.47206275440137807,98.62,28,28
T1188,Automatic_MMseqs2,29,V,True,0.41077886847708694,98.81,29,29
T1188,Automatic_MMseqs2,30,M,True,0.31751395996575366,98.81,30,30
T1188,Automatic_MMseqs2,31,Y,True,0.20562044882212804,98.81,31,31
T1188,Automatic_MMseqs2,32,Y,True,0.15093911189958523,98.75,32,32
T1188,Automatic_MMseqs2,33,G,True,0.1551437519041522,98.12,33,33
T1188,Automatic_MMseqs2,34,D,True,0.12954062885235734,97.5,34,34
T1188,Automatic_MMseqs2,35,W,True,0.11234964395518045,97.12,35,35
T1188,Automatic_MMseqs2,36,S,True,0.03326068771953418,98.12,36,36
T1188,Automatic_MMseqs2,37,I,True,0.2565406544372852,98.06,37,37
T1188,Automatic_MMseqs2,38,W,True,0.5013928830120048,97.25,38,38
T1188,Automatic_MMseqs2,39,G,True,0.7357610494262757,95.06,39,39
T1188,Automatic_MMseqs2,40,G,True,0.5635134083981115,92.75,40,40
T1188,Automatic_MMseqs2,41,Q,True,0.23313918510382708,95.0,41,41
T1188,Automatic_MMseqs2,42,G,True,0.6910473164951768,94.0,42,42
T1188,Automatic_MMseqs2,43,N,True,0.5898876112323818,95.94,43,43
T1188,Automatic_MMseqs2,44,F,True,0.47026661301835243,97.44,44,44
T1188,Automatic_MMseqs2,45,Y,True,0.3230954612411292,97.75,45,45
T1188,Automatic_MMseqs2,46,P,True,0.32095235895590896,97.69,46,46
T1188,Automatic_MMseqs2,47,K,True,0.6569071645293352,95.88,47,47
T1188,Automatic_MMseqs2,48,D,True,0.6905901159323242,97.0,48,48
T1188,Automatic_MMseqs2,49,I,True,0.3446215889761085,98.19,49,49
T1188,Automatic_MMseqs2,50,P,True,0.6162234006901236,97.88,50,50
T1188,Automatic_MMseqs2,51,A,True,0.5990231122508787,98.12,51,51
T1188,Automatic_MMseqs2,52,D,True,0.6687660510944844,97.5,52,52
T1188,Automatic_MMseqs2,53,K,True,0.43242940766594523,98.06,53,53
T1188,Automatic_MMseqs2,54,L,True,0.516178642245783,98.69,54,54
T1188,Automatic_MMseqs2,55,T,True,0.6286058969722293,98.56,55,55
T1188,Automatic_MMseqs2,56,H,True,0.4943878763144927,98.81,56,56
T1188,Automatic_MMseqs2,57,L,True,0.4106026077967232,98.94,57,57
T1188,Automatic_MMseqs2,58,N,True,0.3387831264937917,98.88,58,58
T1188,Automatic_MMseqs2,59,F,True,0.3464635464738704,98.75,59,59
T1188,Automatic_MMseqs2,60,A,True,0.13520270618614155,98.25,60,60
T1188,Automatic_MMseqs2,61,F,True,0.4549289217059085,98.06,61,61
T1188,Automatic_MMseqs2,62,M,True,0.39241017994834576,98.25,62,62
T1188,Automatic_MMseqs2,63,D,True,0.38016526409704143,98.31,63,63
T1188,Automatic_MMseqs2,64,F,True,0.4215817662192885,98.38,64,64
T1188,Automatic_MMseqs2,65,N,True,0.2009016435853065,97.75,65,65
T1188,Automatic_MMseqs2,66,S,True,0.08347463678679083,97.94,66,66
T1188,Automatic_MMseqs2,67,S,True,0.2914330351513442,98.0,67,67
T1188,Automatic_MMseqs2,68,G,True,0.22582208174690377,97.88,68,68
T1188,Automatic_MMseqs2,69,E,True,0.5470884728710516,98.38,69,69
T1188,Automatic_MMseqs2,70,L,True,0.5443496612663786,98.62,70,70
T1188,Automatic_MMseqs2,71,I,True,0.7027218122336013,98.25,71,71
T1188,Automatic_MMseqs2,72,Y,True,0.7039754252165262,98.38,72,72
T1188,Automatic_MMseqs2,73,C,True,0.7749373063080188,97.75,73,73
T1188,Automatic_MMseqs2,74,D,True,1.3160754479810122,97.62,74,74
T1188,Automatic_MMseqs2,75,K,True,1.294970818355643,97.75,75,75
T1188,Automatic_MMseqs2,76,D,True,1.3898223559345688,97.94,76,76
T1188,Automatic_MMseqs2,77,A,True,0.8480251049694661,98.38,77,77
T1188,Automatic_MMseqs2,78,A,True,0.7761813502099142,98.5,78,78
T1188,Automatic_MMseqs2,79,I,True,0.7627374749090461,97.06,79,79
T1188,Automatic_MMseqs2,80,G,True,1.4823689409735352,95.44,80,80
T1188,Automatic_MMseqs2,81,H,True,1.0875971816103318,98.19,81,81
T1188,Automatic_MMseqs2,82,P,True,1.1655165263866731,97.25,82,82
T1188,Automatic_MMseqs2,83,L,True,1.083941604770178,96.88,83,83
T1188,Automatic_MMseqs2,84,G,True,1.411357869572572,93.06,84,84
T1188,Automatic_MMseqs2,85,N,True,0.9826752573468754,93.62,85,85
T1188,Automatic_MMseqs2,86,L,True,1.0276685047680378,89.25,86,86
T1188,Automatic_MMseqs2,87,G,True,1.3056140068592283,88.38,87,87
T1188,Automatic_MMseqs2,88,V,True,1.116047172741348,93.94,88,88
T1188,Automatic_MMseqs2,89,T,True,1.529927550129353,94.88,89,89
T1188,Automatic_MMseqs2,90,Y,True,1.5069790821499929,97.12,90,90
T1188,Automatic_MMseqs2,91,G,True,1.3170600173043343,95.44,91,91
T1188,Automatic_MMseqs2,92,D,True,1.3256634394230953,95.5,92,92
T1188,Automatic_MMseqs2,93,V,True,0.9309968763804491,96.06,93,93
T1188,Automatic_MMseqs2,94,N,True,1.0742305786379793,96.19,94,94
T1188,Automatic_MMseqs2,95,G,True,1.1285196436588636,97.25,95,95
T1188,Automatic_MMseqs2,96,G,True,1.024931750750552,98.31,96,96
T1188,Automatic_MMseqs2,97,I,True,0.5942207780592845,98.69,97,97
T1188,Automatic_MMseqs2,98,L,True,0.8067740362670133,98.62,98,98
T1188,Automatic_MMseqs2,99,N,True,1.054324611220509,98.0,99,99
T1188,Automatic_MMseqs2,100,A,True,1.0271080857206147,98.31,100,100
T1188,Automatic_MMseqs2,101,F,True,1.0586074109374077,98.62,101,101
T1188,Automatic_MMseqs2,102,Q,True,1.074654111157348,97.44,102,102
T1188,Automatic_MMseqs2,103,V,True,1.0135195223016935,97.75,103,103
T1188,Automatic_MMseqs2,104,L,True,1.075792725416845,97.69,104,104
T1188,Automatic_MMseqs2,105,K,True,0.9432161482880532,95.5,105,105
T1188,Automatic_MMseqs2,106,S,True,0.6240177125438188,95.75,106,106
T1188,Automatic_MMseqs2,107,E,True,0.3496344220594266,96.38,107,107
T1188,Automatic_MMseqs2,108,N,True,0.40869239151220066,97.5,108,108
T1188,Automatic_MMseqs2,109,P,True,0.24900955336534003,96.56,109,109
T1188,Automatic_MMseqs2,110,N,True,0.47419675907679326,97.75,110,110
T1188,Automatic_MMseqs2,111,L,True,0.6020209512937313,98.5,111,111
T1188,Automatic_MMseqs2,112,K,True,0.40283426678691775,98.62,112,112
T1188,Automatic_MMseqs2,113,I,True,0.6189765177441741,98.81,113,113
T1188,Automatic_MMseqs2,114,G,True,0.2430303605290426,98.69,114,114
T1188,Automatic_MMseqs2,115,V,True,0.19442056620645942,98.88,115,115
T1188,Automatic_MMseqs2,116,S,True,0.10000355309206967,98.88,116,116
T1188,Automatic_MMseqs2,117,L,True,0.17714503978473878,98.81,117,117
T1188,Automatic_MMseqs2,118,G,True,0.19178806576755852,98.25,118,118
T1188,Automatic_MMseqs2,119,G,True,0.19613109267443385,98.0,119,119
T1188,Automatic_MMseqs2,120,W,True,0.4954170363794014,97.12,120,120
T1188,Automatic_MMseqs2,121,S,True,0.5251297704689385,97.62,121,121
T1188,Automatic_MMseqs2,122,K,True,0.503257745852437,97.94,122,122
T1188,Automatic_MMseqs2,123,S,True,0.41210843864140756,98.12,123,123
T1188,Automatic_MMseqs2,124,G,True,0.4420778469081616,97.69,124,124
T1188,Automatic_MMseqs2,125,D,True,0.2707150374454336,98.44,125,125
T1188,Automatic_MMseqs2,126,F,True,0.19865154629775475,98.69,126,126
T1188,Automatic_MMseqs2,127,S,True,0.5119389464587843,98.56,127,127
T1188,Automatic_MMseqs2,128,T,True,0.3666027352920681,98.38,128,128
T1188,Automatic_MMseqs2,129,I,True,0.3799430234044492,98.75,129,129
T1188,Automatic_MMseqs2,130,A,True,0.6266805072766313,98.75,130,130
T1188,Automatic_MMseqs2,131,A,True,0.7056034884456062,98.56,131,131
T1188,Automatic_MMseqs2,132,T,True,0.5127225452489937,98.56,132,132
T1188,Automatic_MMseqs2,133,P,True,0.5254892727052727,98.69,133,133
T1188,Automatic_MMseqs2,134,S,True,0.5845292490228581,98.69,134,134
T1188,Automatic_MMseqs2,135,I,True,0.6247343926463621,98.75,135,135
T1188,Automatic_MMseqs2,136,R,True,0.5712982230061463,98.75,136,136
T1188,Automatic_MMseqs2,137,A,True,0.5377510636444433,98.88,137,137
T1188,Automatic_MMseqs2,138,K,True,0.4929905125796716,98.75,138,138
T1188,Automatic_MMseqs2,139,F,True,0.3675637834755316,98.88,139,139
T1188,Automatic_MMseqs2,140,V,True,0.3916520499770479,98.94,140,140
T1188,Automatic_MMseqs2,141,E,True,0.5321615740854448,98.75,141,141
T1188,Automatic_MMseqs2,142,N,True,0.47853560449425375,98.88,142,142
T1188,Automatic_MMseqs2,143,V,True,0.40183496211435143,98.94,143,143
T1188,Automatic_MMseqs2,144,M,True,0.5447162100648377,98.81,144,144
T1188,Automatic_MMseqs2,145,K,True,0.6251605729480121,98.81,145,145
T1188,Automatic_MMseqs2,146,F,True,0.5749661346122648,98.88,146,146
T1188,Automatic_MMseqs2,147,I,True,0.6673601681992217,98.69,147,147
T1188,Automatic_MMseqs2,148,K,True,0.7728976047285457,98.31,148,148
T1188,Automatic_MMseqs2,149,Y,True,0.7731939937858584,98.56,149,149
T1188,Automatic_MMseqs2,150,T,True,0.7810125926668765,98.25,150,150
T1188,Automatic_MMseqs2,151,N,True,0.9669060025643682,97.12,151,151
T1188,Automatic_MMseqs2,152,M,True,0.6800016527183989,98.38,152,152
T1188,Automatic_MMseqs2,153,D,True,0.609771012053077,98.5,153,153
T1188,Automatic_MMseqs2,154,F,True,0.4254079724389368,98.75,154,154
T1188,Automatic_MMseqs2,155,V,True,0.32017144115978047,98.94,155,155
T1188,Automatic_MMseqs2,156,D,True,0.2633316632864301,98.94,156,156
T1188,Automatic_MMseqs2,157,I,True,0.10448204688697116,98.94,157,157
T1188,Automatic_MMseqs2,158,D,True,0.13353187573041536,98.81,158,158
T1188,Automatic_MMseqs2,159,W,True,0.26200030624279125,98.69,159,159
T1188,Automatic_MMseqs2,160,E,True,0.6211718473195478,97.94,160,160
T1188,Automatic_MMseqs2,161,Y,True,0.6620354230665956,97.38,161,161
T1188,Automatic_MMseqs2,162,P,True,0.5575160147971899,97.88,162,162
T1188,Automatic_MMseqs2,163,G,True,0.7585987413827637,97.81,163,163
T1188,Automatic_MMseqs2,164,D,True,0.8186384200739175,97.12,164,164
T1188,Automatic_MMseqs2,165,Y,True,0.6088425292298787,97.31,165,165
T1188,Automatic_MMseqs2,166,R,True,0.3555811130091724,96.94,166,166
T1188,Automatic_MMseqs2,167,E,True,0.5616655041211098,97.75,167,167
T1188,Automatic_MMseqs2,168,P,True,0.6813642612006265,97.88,168,168
T1188,Automatic_MMseqs2,169,D,True,0.5067277252141322,97.44,169,169
T1188,Automatic_MMseqs2,170,K,True,0.5314295264258514,97.75,170,170
T1188,Automatic_MMseqs2,171,T,True,0.5895759542039942,97.5,171,171
T1188,Automatic_MMseqs2,172,D,True,0.40990714277855445,96.94,172,172
T1188,Automatic_MMseqs2,173,N,True,0.45383839034632634,97.06,173,173
T1188,Automatic_MMseqs2,174,I,True,0.5489037866815136,97.56,174,174
T1188,Automatic_MMseqs2,175,N,True,0.9496118371034539,96.62,175,175
T1188,Automatic_MMseqs2,176,D,True,0.5627807998751184,98.19,176,176
T1188,Automatic_MMseqs2,177,E,True,0.6226517335247727,98.06,177,177
T1188,Automatic_MMseqs2,178,G,True,0.6942479466231192,98.06,178,178
T1188,Automatic_MMseqs2,179,T,True,0.5689417691668448,98.19,179,179
T1188,Automatic_MMseqs2,180,P,True,1.0854526187864078,97.56,180,180
T1188,Automatic_MMseqs2,181,N,True,1.0433697811991642,97.75,181,181
T1188,Automatic_MMseqs2,182,A,True,0.7496487512797746,98.0,182,182
T1188,Automatic_MMseqs2,183,S,True,0.8307601657210741,97.75,183,183
T1188,Automatic_MMseqs2,184,A,True,0.7824379839327923,97.38,184,184
T1188,Automatic_MMseqs2,185,G,True,0.723967549656246,98.19,185,185
T1188,Automatic_MMseqs2,186,D,True,0.6834517789976213,98.62,186,186
T1188,Automatic_MMseqs2,187,K,True,0.8519990871214195,98.5,187,187
T1188,Automatic_MMseqs2,188,E,True,0.9446227758212541,98.69,188,188
T1188,Automatic_MMseqs2,189,N,True,0.5673546044579417,98.81,189,189
T1188,Automatic_MMseqs2,190,Y,True,0.4064300977995847,98.88,190,190
T1188,Automatic_MMseqs2,191,I,True,0.6046895724324627,98.88,191,191
T1188,Automatic_MMseqs2,192,L,True,0.6463813235363335,98.88,192,192
T1188,Automatic_MMseqs2,193,L,True,0.46067627023567764,98.94,193,193
T1188,Automatic_MMseqs2,194,L,True,0.5681503199898122,98.94,194,194
T1188,Automatic_MMseqs2,195,Q,True,0.7876561650142577,98.94,195,195
T1188,Automatic_MMseqs2,196,D,True,0.7500981536564718,98.94,196,196
T1188,Automatic_MMseqs2,197,L,True,0.7019628748575607,98.94,197,197
T1188,Automatic_MMseqs2,198,K,True,0.6396705716294347,98.88,198,198
T1188,Automatic_MMseqs2,199,E,True,0.8524276543302896,98.81,199,199
T1188,Automatic_MMseqs2,200,A,True,0.7936413019822256,98.88,200,200
T1188,Automatic_MMseqs2,201,L,True,0.8466851070531203,98.88,201,201
T1188,Automatic_MMseqs2,202,N,True,1.187785390202947,98.69,202,202
T1188,Automatic_MMseqs2,203,K,True,0.9709015665502809,98.75,203,203
T1188,Automatic_MMseqs2,204,Q,True,0.9724724030338677,98.38,204,204
T1188,Automatic_MMseqs2,205,G,True,0.9445559302518397,97.75,205,205
T1188,Automatic_MMseqs2,206,K,True,0.8490854864034676,97.56,206,206
T1188,Automatic_MMseqs2,207,E,True,1.0343636355494217,96.5,207,207
T1188,Automatic_MMseqs2,208,L,True,0.9121404753111747,94.88,208,208
T1188,Automatic_MMseqs2,209,G,True,0.8195659070706702,94.62,209,209
T1188,Automatic_MMseqs2,210,K,True,0.6294242137021827,93.88,210,210
T1188,Automatic_MMseqs2,211,V,True,0.49880583618783925,95.31,211,211
T1188,Automatic_MMseqs2,212,Y,True,0.6683529798566223,98.44,212,212
T1188,Automatic_MMseqs2,213,E,True,0.5790672082485949,98.69,213,213
T1188,Automatic_MMseqs2,214,L,True,0.4592006471347652,98.94,214,214
T1188,Automatic_MMseqs2,215,S,True,0.4644719331380207,98.88,215,215
T1188,Automatic_MMseqs2,216,V,True,0.43071424179970696,98.94,216,216
T1188,Automatic_MMseqs2,217,A,True,0.41764546874696906,98.88,217,217
T1188,Automatic_MMseqs2,218,L,True,0.35314286590368654,98.75,218,218
T1188,Automatic_MMseqs2,219,P,True,0.38973113718937985,98.0,219,219
T1188,Automatic_MMseqs2,220,A,True,0.5118679664742625,97.06,220,220
T1188,Automatic_MMseqs2,221,G,True,0.5050534566347576,93.38,221,221
T1188,Automatic_MMseqs2,222,V,True,0.8512390421925994,92.69,222,222
T1188,Automatic_MMseqs2,223,S,True,0.7078556521145148,92.38,223,223
T1188,Automatic_MMseqs2,224,K,True,0.5361554126015006,94.75,224,224
T1188,Automatic_MMseqs2,225,I,True,0.571412664677663,96.5,225,225
T1188,Automatic_MMseqs2,226,E,True,0.6960357743393635,94.94,226,226
T1188,Automatic_MMseqs2,227,K,True,0.5472644936706177,95.19,227,227
T1188,Automatic_MMseqs2,228,G,True,0.9862107142524612,96.62,228,228
T1188,Automatic_MMseqs2,229,I,True,0.6365744163750381,98.31,229,229
T1188,Automatic_MMseqs2,230,D,True,0.8242333780962307,98.44,230,230
T1188,Automatic_MMseqs2,231,V,True,0.8345280145322634,98.81,231,231
T1188,Automatic_MMseqs2,232,D,True,0.7314802680267061,98.44,232,232
T1188,Automatic_MMseqs2,233,K,True,0.9130507953998936,98.75,233,233
T1188,Automatic_MMseqs2,234,L,True,0.708319104997442,98.81,234,234
T1188,Automatic_MMseqs2,235,F,True,0.7994517180951616,98.69,235,235
T1188,Automatic_MMseqs2,236,N,True,0.9217981692352258,98.5,236,236
T1188,Automatic_MMseqs2,237,I,True,0.8777602524431313,98.81,237,237
T1188,Automatic_MMseqs2,238,V,True,0.6725818242970282,98.81,238,238
T1188,Automatic_MMseqs2,239,D,True,0.6429048581815189,98.62,239,239
T1188,Automatic_MMseqs2,240,F,True,0.5486525094923511,98.75,240,240
T1188,Automatic_MMseqs2,241,A,True,0.4665238210443181,98.81,241,241
T1188,Automatic_MMseqs2,242,N,True,0.41818589873981266,98.88,242,242
T1188,Automatic_MMseqs2,243,I,True,0.4082800313801562,98.69,243,243
T1188,Automatic_MMseqs2,244,M,True,0.2542454579794328,98.5,244,244
T1188,Automatic_MMseqs2,245,T,True,0.3125995426622067,98.5,245,245
T1188,Automatic_MMseqs2,246,Y,True,0.278292283566076,98.44,246,246
T1188,Automatic_MMseqs2,247,D,True,0.5683701939805211,97.88,247,247
T1188,Automatic_MMseqs2,248,M,True,0.6236164275440252,97.69,248,248
T1188,Automatic_MMseqs2,249,A,True,0.5635399358873782,97.81,249,249
T1188,Automatic_MMseqs2,250,G,True,0.6813857950485619,97.69,250,250
T1188,Automatic_MMseqs2,251,A,True,0.6434884121760378,97.12,251,251
T1188,Automatic_MMseqs2,252,W,True,0.3652648547506389,96.06,252,252
T1188,Automatic_MMseqs2,253,S,True,0.5044542064882577,97.06,253,253
T1188,Automatic_MMseqs2,254,T,True,0.19983734025490216,97.94,254,254
T1188,Automatic_MMseqs2,255,T,True,0.36047513604705517,98.12,255,255
T1188,Automatic_MMseqs2,256,S,True,0.3982283396683094,98.38,256,256
T1188,Automatic_MMseqs2,257,G,True,0.0862488887608137,98.06,257,257
T1188,Automatic_MMseqs2,258,H,True,0.1286332562101556,98.38,258,258
T1188,Automatic_MMseqs2,259,Q,True,0.15649944186427173,98.31,259,259
T1188,Automatic_MMseqs2,260,T,True,0.30787873152342904,98.69,260,260
T1188,Automatic_MMseqs2,261,A,True,0.578305720831234,98.44,261,261
T1188,Automatic_MMseqs2,262,L,True,0.5146416019812182,98.81,262,262
T1188,Automatic_MMseqs2,263,Y,True,0.6321231290831801,98.75,263,263
T1188,Automatic_MMseqs2,264,T,True,0.45137771506045066,97.69,264,264
T1188,Automatic_MMseqs2,265,N,True,0.47811901680045454,97.88,265,265
T1188,Automatic_MMseqs2,266,P,True,0.2966238238333943,96.88,266,266
T1188,Automatic_MMseqs2,267,N,True,0.40733061284697303,97.25,267,267
T1188,Automatic_MMseqs2,268,A,True,0.5331065755519934,97.12,268,268
T1188,Automatic_MMseqs2,269,P,True,0.3221658755022256,95.88,269,269
T1188,Automatic_MMseqs2,270,E,True,0.8276256660474736,93.5,270,270
T1188,Automatic_MMseqs2,271,E,True,0.6907327911530232,93.19,271,271
T1188,Automatic_MMseqs2,272,Y,True,0.6618538998838267,93.38,272,272
T1188,Automatic_MMseqs2,273,K,True,0.6408267027801727,88.81,273,273
T1188,Automatic_MMseqs2,274,G,True,0.8128868664535989,87.94,274,274
T1188,Automatic_MMseqs2,275,L,True,0.5225684180449672,94.19,275,275
T1188,Automatic_MMseqs2,276,S,True,0.5675317417462857,98.06,276,276
T1188,Automatic_MMseqs2,277,V,True,0.1768860957189121,98.69,277,277
T1188,Automatic_MMseqs2,278,D,True,0.47147139458141235,98.62,278,278
T1188,Automatic_MMseqs2,279,E,True,0.6501368466333544,97.81,279,279
T1188,Automatic_MMseqs2,280,S,True,0.5658069490283184,98.0,280,280
T1188,Automatic_MMseqs2,281,V,True,0.42451004686318544,98.56,281,281
T1188,Automatic_MMseqs2,282,K,True,0.6581314752825566,98.44,282,282
T1188,Automatic_MMseqs2,283,Y,True,0.7738817381833193,98.31,283,283
T1188,Automatic_MMseqs2,284,Y,True,0.7624068261407949,98.69,284,284
T1188,Automatic_MMseqs2,285,I,True,0.7796305217897199,98.62,285,285
T1188,Automatic_MMseqs2,286,S,True,0.9135194153618126,98.44,286,286
T1188,Automatic_MMseqs2,287,Q,True,0.9160166176732529,98.44,287,287
T1188,Automatic_MMseqs2,288,G,True,0.9612216786998554,98.19,288,288
T1188,Automatic_MMseqs2,289,A,True,0.8376729118013594,98.62,289,289
T1188,Automatic_MMseqs2,290,E,True,0.9604004667018324,97.94,290,290
T1188,Automatic_MMseqs2,291,R,True,0.5892270486156796,98.38,291,291
T1188,Automatic_MMseqs2,292,E,True,0.6813432650543022,98.0,292,292
T1188,Automatic_MMseqs2,293,K,True,0.8164118329370126,98.62,293,293
T1188,Automatic_MMseqs2,294,I,True,0.5263288629969387,98.81,294,294
T1188,Automatic_MMseqs2,295,V,True,0.418498007549172,98.88,295,295
T1188,Automatic_MMseqs2,296,V,True,0.18839071381746356,98.81,296,296
T1188,Automatic_MMseqs2,297,G,True,0.18202638137701277,98.5,297,297
T1188,Automatic_MMseqs2,298,A,True,0.31617402075592144,98.62,298,298
T1188,Automatic_MMseqs2,299,A,True,0.48604436518248706,98.5,299,299
T1188,Automatic_MMseqs2,300,Y,True,0.3750324359733791,98.69,300,300
T1188,Automatic_MMseqs2,301,Y,True,0.30866480272397573,98.81,301,301
T1188,Automatic_MMseqs2,302,T,True,0.32046434585645334,98.88,302,302
T1188,Automatic_MMseqs2,303,R,True,0.5265947163349155,98.81,303,303
T1188,Automatic_MMseqs2,304,G,True,0.20267686301891796,98.62,304,304
T1188,Automatic_MMseqs2,305,W,True,0.3919411038256659,98.69,305,305
T1188,Automatic_MMseqs2,306,E,True,1.1030631509913924,96.75,306,306
T1188,Automatic_MMseqs2,307,Q,True,0.8691779117618741,98.25,307,307
T1188,Automatic_MMseqs2,308,V,True,0.1036888802584744,98.62,308,308
T1188,Automatic_MMseqs2,309,S,True,0.6789608269440996,97.88,309,309
T1188,Automatic_MMseqs2,310,D,True,1.264493176949428,95.31,310,310
T1188,Automatic_MMseqs2,311,K,True,1.5887917888419782,94.06,311,311
T1188,Automatic_MMseqs2,312,G,True,4.090939853807504,95.81,312,312
T1188,Automatic_MMseqs2,313,T,True,1.4334333716664744,97.0,313,313
T1188,Automatic_MMseqs2,314,D,True,1.182820528074916,96.44,314,314
T1188,Automatic_MMseqs2,315,P,True,1.4977124900096228,93.06,315,315
T1188,Automatic_MMseqs2,316,N,True,1.1036129294797592,94.75,316,316
T1188,Automatic_MMseqs2,317,N,True,0.5410286209057044,97.19,317,317
T1188,Automatic_MMseqs2,318,P,True,0.8009195848515537,97.62,318,318
T1188,Automatic_MMseqs2,319,G,True,0.8004437421632115,97.88,319,319
T1188,Automatic_MMseqs2,320,L,True,0.2742045415387148,97.94,320,320
T1188,Automatic_MMseqs2,321,F,True,0.3186253465425776,98.06,321,321
T1188,Automatic_MMseqs2,322,G,True,0.36729012401929134,97.81,322,322
T1188,Automatic_MMseqs2,323,E,True,0.3724134116336296,98.25,323,323
T1188,Automatic_MMseqs2,324,A,True,0.19725828046003782,98.5,324,324
T1188,Automatic_MMseqs2,325,A,True,0.47660094130982705,98.06,325,325
T1188,Automatic_MMseqs2,326,V,True,0.49748049301192504,98.31,326,326
T1188,Automatic_MMseqs2,327,V,True,0.49652169377625033,97.75,327,327
T1188,Automatic_MMseqs2,328,N,True,0.331362573615684,97.12,328,328
T1188,Automatic_MMseqs2,329,K,True,0.3043599935651361,97.81,329,329
T1188,Automatic_MMseqs2,330,D,True,0.2584052098975664,98.12,330,330
T1188,Automatic_MMseqs2,331,A,True,0.508868278555637,98.19,331,331
T1188,Automatic_MMseqs2,332,D,True,0.30559957334419424,97.69,332,332
T1188,Automatic_MMseqs2,333,L,True,0.3731053967598037,97.94,333,333
T1188,Automatic_MMseqs2,334,S,True,0.5066643601625997,97.94,334,334
T1188,Automatic_MMseqs2,335,P,True,0.1597669692079006,98.25,335,335
T1188,Automatic_MMseqs2,336,T,True,0.2828970601904391,98.38,336,336
T1188,Automatic_MMseqs2,337,P,True,0.48748986869445776,98.44,337,337
T1188,Automatic_MMseqs2,338,G,True,0.20978831196822598,98.31,338,338
T1188,Automatic_MMseqs2,339,A,True,0.3149410632815244,98.38,339,339
T1188,Automatic_MMseqs2,340,L,True,0.22507090963690132,97.69,340,340
T1188,Automatic_MMseqs2,341,N,True,0.34636796629570876,97.75,341,341
T1188,Automatic_MMseqs2,342,E,True,0.15248166717506756,97.19,342,342
T1188,Automatic_MMseqs2,343,A,True,0.22993638012101397,95.69,343,343
T1188,Automatic_MMseqs2,344,P,True,0.28839130007780917,95.38,344,344
T1188,Automatic_MMseqs2,345,M,True,0.5457335324246878,96.81,345,345
T1188,Automatic_MMseqs2,346,K,True,0.6065842489156403,96.81,346,346
T1188,Automatic_MMseqs2,347,N,True,0.6942365319000462,97.5,347,347
T1188,Automatic_MMseqs2,348,G,True,0.5208196520901445,96.75,348,348
T1188,Automatic_MMseqs2,349,E,True,0.3951126640065313,94.62,349,349
T1188,Automatic_MMseqs2,350,G,True,0.3459540180872645,95.38,350,350
T1188,Automatic_MMseqs2,351,G,True,0.29276763224388586,97.5,351,351
T1188,Automatic_MMseqs2,352,R,True,0.4612520224588072,97.75,352,352
T1188,Automatic_MMseqs2,353,A,True,0.4648137095514317,98.12,353,353
T1188,Automatic_MMseqs2,354,G,True,0.3081358770009757,97.75,354,354
T1188,Automatic_MMseqs2,355,G,True,0.47858140834852647,98.38,355,355
T1188,Automatic_MMseqs2,356,V,True,0.4730018549702446,98.25,356,356
T1188,Automatic_MMseqs2,357,W,True,0.42886130408754064,98.5,357,357
T1188,Automatic_MMseqs2,358,G,True,0.42678698985514296,98.31,358,358
T1188,Automatic_MMseqs2,359,Y,True,0.33225305906248603,98.56,359,359
T1188,Automatic_MMseqs2,360,N,True,0.16062671047380375,97.56,360,360
T1188,Automatic_MMseqs2,361,A,True,0.16152399484850247,97.94,361,361
T1188,Automatic_MMseqs2,362,L,True,0.11244736344117355,98.19,362,362
T1188,Automatic_MMseqs2,363,D,True,0.21902334510130764,97.25,363,363
T1188,Automatic_MMseqs2,364,K,True,0.40570788193063034,98.06,364,364
T1188,Automatic_MMseqs2,365,L,True,0.12010335908406056,98.5,365,365
T1188,Automatic_MMseqs2,366,K,True,0.4326402925686879,98.31,366,366
T1188,Automatic_MMseqs2,367,S,True,0.5359793055804868,98.0,367,367
T1188,Automatic_MMseqs2,368,K,True,0.4191238609491959,97.62,368,368
T1188,Automatic_MMseqs2,369,Y,True,0.46224813594634345,97.81,369,369
T1188,Automatic_MMseqs2,370,T,True,0.4851432787034507,96.69,370,370
T1188,Automatic_MMseqs2,371,G,True,0.4966994301711053,97.75,371,371
T1188,Automatic_MMseqs2,372,L,True,0.4435259500201011,98.44,372,372
T1188,Automatic_MMseqs2,373,K,True,0.6540569334315489,98.19,373,373
T1188,Automatic_MMseqs2,374,E,True,0.670839452597784,98.56,374,374
T1188,Automatic_MMseqs2,375,Y,True,0.29566474673949505,98.5,375,375
T1188,Automatic_MMseqs2,376,W,True,0.5219121174190124,98.69,376,376
T1188,Automatic_MMseqs2,377,D,True,0.5355111734067213,98.56,377,377
T1188,Automatic_MMseqs2,378,D,True,0.46852325255767785,98.38,378,378
T1188,Automatic_MMseqs2,379,S,True,0.5129377577421766,97.94,379,379
T1188,Automatic_MMseqs2,380,A,True,0.4816770365715044,98.56,380,380
T1188,Automatic_MMseqs2,381,K,True,0.40806287963457794,98.88,381,381
T1188,Automatic_MMseqs2,382,A,True,0.289011152494724,98.69,382,382
T1188,Automatic_MMseqs2,383,P,True,0.34142529062749705,98.81,383,383
T1188,Automatic_MMseqs2,384,Y,True,0.3094150815668477,98.81,384,384
T1188,Automatic_MMseqs2,385,L,True,0.3208737845355423,98.88,385,385
T1188,Automatic_MMseqs2,386,Y,True,0.18155450880262403,98.75,386,386
T1188,Automatic_MMseqs2,387,N,True,0.25385286499014853,98.44,387,387
T1188,Automatic_MMseqs2,388,S,True,0.44808963280249126,96.56,388,388
T1188,Automatic_MMseqs2,389,E,True,0.7255158046254507,97.12,389,389
T1188,Automatic_MMseqs2,390,T,True,0.39722850233147616,97.81,390,390
T1188,Automatic_MMseqs2,391,G,True,0.43454351101046806,98.31,391,391
T1188,Automatic_MMseqs2,392,A,True,0.21915503701402866,98.56,392,392
T1188,Automatic_MMseqs2,393,F,True,0.13309600459576668,98.81,393,393
T1188,Automatic_MMseqs2,394,F,True,0.12764639854246052,98.88,394,394
T1188,Automatic_MMseqs2,395,T,True,0.18504400255565046,98.81,395,395
T1188,Automatic_MMseqs2,396,Y,True,0.22673940122328837,98.75,396,396
T1188,Automatic_MMseqs2,397,D,True,0.16718117736914526,98.75,397,397
T1188,Automatic_MMseqs2,398,N,True,0.10413338169218213,98.69,398,398
T1188,Automatic_MMseqs2,399,I,True,0.275861632527554,98.56,399,399
T1188,Automatic_MMseqs2,400,R,True,0.30584971758851554,98.75,400,400
T1188,Automatic_MMseqs2,401,S,True,0.22414669319198324,98.88,401,401
T1188,Automatic_MMseqs2,402,I,True,0.29577899749142855,98.88,402,402
T1188,Automatic_MMseqs2,403,Q,True,0.307065552910269,98.88,403,403
T1188,Automatic_MMseqs2,404,E,True,0.2529497900442497,98.94,404,404
T1188,Automatic_MMseqs2,405,K,True,0.2175573693636366,98.88,405,405
T1188,Automatic_MMseqs2,406,A,True,0.1367596229248073,98.75,406,406
T1188,Automatic_MMseqs2,407,K,True,0.18082729132300934,98.69,407,407
T1188,Automatic_MMseqs2,408,Y,True,0.1460144496969705,98.88,408,408
T1188,Automatic_MMseqs2,409,V,True,0.09955827236572319,98.75,409,409
T1188,Automatic_MMseqs2,410,K,True,0.3665040583046408,98.19,410,410
T1188,Automatic_MMseqs2,411,E,True,0.3785550467643654,98.19,411,411
T1188,Automatic_MMseqs2,412,N,True,0.14856457285610625,98.25,412,412
T1188,Automatic_MMseqs2,413,N,True,0.12711773973392265,97.56,413,413
T1188,Automatic_MMseqs2,414,L,True,0.3115007952423938,98.62,414,414
T1188,Automatic_MMseqs2,415,G,True,0.4052454635788088,98.19,415,415
T1188,Automatic_MMseqs2,416,G,True,0.24970449659125418,98.5,416,416
T1188,Automatic_MMseqs2,417,I,True,0.22849030319184957,98.88,417,417
T1188,Automatic_MMseqs2,418,I,True,0.22487604814382364,98.81,418,418
T1188,Automatic_MMseqs2,419,G,True,0.3172076701668263,98.69,419,419
T1188,Automatic_MMseqs2,420,W,True,0.27063574116087646,98.62,420,420
T1188,Automatic_MMseqs2,421,M,True,0.44541543156766017,97.19,421,421
T1188,Automatic_MMseqs2,422,A,True,0.321497092096727,98.19,422,422
T1188,Automatic_MMseqs2,423,S,True,0.4597839913471112,97.94,423,423
T1188,Automatic_MMseqs2,424,Q,True,0.4008779892387259,98.31,424,424
T1188,Automatic_MMseqs2,425,D,True,0.3578687893821068,98.31,425,425
T1188,Automatic_MMseqs2,426,A,True,0.5905828173151318,97.25,426,426
T1188,Automatic_MMseqs2,427,T,True,0.9746260435157309,95.38,427,427
T1188,Automatic_MMseqs2,428,T,True,1.303452121969948,90.62,428,428
T1188,Automatic_MMseqs2,429,N,True,1.7317867708807195,85.5,429,429
T1188,Automatic_MMseqs2,430,S,True,2.319146694610851,87.75,430,430
T1188,Automatic_MMseqs2,431,T,True,1.8842821464598614,87.69,431,431
T1188,Automatic_MMseqs2,432,K,True,0.8323064454562771,95.19,432,432
T1188,Automatic_MMseqs2,433,R,True,1.0194683541675489,95.75,433,433
T1188,Automatic_MMseqs2,434,D,True,0.6014817476665469,97.38,434,434
T1188,Automatic_MMseqs2,435,E,True,0.6369423380717861,98.12,435,435
T1188,Automatic_MMseqs2,436,L,True,0.513642120670486,98.69,436,436
T1188,Automatic_MMseqs2,437,T,True,0.42791892480644883,98.44,437,437
T1188,Automatic_MMseqs2,438,T,True,0.5154495786554313,98.0,438,438
T1188,Automatic_MMseqs2,439,A,True,0.5306247730143533,98.44,439,439
T1188,Automatic_MMseqs2,440,T,True,0.48886759843569305,98.62,440,440
T1188,Automatic_MMseqs2,441,K,True,0.5176811353120703,98.19,441,441
T1188,Automatic_MMseqs2,442,E,True,0.4520947526570417,98.0,442,442
T1188,Automatic_MMseqs2,443,S,True,0.33569942020937305,98.25,443,443
T1188,Automatic_MMseqs2,444,L,True,0.5455822829649046,97.88,444,444
T1188,Automatic_MMseqs2,445,F,True,0.535700352094649,97.12,445,445
T1188,Automatic_MMseqs2,446,G,True,0.38958055264342434,96.75,446,446
T1188,Automatic_MMseqs2,447,K,True,0.4599916022521499,95.75,447,447
T1188,Automatic_MMseqs2,448,E,True,0.6940004205455744,94.12,448,448
T1188,Automatic_MMseqs2,449,D,True,0.5859017448919678,95.62,449,449
T1188,Automatic_MMseqs2,450,L,True,0.43393815141023484,96.81,450,450
T1188,Automatic_MMseqs2,451,P,True,0.516191326481037,94.38,451,451
T1188,Automatic_MMseqs2,452,K,True,0.347711338661032,95.38,452,452
T1188,Automatic_MMseqs2,453,Y,True,0.25834138477249435,93.44,453,453
T1188,Automatic_MMseqs2,454,E,True,0.6251265412109166,93.88,454,454
T1188,Automatic_MMseqs2,455,I,True,0.7829525757031093,94.5,455,455
T1188,Automatic_MMseqs2,456,K,True,0.9093331440492389,93.94,456,456
T1188,Automatic_MMseqs2,457,Y,True,1.0241469192966974,93.25,457,457
T1188,Automatic_MMseqs2,458,T,True,1.6540884273344603,92.69,458,458
T1188,Automatic_MMseqs2,459,E,True,1.5092475764571287,93.62,459,459
T1188,Automatic_MMseqs2,460,N,True,1.1735792255761028,96.88,460,460
T1188,Automatic_MMseqs2,461,D,True,0.8865021928407751,97.38,461,461
T1188,Automatic_MMseqs2,462,I,True,0.5429059778833304,97.88,462,462
T1188,Automatic_MMseqs2,463,T,True,0.5163092885839955,96.75,463,463
T1188,Automatic_MMseqs2,464,C,True,0.951496190913742,96.81,464,464
T1188,Automatic_MMseqs2,465,T,True,0.8040890117814506,96.06,465,465
T1188,Automatic_MMseqs2,466,V,True,1.0920386863375642,94.88,466,466
T1188,Automatic_MMseqs2,467,T,True,1.104858517628649,94.75,467,467
T1188,Automatic_MMseqs2,468,P,True,1.4421375182851035,92.69,468,468
T1188,Automatic_MMseqs2,469,V,True,1.660884789794356,89.44,469,469
T1188,Automatic_MMseqs2,470,K,True,1.4060603329239132,78.44,470,470
T1188,Automatic_MMseqs2,471,Q,True,1.1462007461511587,74.94,471,471
T1188,Automatic_MMseqs2,472,S,True,1.9009236252154114,75.19,472,472
T1188,Automatic_MMseqs2,473,W,True,1.391511786235376,73.69,473,473
T1188,Automatic_MMseqs2,474,G,True,3.758922566457846,73.69,474,474
T1188,Automatic_MMseqs2,475,S,True,5.62876284066059,78.06,475,475
T1188,Automatic_MMseqs2,476,G,True,2.392260847436666,85.12,476,476
T1188,Automatic_MMseqs2,477,G,True,2.156422414979212,90.44,477,477
T1188,Automatic_MMseqs2,478,V,True,1.4565380710741336,93.56,478,478
T1188,Automatic_MMseqs2,479,L,True,1.0079432636041896,94.19,479,479
T1188,Automatic_MMseqs2,480,K,True,0.9988179726394678,95.12,480,480
T1188,Automatic_MMseqs2,481,M,True,0.6615685684956553,95.62,481,481
T1188,Automatic_MMseqs2,482,S,True,0.4996697178037529,96.44,482,482
T1188,Automatic_MMseqs2,483,I,True,0.40964450031904137,97.0,483,483
T1188,Automatic_MMseqs2,484,T,True,0.3508433108399773,97.88,484,484
T1188,Automatic_MMseqs2,485,N,True,0.3856409049281526,98.25,485,485
T1188,Automatic_MMseqs2,486,N,True,0.35151360236177714,98.44,486,486
T1188,Automatic_MMseqs2,487,E,True,0.3676092134419142,98.31,487,487
T1188,Automatic_MMseqs2,488,K,True,0.41183578363414775,97.88,488,488
T1188,Automatic_MMseqs2,489,L,True,0.29149283571328294,98.19,489,489
T1188,Automatic_MMseqs2,490,D,True,0.4067703221822416,97.19,490,490
T1188,Automatic_MMseqs2,491,E,True,0.5130097092477055,98.12,491,491
T1188,Automatic_MMseqs2,492,S,True,0.9409847327015786,96.06,492,492
T1188,Automatic_MMseqs2,493,G,True,0.7457191213589264,94.75,493,493
T1188,Automatic_MMseqs2,494,E,True,0.9170062809453967,94.81,494,494
T1188,Automatic_MMseqs2,495,V,True,0.6129247735946367,98.5,495,495
T1188,Automatic_MMseqs2,496,L,True,0.6364812279359239,98.75,496,496
T1188,Automatic_MMseqs2,497,S,True,0.8481320773642891,98.38,497,497
T1188,Automatic_MMseqs2,498,T,True,0.6761723813848722,98.38,498,498
T1188,Automatic_MMseqs2,499,V,True,0.6433419317354708,98.56,499,499
T1188,Automatic_MMseqs2,500,E,True,0.6249471787723563,98.69,500,500
T1188,Automatic_MMseqs2,501,T,True,0.6542340270104631,98.44,501,501
T1188,Automatic_MMseqs2,502,S,True,0.7285831476243112,97.81,502,502
T1188,Automatic_MMseqs2,503,A,True,0.7269411333711693,98.12,503,503
T1188,Automatic_MMseqs2,504,K,True,0.3940268089902564,98.31,504,504
T1188,Automatic_MMseqs2,505,T,True,0.46142986684288595,97.81,505,505
T1188,Automatic_MMseqs2,506,V,True,0.7505156914240908,96.94,506,506
T1188,Automatic_MMseqs2,507,K,True,1.0873670509912858,95.69,507,507
T1188,Automatic_MMseqs2,508,N,True,1.13180863619897,94.88,508,508
T1188,Automatic_MMseqs2,509,M,True,0.8464724492367921,95.38,509,509
T1188,Automatic_MMseqs2,510,K,True,0.8806012816406971,95.62,510,510
T1188,Automatic_MMseqs2,511,V,True,0.7488330246205651,97.12,511,511
T1188,Automatic_MMseqs2,512,Y,True,0.5690709398052674,97.88,512,512
T1188,Automatic_MMseqs2,513,I,True,0.4453291718124061,97.75,513,513
T1188,Automatic_MMseqs2,514,K,True,0.6431049440502152,96.75,514,514
T1188,Automatic_MMseqs2,515,T,True,0.7963235979161625,95.12,515,515
T1188,Automatic_MMseqs2,516,D,True,1.0800168396623577,93.31,516,516
T1188,Automatic_MMseqs2,517,G,True,1.3732354820630148,90.88,517,517
T1188,Automatic_MMseqs2,518,I,True,1.4022098504214409,91.94,518,518
T1188,Automatic_MMseqs2,519,A,True,1.2646786233751646,94.62,519,519
T1188,Automatic_MMseqs2,520,I,True,1.0120262402356393,95.62,520,520
T1188,Automatic_MMseqs2,521,T,True,1.2856391988219527,93.56,521,521
T1188,Automatic_MMseqs2,522,G,True,1.1489784404330412,93.25,522,522
T1188,Automatic_MMseqs2,523,S,True,0.9965177738415508,92.5,523,523
T1188,Automatic_MMseqs2,524,Q,True,1.0738118714840146,87.88,524,524
T1188,Automatic_MMseqs2,525,Y,True,0.9275459516230149,84.12,525,525
T1188,Automatic_MMseqs2,526,P,True,0.7897666754247318,85.06,526,526
T1188,Automatic_MMseqs2,527,A,True,1.0966304376163833,83.81,527,527
T1188,Automatic_MMseqs2,528,G,True,2.4125857264978294,83.56,528,528
T1188,Automatic_MMseqs2,529,P,True,2.3715372444782123,91.75,529,529
T1188,Automatic_MMseqs2,530,V,True,1.4176698083104302,95.06,530,530
T1188,Automatic_MMseqs2,531,T,True,0.7433015146620283,95.81,531,531
T1188,Automatic_MMseqs2,532,K,True,0.3910594940636883,95.0,532,532
T1188,Automatic_MMseqs2,533,E,True,0.447538324212467,95.38,533,533
T1188,Automatic_MMseqs2,534,G,True,0.5203653973513982,93.69,534,534
T1188,Automatic_MMseqs2,535,D,True,0.33817594176747784,93.75,535,535
T1188,Automatic_MMseqs2,536,Y,True,0.3718847386661241,97.31,536,536
T1188,Automatic_MMseqs2,537,Y,True,0.09983941206804105,97.75,537,537
T1188,Automatic_MMseqs2,538,V,True,0.4628849602924315,97.12,538,538
T1188,Automatic_MMseqs2,539,I,True,0.668310521270655,95.5,539,539
T1188,Automatic_MMseqs2,540,D,True,0.46343607478277044,93.62,540,540
T1188,Automatic_MMseqs2,541,F,True,0.741162459632793,92.25,541,541
T1188,Automatic_MMseqs2,542,G,True,1.0049892035872012,85.56,542,542
T1188,Automatic_MMseqs2,543,K,True,0.9037427571498645,83.5,543,543
T1188,Automatic_MMseqs2,544,I,True,0.9278191210392164,82.62,544,544
T1188,Automatic_MMseqs2,545,S,True,1.5894477548695514,78.12,545,545
T1188,Automatic_MMseqs2,546,D,True,0.8108854704247954,79.31,546,546
T1188,Automatic_MMseqs2,547,G,True,0.31947972282484194,82.06,547,547
T1188,Automatic_MMseqs2,548,K,True,1.191797829642029,89.75,548,548
T1188,Automatic_MMseqs2,549,L,True,0.7564252685798684,93.5,549,549
T1188,Automatic_MMseqs2,550,M,True,0.3220141902362083,95.69,550,550
T1188,Automatic_MMseqs2,551,K,True,0.18035845365189532,96.69,551,551
T1188,Automatic_MMseqs2,552,A,True,0.2343902670202761,97.88,552,552
T1188,Automatic_MMseqs2,553,G,True,0.19317723535439948,97.62,553,553
T1188,Automatic_MMseqs2,554,I,True,0.05604166772895141,96.62,554,554
T1188,Automatic_MMseqs2,555,T,True,0.2238964140461744,96.25,555,555
T1188,Automatic_MMseqs2,556,F,True,0.3587100447572216,94.38,556,556
T1188,Automatic_MMseqs2,557,T,True,0.5275717416849375,94.81,557,557
T1188,Automatic_MMseqs2,558,F,True,0.7215298545612822,93.88,558,558
T1188,Automatic_MMseqs2,559,D,True,0.9492614747217205,94.69,559,559
T1188,Automatic_MMseqs2,560,L,True,0.9535067785335881,95.5,560,560
T1188,Automatic_MMseqs2,561,N,True,1.1820701446631052,94.19,561,561
T1188,Automatic_MMseqs2,562,L,True,1.355738843517941,94.44,562,562
T1188,Automatic_MMseqs2,563,D,True,1.475424382651948,92.75,563,563
T1188,Automatic_MMseqs2,564,K,True,1.8092444077591465,90.81,564,564
T1188,Automatic_MMseqs2,565,A,True,2.2147072590243133,89.94,565,565
T1188,Automatic_MMseqs2,566,I,True,2.320170335523455,89.5,566,566
T1188,Automatic_MMseqs2,567,E,True,2.508390861929492,87.75,567,567
T1188,Automatic_MMseqs2,568,D,True,2.007207489676398,89.5,568,568
T1188,Automatic_MMseqs2,569,T,True,1.7581956168058117,91.25,569,569
T1188,Automatic_MMseqs2,570,N,True,1.965680362320007,90.69,570,570
T1188,Automatic_MMseqs2,571,N,True,1.6311169012569786,92.12,571,571
T1188,Automatic_MMseqs2,572,I,True,1.133714474829517,93.88,572,572
T1188,Automatic_MMseqs2,573,I,True,1.1896408908235,94.62,573,573
T1188,Automatic_MMseqs2,574,S,True,1.0287352478246925,96.38,574,574
T1188,Automatic_MMseqs2,575,I,True,0.6974483595971359,97.5,575,575
T1188,Automatic_MMseqs2,576,E,True,0.8186507731702856,97.94,576,576
T1188,Automatic_MMseqs2,577,V,True,0.6460259245497852,97.44,577,577
T1188,Automatic_MMseqs2,578,S,True,0.8905185988925142,96.75,578,578
T1188,Automatic_MMseqs2,579,Q,True,1.0209779812845334,95.62,579,579
T1188,Automatic_MMseqs2,580,R,True,1.3875758553865358,95.75,580,580
T1188,Automatic_MMseqs2,581,M,True,0.8981964838409614,95.75,581,581
T1188,Automatic_MMseqs2,582,Y,True,1.259103235018934,93.88,582,582
T1188,Automatic_MMseqs2,583,Q,True,1.723158525733631,89.88,583,583
T1188,Automatic_MMseqs2,584,T,True,1.9564073348322064,89.62,584,584
T1188,Automatic_MMseqs2,585,S,True,1.715089839079712,94.25,585,585
T1188,Automatic_MMseqs2,586,P,True,1.7324771967980754,94.62,586,586
T1188,Automatic_MMseqs2,587,E,True,1.38661195770491,95.31,587,587
T1188,Automatic_MMseqs2,588,F,True,1.5804992278454162,94.69,588,588
T1188,Automatic_MMseqs2,589,N,True,1.389758573549957,93.0,589,589
T1188,Automatic_MMseqs2,590,R,True,1.2144747259480482,95.31,590,590
T1188,Automatic_MMseqs2,591,Q,True,1.136557152435138,95.94,591,591
T1188,Automatic_MMseqs2,592,T,True,0.9968313252747443,96.69,592,592
T1188,Automatic_MMseqs2,593,I,True,1.0083125484287723,96.38,593,593
T1188,Automatic_MMseqs2,594,W,True,0.9508904254928178,95.19,594,594
T1188,Automatic_MMseqs2,595,E,True,1.2454913875571265,92.5,595,595
T1188,Automatic_MMseqs2,596,N,True,1.3774399579878136,81.75,596,596
T1188,Automatic_MMseqs2,597,T,True,2.946873050631206,72.62,597,597
T1188,Automatic_MMseqs2,598,N,False,,65.69,598,
T1188,Automatic_MMseqs2,599,S,False,,53.91,599,
T1188,Automatic_MMseqs2,600,P,False,,49.0,600,
T1188,Automatic_MMseqs2,601,R,False,,46.03,601,
T1188,Automatic_MMseqs2,602,N,False,,42.0,602,
T1188,Automatic_MMseqs2,603,K,False,,35.41,603,
T1188,Automatic_MMseqs2,604,G,False,,32.44,604,
T1188,Automatic_MMseqs2,605,E,False,,28.97,605,
T1188,Automatic_MMseqs2,606,L,False,,28.25,606,
T1188,Automatic_MMseqs2,607,E,False,,27.61,607,
T1188,Automatic_MMseqs2,608,G,False,,28.78,608,
T1188,Automatic_MMseqs2,609,K,False,,28.08,609,
T1188,Automatic_MMseqs2,610,P,False,,34.41,610,
T1188,Automatic_MMseqs2,611,I,False,,30.14,611,
T1188,Automatic_MMseqs2,612,P,False,,28.42,612,
T1188,Automatic_MMseqs2,613,N,False,,27.75,613,
T1188,Automatic_MMseqs2,614,P,False,,27.17,614,
T1188,Automatic_MMseqs2,615,L,False,,27.47,615,
T1188,Automatic_MMseqs2,616,L,False,,27.17,616,
T1188,Automatic_MMseqs2,617,G,False,,26.39,617,
T1188,Automatic_MMseqs2,618,L,False,,25.91,618,
T1188,Automatic_MMseqs2,619,D,False,,27.94,619,
T1188,Automatic_MMseqs2,620,S,False,,26.56,620,
T1188,Automatic_MMseqs2,621,T,False,,27.3,621,
T1188,Automatic_MMseqs2,622,R,False,,28.61,622,
T1188,Automatic_MMseqs2,623,T,False,,28.44,623,
T1188,Automatic_MMseqs2,624,G,False,,25.67,624,
T1188,Automatic_MMseqs2,625,H,False,,27.69,625,
T1188,Automatic_MMseqs2,626,H,False,,24.66,626,
T1188,Automatic_MMseqs2,627,H,False,,22.34,627,
T1188,Automatic_MMseqs2,628,H,False,,21.25,628,
T1188,Automatic_MMseqs2,629,H,False,,22.48,629,
T1188,Automatic_MMseqs2,630,H,False,,29.53,630,
T1188,Custom_HMMER,1,M,False,,30.81,1,
T1188,Custom_HMMER,2,N,False,,26.69,2,
T1188,Custom_HMMER,3,T,False,,25.62,3,
T1188,Custom_HMMER,4,I,False,,27.3,4,
T1188,Custom_HMMER,5,S,False,,25.78,5,
T1188,Custom_HMMER,6,V,False,,26.52,6,
T1188,Custom_HMMER,7,K,False,,25.81,7,
T1188,Custom_HMMER,8,A,False,,26.27,8,
T1188,Custom_HMMER,9,M,False,,22.19,9,
T1188,Custom_HMMER,10,S,False,,23.52,10,
T1188,Custom_HMMER,11,K,False,,26.36,11,
T1188,Custom_HMMER,12,S,False,,27.25,12,
T1188,Custom_HMMER,13,S,False,,28.28,13,
T1188,Custom_HMMER,14,D,False,,27.83,14,
T1188,Custom_HMMER,15,T,False,,34.06,15,
T1188,Custom_HMMER,16,T,False,,28.8,16,
T1188,Custom_HMMER,17,E,False,,25.92,17,
T1188,Custom_HMMER,18,I,False,,28.41,18,
T1188,Custom_HMMER,19,T,False,,27.0,19,
T1188,Custom_HMMER,20,S,False,,28.69,20,
T1188,Custom_HMMER,21,Q,False,,28.27,21,
T1188,Custom_HMMER,22,S,False,,31.95,22,
T1188,Custom_HMMER,23,T,False,,37.53,23,
T1188,Custom_HMMER,24,T,False,,50.62,24,
T1188,Custom_HMMER,25,K,True,1.2484084854840514,83.06,25,25
T1188,Custom_HMMER,26,L,True,0.25284074100862824,96.25,26,26
T1188,Custom_HMMER,27,R,True,0.331201968073256,97.62,27,27
T1188,Custom_HMMER,28,N,True,0.4811217595146395,98.25,28,28
T1188,Custom_HMMER,29,V,True,0.4336993426127801,98.44,29,29
T1188,Custom_HMMER,30,M,True,0.22025236140932586,98.0,30,30
T1188,Custom_HMMER,31,Y,True,0.2023221855300018,97.75,31,31
T1188,Custom_HMMER,32,Y,True,0.21321623185491823,97.81,32,32
T1188,Custom_HMMER,33,G,True,0.08827619694909042,95.38,33,33
T1188,Custom_HMMER,34,D,True,0.4147986727608482,95.12,34,34
T1188,Custom_HMMER,35,W,True,0.4825478724454643,94.31,35,35
T1188,Custom_HMMER,36,S,True,0.2203165857925126,95.94,36,36
T1188,Custom_HMMER,37,I,True,0.3335296010735117,96.5,37,37
T1188,Custom_HMMER,38,W,True,0.5290568138992031,94.88,38,38
T1188,Custom_HMMER,39,G,True,1.0587499620602419,88.12,39,39
T1188,Custom_HMMER,40,G,True,1.1875550455777522,86.12,40,40
T1188,Custom_HMMER,41,Q,True,0.5703265468947303,90.81,41,41
T1188,Custom_HMMER,42,G,True,0.9028436543428618,91.0,42,42
T1188,Custom_HMMER,43,N,True,0.7425236768638717,94.31,43,43
T1188,Custom_HMMER,44,F,True,0.6228358525861193,95.44,44,44
T1188,Custom_HMMER,45,Y,True,0.3082458575175307,96.75,45,45
T1188,Custom_HMMER,46,P,True,0.2545020003099786,96.62,46,46
T1188,Custom_HMMER,47,K,True,0.37636989652359576,94.75,47,47
T1188,Custom_HMMER,48,D,True,0.4890714575176068,95.06,48,48
T1188,Custom_HMMER,49,I,True,0.22308096982734155,96.69,49,49
T1188,Custom_HMMER,50,P,True,0.575231700534956,96.56,50,50
T1188,Custom_HMMER,51,A,True,0.5420574703882616,97.44,51,51
T1188,Custom_HMMER,52,D,True,0.6914844497543874,96.81,52,52
T1188,Custom_HMMER,53,K,True,0.46890316433400636,97.38,53,53
T1188,Custom_HMMER,54,L,True,0.5228914958089346,98.25,54,54
T1188,Custom_HMMER,55,T,True,0.6245701943146763,98.19,55,55
T1188,Custom_HMMER,56,H,True,0.5268617286535379,98.56,56,56
T1188,Custom_HMMER,57,L,True,0.3722250399859448,98.62,57,57
T1188,Custom_HMMER,58,N,True,0.24813573881203746,98.44,58,58
T1188,Custom_HMMER,59,F,True,0.3120813621643359,98.12,59,59
T1188,Custom_HMMER,60,A,True,0.2346025062300957,95.06,60,60
T1188,Custom_HMMER,61,F,True,0.33687625013584355,94.88,61,61
T1188,Custom_HMMER,62,M,True,0.4149578270997633,97.75,62,62
T1188,Custom_HMMER,63,D,True,0.29901408643118366,97.94,63,63
T1188,Custom_HMMER,64,F,True,0.31220545733236915,98.0,64,64
T1188,Custom_HMMER,65,N,True,0.0938625594202138,97.25,65,65
T1188,Custom_HMMER,66,S,True,0.22860027044200182,97.56,66,66
T1188,Custom_HMMER,67,S,True,0.19892277247369347,97.38,67,67
T1188,Custom_HMMER,68,G,True,0.30434686715921,97.44,68,68
T1188,Custom_HMMER,69,E,True,0.5575219774337707,98.19,69,69
T1188,Custom_HMMER,70,L,True,0.45382267345477856,98.44,70,70
T1188,Custom_HMMER,71,I,True,0.6326474999958781,97.94,71,71
T1188,Custom_HMMER,72,Y,True,0.6534731938701905,97.75,72,72
T1188,Custom_HMMER,73,C,True,0.7698851145536458,96.38,73,73
T1188,Custom_HMMER,74,D,True,1.3249379067580498,96.56,74,74
T1188,Custom_HMMER,75,K,True,1.3621088278117088,97.19,75,75
T1188,Custom_HMMER,76,D,True,1.5270977467350586,97.31,76,76
T1188,Custom_HMMER,77,A,True,0.9896098416489834,97.81,77,77
T1188,Custom_HMMER,78,A,True,0.9202373823552384,98.12,78,78
T1188,Custom_HMMER,79,I,True,1.0827207912459176,97.19,79,79
T1188,Custom_HMMER,80,G,True,1.803946712181715,96.19,80,80
T1188,Custom_HMMER,81,H,True,1.2629346221195417,97.88,81,81
T1188,Custom_HMMER,82,P,True,1.1914241389476803,96.56,82,82
T1188,Custom_HMMER,83,L,True,1.0370406572065045,96.06,83,83
T1188,Custom_HMMER,84,G,True,1.0821503355321458,91.56,84,84
T1188,Custom_HMMER,85,N,True,0.8910213740614163,92.31,85,85
T1188,Custom_HMMER,86,L,True,0.7693925667904138,88.94,86,86
T1188,Custom_HMMER,87,G,True,1.0973241493352819,88.75,87,87
T1188,Custom_HMMER,88,V,True,1.0612036627448773,93.5,88,88
T1188,Custom_HMMER,89,T,True,1.6673275851155485,94.19,89,89
T1188,Custom_HMMER,90,Y,True,1.5534633958694983,96.12,90,90
T1188,Custom_HMMER,91,G,True,1.3609344095254143,94.56,91,91
T1188,Custom_HMMER,92,D,True,1.4519540317987902,95.06,92,92
T1188,Custom_HMMER,93,V,True,0.9931293574312899,95.38,93,93
T1188,Custom_HMMER,94,N,True,1.1885846999105867,95.38,94,94
T1188,Custom_HMMER,95,G,True,1.2368678980752676,96.56,95,95
T1188,Custom_HMMER,96,G,True,1.048431291202673,97.94,96,96
T1188,Custom_HMMER,97,I,True,0.6420082835217368,98.44,97,97
T1188,Custom_HMMER,98,L,True,0.8419200125425631,98.31,98,98
T1188,Custom_HMMER,99,N,True,1.1039288854597793,97.56,99,99
T1188,Custom_HMMER,100,A,True,1.0156373150921614,97.88,100,100
T1188,Custom_HMMER,101,F,True,1.023110778605244,98.31,101,101
T1188,Custom_HMMER,102,Q,True,1.0903921463739499,97.06,102,102
T1188,Custom_HMMER,103,V,True,0.998327020818403,97.44,103,103
T1188,Custom_HMMER,104,L,True,1.0856292417197746,97.44,104,104
T1188,Custom_HMMER,105,K,True,1.0089054718270272,96.0,105,105
T1188,Custom_HMMER,106,S,True,0.7348272469651816,95.81,106,106
T1188,Custom_HMMER,107,E,True,0.4676107038007817,96.5,107,107
T1188,Custom_HMMER,108,N,True,0.5324458387853714,97.31,108,108
T1188,Custom_HMMER,109,P,True,0.3273649860597976,96.31,109,109
T1188,Custom_HMMER,110,N,True,0.4840377055723701,97.5,110,110
T1188,Custom_HMMER,111,L,True,0.5752852431580285,98.19,111,111
T1188,Custom_HMMER,112,K,True,0.40091131673411046,98.38,112,112
T1188,Custom_HMMER,113,I,True,0.58301981323938,98.75,113,113
T1188,Custom_HMMER,114,G,True,0.1651115865845301,98.56,114,114
T1188,Custom_HMMER,115,V,True,0.23946146381456052,98.75,115,115
T1188,Custom_HMMER,116,S,True,0.17735000179021906,98.56,116,116
T1188,Custom_HMMER,117,L,True,0.4388964827988109,98.5,117,117
T1188,Custom_HMMER,118,G,True,0.3155148029987147,97.38,118,118
T1188,Custom_HMMER,119,G,True,0.3229414278425741,96.0,119,119
T1188,Custom_HMMER,120,W,True,0.5520165950784273,94.44,120,120
T1188,Custom_HMMER,121,S,True,0.446727460880751,95.5,121,121
T1188,Custom_HMMER,122,K,True,0.43304556250629983,97.0,122,122
T1188,Custom_HMMER,123,S,True,0.32027809245253924,96.5,123,123
T1188,Custom_HMMER,124,G,True,0.4077335432314384,96.44,124,124
T1188,Custom_HMMER,125,D,True,0.3395198950630009,98.06,125,125
T1188,Custom_HMMER,126,F,True,0.26435536008945,98.25,126,126
T1188,Custom_HMMER,127,S,True,0.6052549746597565,98.12,127,127
T1188,Custom_HMMER,128,T,True,0.4339013021293559,97.81,128,128
T1188,Custom_HMMER,129,I,True,0.3850770960333329,98.31,129,129
T1188,Custom_HMMER,130,A,True,0.6948726968543113,98.44,130,130
T1188,Custom_HMMER,131,A,True,0.853265091711844,98.19,131,131
T1188,Custom_HMMER,132,T,True,0.5912383310232476,98.25,132,132
T1188,Custom_HMMER,133,P,True,0.6524529900488625,98.5,133,133
T1188,Custom_HMMER,134,S,True,0.6491359799522873,98.44,134,134
T1188,Custom_HMMER,135,I,True,0.6516275582366087,98.56,135,135
T1188,Custom_HMMER,136,R,True,0.6160404000043999,98.69,136,136
T1188,Custom_HMMER,137,A,True,0.5422219464865052,98.69,137,137
T1188,Custom_HMMER,138,K,True,0.48046087889889916,98.56,138,138
T1188,Custom_HMMER,139,F,True,0.3832674638326576,98.75,139,139
T1188,Custom_HMMER,140,V,True,0.3902322447683297,98.88,140,140
T1188,Custom_HMMER,141,E,True,0.49672152675282444,98.69,141,141
T1188,Custom_HMMER,142,N,True,0.4118662602465559,98.81,142,142
T1188,Custom_HMMER,143,V,True,0.30833385451345663,98.88,143,143
T1188,Custom_HMMER,144,M,True,0.49934708334946537,98.81,144,144
T1188,Custom_HMMER,145,K,True,0.5720744012712493,98.75,145,145
T1188,Custom_HMMER,146,F,True,0.49678968876261903,98.81,146,146
T1188,Custom_HMMER,147,I,True,0.5615253144880192,98.62,147,147
T1188,Custom_HMMER,148,K,True,0.7302938777989691,98.25,148,148
T1188,Custom_HMMER,149,Y,True,0.7010954231230567,98.38,149,149
T1188,Custom_HMMER,150,T,True,0.6743394288947165,98.0,150,150
T1188,Custom_HMMER,151,N,True,0.8430319898321417,97.25,151,151
T1188,Custom_HMMER,152,M,True,0.5990333195026186,98.19,152,152
T1188,Custom_HMMER,153,D,True,0.5854975781067212,98.38,153,153
T1188,Custom_HMMER,154,F,True,0.4265369665924783,98.69,154,154
T1188,Custom_HMMER,155,V,True,0.3170010826919343,98.88,155,155
T1188,Custom_HMMER,156,D,True,0.22700938071018453,98.88,156,156
T1188,Custom_HMMER,157,I,True,0.28671410213902243,98.81,157,157
T1188,Custom_HMMER,158,D,True,0.24640203789351567,98.31,158,158
T1188,Custom_HMMER,159,W,True,0.31757840883086413,97.81,159,159
T1188,Custom_HMMER,160,E,True,0.4834723684865665,94.56,160,160
T1188,Custom_HMMER,161,Y,True,0.6461042807427818,93.19,161,161
T1188,Custom_HMMER,162,P,True,0.5145237728440201,96.62,162,162
T1188,Custom_HMMER,163,G,True,0.8167448169858567,97.06,163,163
T1188,Custom_HMMER,164,D,True,0.9726044383935127,96.25,164,164
T1188,Custom_HMMER,165,Y,True,0.5815232179677174,96.06,165,165
T1188,Custom_HMMER,166,R,True,0.5482347594872066,95.31,166,166
T1188,Custom_HMMER,167,E,True,0.8524280238484854,96.5,167,167
T1188,Custom_HMMER,168,P,True,0.7542832010055642,97.19,168,168
T1188,Custom_HMMER,169,D,True,0.9585672312124073,96.88,169,169
T1188,Custom_HMMER,170,K,True,0.7161279424189201,97.38,170,170
T1188,Custom_HMMER,171,T,True,0.6477770542230964,96.94,171,171
T1188,Custom_HMMER,172,D,True,0.49314643077016646,96.5,172,172
T1188,Custom_HMMER,173,N,True,0.3948409817151328,96.19,173,173
T1188,Custom_HMMER,174,I,True,0.3837037792386763,96.75,174,174
T1188,Custom_HMMER,175,N,True,0.6560462980438047,95.62,175,175
T1188,Custom_HMMER,176,D,True,0.43200735371659593,97.69,176,176
T1188,Custom_HMMER,177,E,True,0.5163833362283032,97.38,177,177
T1188,Custom_HMMER,178,G,True,0.5545221034706361,97.38,178,178
T1188,Custom_HMMER,179,T,True,0.4653245739372234,97.5,179,179
T1188,Custom_HMMER,180,P,True,1.020766921378586,96.81,180,180
T1188,Custom_HMMER,181,N,True,1.082451464323555,97.12,181,181
T1188,Custom_HMMER,182,A,True,0.8533352441949601,97.44,182,182
T1188,Custom_HMMER,183,S,True,0.8937196474952487,96.81,183,183
T1188,Custom_HMMER,184,A,True,0.862995594577918,96.25,184,184
T1188,Custom_HMMER,185,G,True,0.770059363321177,97.69,185,185
T1188,Custom_HMMER,186,D,True,0.8114928627871938,98.38,186,186
T1188,Custom_HMMER,187,K,True,1.0300672289688724,98.06,187,187
T1188,Custom_HMMER,188,E,True,1.1265375834961884,98.44,188,188
T1188,Custom_HMMER,189,N,True,0.6797851699066083,98.69,189,189
T1188,Custom_HMMER,190,Y,True,0.4939507559854553,98.69,190,190
T1188,Custom_HMMER,191,I,True,0.6474025573999191,98.81,191,191
T1188,Custom_HMMER,192,L,True,0.6591348275094583,98.81,192,192
T1188,Custom_HMMER,193,L,True,0.5185405844608493,98.88,193,193
T1188,Custom_HMMER,194,L,True,0.6277526078666684,98.94,194,194
T1188,Custom_HMMER,195,Q,True,0.825428796426867,98.88,195,195
T1188,Custom_HMMER,196,D,True,0.7776854325508135,98.88,196,196
T1188,Custom_HMMER,197,L,True,0.7309528185692604,98.94,197,197
T1188,Custom_HMMER,198,K,True,0.67389625951901,98.88,198,198
T1188,Custom_HMMER,199,E,True,0.8621832539184267,98.81,199,199
T1188,Custom_HMMER,200,A,True,0.7345610686959623,98.88,200,200
T1188,Custom_HMMER,201,L,True,0.8129471254561464,98.88,201,201
T1188,Custom_HMMER,202,N,True,1.1849798028466556,98.75,202,202
T1188,Custom_HMMER,203,K,True,0.9672299505554666,98.75,203,203
T1188,Custom_HMMER,204,Q,True,0.9188288257339133,98.5,204,204
T1188,Custom_HMMER,205,G,True,0.9389581221301221,98.12,205,205
T1188,Custom_HMMER,206,K,True,0.9074689688908533,97.94,206,206
T1188,Custom_HMMER,207,E,True,1.0723216174209367,97.5,207,207
T1188,Custom_HMMER,208,L,True,0.8959706454262979,96.19,208,208
T1188,Custom_HMMER,209,G,True,0.8588098070112892,95.62,209,209
T1188,Custom_HMMER,210,K,True,0.5613709762239747,94.88,210,210
T1188,Custom_HMMER,211,V,True,0.3816403938043259,95.31,211,211
T1188,Custom_HMMER,212,Y,True,0.564906905583389,98.38,212,212
T1188,Custom_HMMER,213,E,True,0.535885327143037,98.56,213,213
T1188,Custom_HMMER,214,L,True,0.44110885571167263,98.88,214,214
T1188,Custom_HMMER,215,S,True,0.4139336089793168,98.81,215,215
T1188,Custom_HMMER,216,V,True,0.39973487682752507,98.88,216,216
T1188,Custom_HMMER,217,A,True,0.37998141187446277,98.44,217,217
T1188,Custom_HMMER,218,L,True,0.33759596635057737,98.0,218,218
T1188,Custom_HMMER,219,P,True,0.3985052126212902,96.25,219,219
T1188,Custom_HMMER,220,A,True,0.519167383400014,94.5,220,220
T1188,Custom_HMMER,221,G,True,0.5648346935541845,90.81,221,221
T1188,Custom_HMMER,222,V,True,0.8337085617358957,90.94,222,222
T1188,Custom_HMMER,223,S,True,0.606397999066958,90.0,223,223
T1188,Custom_HMMER,224,K,True,0.40614243161588315,92.0,224,224
T1188,Custom_HMMER,225,I,True,0.5164293458136322,94.69,225,225
T1188,Custom_HMMER,226,E,True,0.5273454547820698,93.94,226,226
T1188,Custom_HMMER,227,K,True,0.25214514329690796,94.25,227,227
T1188,Custom_HMMER,228,G,True,1.2156450217620947,95.0,228,228
T1188,Custom_HMMER,229,I,True,0.8745702780560547,97.94,229,229
T1188,Custom_HMMER,230,D,True,0.7545928997881732,98.19,230,230
T1188,Custom_HMMER,231,V,True,0.7481687224603499,98.56,231,231
T1188,Custom_HMMER,232,D,True,0.625035336848023,98.31,232,232
T1188,Custom_HMMER,233,K,True,0.782771391957004,98.62,233,233
T1188,Custom_HMMER,234,L,True,0.6877117488188326,98.69,234,234
T1188,Custom_HMMER,235,F,True,0.7519991402568301,98.56,235,235
T1188,Custom_HMMER,236,N,True,0.8616491835090343,98.5,236,236
T1188,Custom_HMMER,237,I,True,0.8240735325339728,98.75,237,237
T1188,Custom_HMMER,238,V,True,0.6267097818517938,98.75,238,238
T1188,Custom_HMMER,239,D,True,0.5363052483573624,98.56,239,239
T1188,Custom_HMMER,240,F,True,0.5030275671401276,98.62,240,240
T1188,Custom_HMMER,241,A,True,0.45904553933448045,98.56,241,241
T1188,Custom_HMMER,242,N,True,0.41392693363616656,98.56,242,242
T1188,Custom_HMMER,243,I,True,0.3533427847657656,98.0,243,243
T1188,Custom_HMMER,244,M,True,0.1693915187433047,96.88,244,244
T1188,Custom_HMMER,245,T,True,0.3237957004025949,97.25,245,245
T1188,Custom_HMMER,246,Y,True,1.5358753185632628,94.69,246,246
T1188,Custom_HMMER,247,D,True,2.070694213080039,92.12,247,247
T1188,Custom_HMMER,248,M,True,1.0632895071605495,93.81,248,248
T1188,Custom_HMMER,249,A,True,1.1742927608755305,94.44,249,249
T1188,Custom_HMMER,250,G,True,0.8683066099655974,95.56,250,250
T1188,Custom_HMMER,251,A,True,0.7533378030426571,95.31,251,251
T1188,Custom_HMMER,252,W,True,0.7997779957277396,92.81,252,252
T1188,Custom_HMMER,253,S,True,0.5805996224753548,93.38,253,253
T1188,Custom_HMMER,254,T,True,0.6338741037265252,95.06,254,254
T1188,Custom_HMMER,255,T,True,0.7281168680876944,94.81,255,255
T1188,Custom_HMMER,256,S,True,0.8368986424373378,95.56,256,256
T1188,Custom_HMMER,257,G,True,0.5516314886445594,94.75,257,257
T1188,Custom_HMMER,258,H,True,0.5444202902136168,96.0,258,258
T1188,Custom_HMMER,259,Q,True,0.611577787206717,95.75,259,259
T1188,Custom_HMMER,260,T,True,0.433219553124976,95.06,260,260
T1188,Custom_HMMER,261,A,True,0.7299722429791642,97.25,261,261
T1188,Custom_HMMER,262,L,True,0.559952868453404,98.44,262,262
T1188,Custom_HMMER,263,Y,True,0.7024027397252794,98.0,263,263
T1188,Custom_HMMER,264,T,True,0.6869662269055251,94.94,264,264
T1188,Custom_HMMER,265,N,True,0.7063037699951425,94.06,265,265
T1188,Custom_HMMER,266,P,True,0.6539911178401171,92.12,266,266
T1188,Custom_HMMER,267,N,True,0.37905888057610687,91.25,267,267
T1188,Custom_HMMER,268,A,True,0.31110135421419954,91.81,268,268
T1188,Custom_HMMER,269,P,True,0.31709345546235035,90.31,269,269
T1188,Custom_HMMER,270,E,True,0.7536613244843337,87.06,270,270
T1188,Custom_HMMER,271,E,True,0.9561521491402588,85.75,271,271
T1188,Custom_HMMER,272,Y,True,0.7758411632517985,86.06,272,272
T1188,Custom_HMMER,273,K,True,0.963684763761053,80.75,273,273
T1188,Custom_HMMER,274,G,True,0.8676694078099842,81.69,274,274
T1188,Custom_HMMER,275,L,True,0.49936423099624455,91.06,275,275
T1188,Custom_HMMER,276,S,True,0.6050458517392551,96.75,276,276
T1188,Custom_HMMER,277,V,True,0.24953821497684825,98.12,277,277
T1188,Custom_HMMER,278,D,True,0.5277508983443743,98.19,278,278
T1188,Custom_HMMER,279,E,True,0.6747599196759646,96.81,279,279
T1188,Custom_HMMER,280,S,True,0.5018485419313736,96.94,280,280
T1188,Custom_HMMER,281,V,True,0.43064846834019466,98.0,281,281
T1188,Custom_HMMER,282,K,True,0.7062437465508339,98.19,282,282
T1188,Custom_HMMER,283,Y,True,0.7410157354506052,97.88,283,283
T1188,Custom_HMMER,284,Y,True,0.6953867572796654,98.38,284,284
T1188,Custom_HMMER,285,I,True,0.7810390123465171,98.44,285,285
T1188,Custom_HMMER,286,S,True,0.9206563282495095,98.25,286,286
T1188,Custom_HMMER,287,Q,True,0.8887368298563647,98.38,287,287
T1188,Custom_HMMER,288,G,True,0.9435960483575573,98.19,288,288
T1188,Custom_HMMER,289,A,True,0.7833730549198893,98.44,289,289
T1188,Custom_HMMER,290,E,True,0.9372934672373064,97.56,290,290
T1188,Custom_HMMER,291,R,True,0.5428093789378711,98.19,291,291
T1188,Custom_HMMER,292,E,True,0.6276537194720111,97.81,292,292
T1188,Custom_HMMER,293,K,True,0.75925812220169,98.38,293,293
T1188,Custom_HMMER,294,I,True,0.5380550881410274,98.69,294,294
T1188,Custom_HMMER,295,V,True,0.39574507338417503,98.69,295,295
T1188,Custom_HMMER,296,V,True,0.19625592311769396,98.56,296,296
T1188,Custom_HMMER,297,G,True,0.23806787653130393,97.75,297,297
T1188,Custom_HMMER,298,A,True,0.26150764364143103,97.94,298,298
T1188,Custom_HMMER,299,A,True,0.39435986598513345,97.12,299,299
T1188,Custom_HMMER,300,Y,True,0.38424620311789703,97.5,300,300
T1188,Custom_HMMER,301,Y,True,0.27438683983673856,97.69,301,301
T1188,Custom_HMMER,302,T,True,0.17233434975694784,98.12,302,302
T1188,Custom_HMMER,303,R,True,0.305793883488307,98.0,303,303
T1188,Custom_HMMER,304,G,True,0.41364990835177345,98.06,304,304
T1188,Custom_HMMER,305,W,True,0.5078194676058002,98.12,305,305
T1188,Custom_HMMER,306,E,True,1.1147234747602084,96.06,306,306
T1188,Custom_HMMER,307,Q,True,0.6109510034651434,96.69,307,307
T1188,Custom_HMMER,308,V,True,0.4263977742388141,97.0,308,308
T1188,Custom_HMMER,309,S,True,0.8794916525883276,93.5,309,309
T1188,Custom_HMMER,310,D,True,1.161691958859154,84.06,310,310
T1188,Custom_HMMER,311,K,True,1.6372822466193426,71.44,311,311
T1188,Custom_HMMER,312,G,True,2.865236661337161,62.53,312,312
T1188,Custom_HMMER,313,T,True,0.9973977955831946,71.88,313,313
T1188,Custom_HMMER,314,D,True,1.2191323887294037,80.62,314,314
T1188,Custom_HMMER,315,P,True,1.442144024771203,81.75,315,315
T1188,Custom_HMMER,316,N,True,1.7595165725336923,87.81,316,316
T1188,Custom_HMMER,317,N,True,0.6727922305124925,92.44,317,317
T1188,Custom_HMMER,318,P,True,1.029178558439064,94.5,318,318
T1188,Custom_HMMER,319,G,True,1.0212018908625675,94.94,319,319
T1188,Custom_HMMER,320,L,True,0.5271728205465053,94.75,320,320
T1188,Custom_HMMER,321,F,True,0.6487452043080862,93.81,321,321
T1188,Custom_HMMER,322,G,True,0.7179794576258155,94.12,322,322
T1188,Custom_HMMER,323,E,True,0.8585794728479808,94.88,323,323
T1188,Custom_HMMER,324,A,True,0.4036544339219956,96.69,324,324
T1188,Custom_HMMER,325,A,True,0.41143673690240296,96.56,325,325
T1188,Custom_HMMER,326,V,True,0.4928076447961235,97.69,326,326
T1188,Custom_HMMER,327,V,True,0.3768985644033742,96.69,327,327
T1188,Custom_HMMER,328,N,True,0.4248023531811858,95.94,328,328
T1188,Custom_HMMER,329,K,True,0.5250340711909152,97.06,329,329
T1188,Custom_HMMER,330,D,True,0.49272963513880563,97.62,330,330
T1188,Custom_HMMER,331,A,True,0.6764998181597823,97.75,331,331
T1188,Custom_HMMER,332,D,True,0.6413913948810521,97.0,332,332
T1188,Custom_HMMER,333,L,True,0.6983480384068554,97.44,333,333
T1188,Custom_HMMER,334,S,True,0.4909047161627503,97.5,334,334
T1188,Custom_HMMER,335,P,True,0.4799362900244039,97.75,335,335
T1188,Custom_HMMER,336,T,True,0.5269194011858639,98.0,336,336
T1188,Custom_HMMER,337,P,True,0.7016207105435018,97.75,337,337
T1188,Custom_HMMER,338,G,True,0.2794166500801578,97.88,338,338
T1188,Custom_HMMER,339,A,True,0.32482780379551107,97.88,339,339
T1188,Custom_HMMER,340,L,True,0.18535321610672442,96.88,340,340
T1188,Custom_HMMER,341,N,True,0.19303196344114457,96.69,341,341
T1188,Custom_HMMER,342,E,True,0.2792070620335458,95.94,342,342
T1188,Custom_HMMER,343,A,True,0.38489722710433016,93.94,343,343
T1188,Custom_HMMER,344,P,True,0.19654556194668826,93.94,344,344
T1188,Custom_HMMER,345,M,True,0.3538548102666465,95.25,345,345
T1188,Custom_HMMER,346,K,True,0.37635041447481715,95.94,346,346
T1188,Custom_HMMER,347,N,True,0.5507410621893284,96.31,347,347
T1188,Custom_HMMER,348,G,True,0.5232575090419003,95.56,348,348
T1188,Custom_HMMER,349,E,True,0.33120969451540966,92.75,349,349
T1188,Custom_HMMER,350,G,True,0.46683815292877756,93.44,350,350
T1188,Custom_HMMER,351,G,True,0.42382653593876635,97.0,351,351
T1188,Custom_HMMER,352,R,True,0.5384558732795909,97.31,352,352
T1188,Custom_HMMER,353,A,True,0.3861802264976539,97.56,353,353
T1188,Custom_HMMER,354,G,True,0.3158769346952219,96.94,354,354
T1188,Custom_HMMER,355,G,True,0.6413702653853324,97.56,355,355
T1188,Custom_HMMER,356,V,True,0.5734272974922149,96.69,356,356
T1188,Custom_HMMER,357,W,True,0.35110750417668335,97.56,357,357
T1188,Custom_HMMER,358,G,True,0.49961949122871474,96.94,358,358
T1188,Custom_HMMER,359,Y,True,0.4215993143079444,97.56,359,359
T1188,Custom_HMMER,360,N,True,0.5313455736897049,96.0,360,360
T1188,Custom_HMMER,361,A,True,0.574460929295697,97.0,361,361
T1188,Custom_HMMER,362,L,True,0.29482683210221994,97.38,362,362
T1188,Custom_HMMER,363,D,True,0.5894521428363102,96.5,363,363
T1188,Custom_HMMER,364,K,True,0.8466890541350369,97.5,364,364
T1188,Custom_HMMER,365,L,True,0.47123807089690517,98.19,365,365
T1188,Custom_HMMER,366,K,True,0.6441575761274807,98.06,366,366
T1188,Custom_HMMER,367,S,True,0.8995795788070865,97.75,367,367
T1188,Custom_HMMER,368,K,True,0.7597791847439539,97.06,368,368
T1188,Custom_HMMER,369,Y,True,0.7638817850672789,97.25,369,369
T1188,Custom_HMMER,370,T,True,0.7526258531731739,96.25,370,370
T1188,Custom_HMMER,371,G,True,0.5944002276776051,97.0,371,371
T1188,Custom_HMMER,372,L,True,0.331521140898777,98.12,372,372
T1188,Custom_HMMER,373,K,True,0.7051893544100543,97.06,373,373
T1188,Custom_HMMER,374,E,True,0.6982938744343687,97.75,374,374
T1188,Custom_HMMER,375,Y,True,0.4420237494276011,97.06,375,375
T1188,Custom_HMMER,376,W,True,0.7037958437096263,97.38,376,376
T1188,Custom_HMMER,377,D,True,0.7128608154169258,96.69,377,377
T1188,Custom_HMMER,378,D,True,0.7516219582196333,96.69,378,378
T1188,Custom_HMMER,379,S,True,0.7376109648506352,95.62,379,379
T1188,Custom_HMMER,380,A,True,0.6112829362354114,97.25,380,380
T1188,Custom_HMMER,381,K,True,0.42436080750599614,98.5,381,381
T1188,Custom_HMMER,382,A,True,0.310136159301317,97.88,382,382
T1188,Custom_HMMER,383,P,True,0.40498681838459655,98.12,383,383
T1188,Custom_HMMER,384,Y,True,0.4008706666861925,98.0,384,384
T1188,Custom_HMMER,385,L,True,0.40257459027137055,98.38,385,385
T1188,Custom_HMMER,386,Y,True,0.28576413691591673,97.75,386,386
T1188,Custom_HMMER,387,N,True,0.3061275424812644,96.94,387,387
T1188,Custom_HMMER,388,S,True,0.2682358345227739,93.62,388,388
T1188,Custom_HMMER,389,E,True,0.5756915894436977,94.31,389,389
T1188,Custom_HMMER,390,T,True,0.4164048204791912,96.19,390,390
T1188,Custom_HMMER,391,G,True,0.47048614563326546,96.69,391,391
T1188,Custom_HMMER,392,A,True,0.2902355652755013,97.75,392,392
T1188,Custom_HMMER,393,F,True,0.33624913451594385,98.12,393,393
T1188,Custom_HMMER,394,F,True,0.2928662523535822,98.5,394,394
T1188,Custom_HMMER,395,T,True,0.3100316419610138,98.06,395,395
T1188,Custom_HMMER,396,Y,True,0.33106421760595955,97.81,396,396
T1188,Custom_HMMER,397,D,True,0.23857010285208285,98.25,397,397
T1188,Custom_HMMER,398,N,True,0.2463549552774876,98.19,398,398
T1188,Custom_HMMER,399,I,True,0.4342152577784357,98.38,399,399
T1188,Custom_HMMER,400,R,True,0.3634944059917975,98.69,400,400
T1188,Custom_HMMER,401,S,True,0.2437755286255416,98.75,401,401
T1188,Custom_HMMER,402,I,True,0.413156052881948,98.69,402,402
T1188,Custom_HMMER,403,Q,True,0.4111974082998817,98.81,403,403
T1188,Custom_HMMER,404,E,True,0.28692664240560867,98.88,404,404
T1188,Custom_HMMER,405,K,True,0.32247517649931223,98.75,405,405
T1188,Custom_HMMER,406,A,True,0.24893102750625862,98.62,406,406
T1188,Custom_HMMER,407,K,True,0.2616139200858705,98.56,407,407
T1188,Custom_HMMER,408,Y,True,0.11562285004014344,98.75,408,408
T1188,Custom_HMMER,409,V,True,0.14776419135925226,98.62,409,409
T1188,Custom_HMMER,410,K,True,0.2947527089736605,98.0,410,410
T1188,Custom_HMMER,411,E,True,0.21541921392154675,97.88,411,411
T1188,Custom_HMMER,412,N,True,0.21386367143099397,98.0,412,412
T1188,Custom_HMMER,413,N,True,0.2651204330257607,97.5,413,413
T1188,Custom_HMMER,414,L,True,0.3396272253829922,98.44,414,414
T1188,Custom_HMMER,415,G,True,0.3787088589639228,98.0,415,415
T1188,Custom_HMMER,416,G,True,0.2236297786669655,98.31,416,416
T1188,Custom_HMMER,417,I,True,0.28332435371282516,98.69,417,417
T1188,Custom_HMMER,418,I,True,0.3413030032845945,98.56,418,418
T1188,Custom_HMMER,419,G,True,0.5743720966011695,97.88,419,419
T1188,Custom_HMMER,420,W,True,0.405960744520366,95.88,420,420
T1188,Custom_HMMER,421,M,True,0.603692646751787,89.5,421,421
T1188,Custom_HMMER,422,A,True,0.5239255292301727,89.62,422,422
T1188,Custom_HMMER,423,S,True,0.5675169711939342,93.44,423,423
T1188,Custom_HMMER,424,Q,True,0.5174804570528273,95.81,424,424
T1188,Custom_HMMER,425,D,True,0.5932801225422645,96.81,425,425
T1188,Custom_HMMER,426,A,True,0.709566267962689,95.31,426,426
T1188,Custom_HMMER,427,T,True,0.943208176117218,92.44,427,427
T1188,Custom_HMMER,428,T,True,0.8395383830242171,88.69,428,428
T1188,Custom_HMMER,429,N,True,1.6427174980449044,83.75,429,429
T1188,Custom_HMMER,430,S,True,2.5515755466216037,84.06,430,430
T1188,Custom_HMMER,431,T,True,2.283973401481745,84.81,431,431
T1188,Custom_HMMER,432,K,True,1.0234745131560248,92.38,432,432
T1188,Custom_HMMER,433,R,True,1.2242032490048596,93.88,433,433
T1188,Custom_HMMER,434,D,True,0.6053017727047009,96.38,434,434
T1188,Custom_HMMER,435,E,True,0.6789765030040886,97.5,435,435
T1188,Custom_HMMER,436,L,True,0.5109452547689326,98.31,436,436
T1188,Custom_HMMER,437,T,True,0.42154893368200513,97.88,437,437
T1188,Custom_HMMER,438,T,True,0.4580007529876147,97.5,438,438
T1188,Custom_HMMER,439,A,True,0.4298672570151211,98.19,439,439
T1188,Custom_HMMER,440,T,True,0.3366618955470571,98.38,440,440
T1188,Custom_HMMER,441,K,True,0.449906809354329,97.94,441,441
T1188,Custom_HMMER,442,E,True,0.3945656464640756,97.81,442,442
T1188,Custom_HMMER,443,S,True,0.26454122481672815,98.25,443,443
T1188,Custom_HMMER,444,L,True,0.4303710267833434,97.69,444,444
T1188,Custom_HMMER,445,F,True,0.4158459519755808,96.75,445,445
T1188,Custom_HMMER,446,G,True,0.3478690719432984,96.5,446,446
T1188,Custom_HMMER,447,K,True,0.4557639969015649,94.88,447,447
T1188,Custom_HMMER,448,E,True,0.6154358275541622,93.19,448,448
T1188,Custom_HMMER,449,D,True,0.5582828382977025,94.88,449,449
T1188,Custom_HMMER,450,L,True,0.4498713710050134,96.38,450,450
T1188,Custom_HMMER,451,P,True,0.5985476470631301,93.19,451,451
T1188,Custom_HMMER,452,K,True,0.4902104319355954,94.62,452,452
T1188,Custom_HMMER,453,Y,True,0.4029968517538131,92.38,453,453
T1188,Custom_HMMER,454,E,True,0.7250422005875298,93.38,454,454
T1188,Custom_HMMER,455,I,True,0.7367817478901315,94.5,455,455
T1188,Custom_HMMER,456,K,True,0.6963958864601925,94.38,456,456
T1188,Custom_HMMER,457,Y,True,0.7647961766277326,93.56,457,457
T1188,Custom_HMMER,458,T,True,1.3950035178489069,92.88,458,458
T1188,Custom_HMMER,459,E,True,1.3417145025649682,95.06,459,459
T1188,Custom_HMMER,460,N,True,1.0766742916242815,97.25,460,460
T1188,Custom_HMMER,461,D,True,0.9434075515524911,97.88,461,461
T1188,Custom_HMMER,462,I,True,0.6988935732734615,98.38,462,462
T1188,Custom_HMMER,463,T,True,0.588942470432488,97.94,463,463
T1188,Custom_HMMER,464,C,True,0.9482143622991409,97.88,464,464
T1188,Custom_HMMER,465,T,True,0.8770748110187031,97.06,465,465
T1188,Custom_HMMER,466,V,True,1.1628467254358235,96.06,466,466
T1188,Custom_HMMER,467,T,True,1.189553090904447,95.62,467,467
T1188,Custom_HMMER,468,P,True,1.6503855365260414,93.44,468,468
T1188,Custom_HMMER,469,V,True,1.8991034635940789,90.62,469,469
T1188,Custom_HMMER,470,K,True,1.9410607121579204,80.06,470,470
T1188,Custom_HMMER,471,Q,True,0.8990460078447786,74.75,471,471
T1188,Custom_HMMER,472,S,True,1.3247080284216848,75.06,472,472
T1188,Custom_HMMER,473,W,True,1.1593523608752416,73.44,473,473
T1188,Custom_HMMER,474,G,True,3.8295376521603446,73.69,474,474
T1188,Custom_HMMER,475,S,True,5.448739535619141,82.44,475,475
T1188,Custom_HMMER,476,G,True,2.0984791876389575,87.19,476,476
T1188,Custom_HMMER,477,G,True,1.9366646552897004,91.69,477,477
T1188,Custom_HMMER,478,V,True,1.3295852511927106,94.25,478,478
T1188,Custom_HMMER,479,L,True,1.047871537339056,95.19,479,479
T1188,Custom_HMMER,480,K,True,1.048524953081857,96.12,480,480
T1188,Custom_HMMER,481,M,True,0.6945374060051225,96.94,481,481
T1188,Custom_HMMER,482,S,True,0.6244273828368266,97.38,482,482
T1188,Custom_HMMER,483,I,True,0.4750520544759251,97.94,483,483
T1188,Custom_HMMER,484,T,True,0.4286209036054855,98.38,484,484
T1188,Custom_HMMER,485,N,True,0.4509298522520252,98.5,485,485
T1188,Custom_HMMER,486,N,True,0.42316590454506947,98.62,486,486
T1188,Custom_HMMER,487,E,True,0.45458232359388895,98.44,487,487
T1188,Custom_HMMER,488,K,True,0.5448451459933233,97.75,488,488
T1188,Custom_HMMER,489,L,True,0.4063803010765467,98.12,489,489
T1188,Custom_HMMER,490,D,True,0.719936084746842,97.31,490,490
T1188,Custom_HMMER,491,E,True,0.5634726118151943,98.0,491,491
T1188,Custom_HMMER,492,S,True,0.7578423209604777,95.06,492,492
T1188,Custom_HMMER,493,G,True,0.570092280225822,94.06,493,493
T1188,Custom_HMMER,494,E,True,0.982788486476282,93.94,494,494
T1188,Custom_HMMER,495,V,True,0.5452098559839936,98.31,495,495
T1188,Custom_HMMER,496,L,True,0.5779766293299243,98.69,496,496
T1188,Custom_HMMER,497,S,True,0.8774230712785767,98.19,497,497
T1188,Custom_HMMER,498,T,True,0.6686304885885682,98.12,498,498
T1188,Custom_HMMER,499,V,True,0.6626143582001337,98.44,499,499
T1188,Custom_HMMER,500,E,True,0.6566432445688972,98.56,500,500
T1188,Custom_HMMER,501,T,True,0.6793251714816606,98.25,501,501
T1188,Custom_HMMER,502,S,True,0.7708053669859088,97.5,502,502
T1188,Custom_HMMER,503,A,True,0.7614134848635679,97.88,503,503
T1188,Custom_HMMER,504,K,True,0.41246644050255155,98.31,504,504
T1188,Custom_HMMER,505,T,True,0.5317300805819406,97.88,505,505
T1188,Custom_HMMER,506,V,True,0.84178986130362,97.31,506,506
T1188,Custom_HMMER,507,K,True,1.2879266021422568,96.06,507,507
T1188,Custom_HMMER,508,N,True,1.288515777657251,94.94,508,508
T1188,Custom_HMMER,509,M,True,0.9314735117848622,95.5,509,509
T1188,Custom_HMMER,510,K,True,0.8759270335630431,96.19,510,510
T1188,Custom_HMMER,511,V,True,0.7472104238155969,97.56,511,511
T1188,Custom_HMMER,512,Y,True,0.673738393451379,98.12,512,512
T1188,Custom_HMMER,513,I,True,0.6421788432769461,98.0,513,513
T1188,Custom_HMMER,514,K,True,0.9711940090967048,97.25,514,514
T1188,Custom_HMMER,515,T,True,1.0806823171853033,95.81,515,515
T1188,Custom_HMMER,516,D,True,1.3156905646257457,94.12,516,516
T1188,Custom_HMMER,517,G,True,1.4097071143786413,91.31,517,517
T1188,Custom_HMMER,518,I,True,1.2977848234687868,92.75,518,518
T1188,Custom_HMMER,519,A,True,0.9989489973777325,94.88,519,519
T1188,Custom_HMMER,520,I,True,0.6508503350085103,96.06,520,520
T1188,Custom_HMMER,521,T,True,0.7599595896428679,93.56,521,521
T1188,Custom_HMMER,522,G,True,0.7491322588322746,93.56,522,522
T1188,Custom_HMMER,523,S,True,0.652754043503322,93.81,523,523
T1188,Custom_HMMER,524,Q,True,0.9402245338101728,91.12,524,524
T1188,Custom_HMMER,525,Y,True,0.8525523853653059,88.75,525,525
T1188,Custom_HMMER,526,P,True,0.9011571242081351,87.88,526,526
T1188,Custom_HMMER,527,A,True,0.8160673861678857,87.19,527,527
T1188,Custom_HMMER,528,G,True,1.46530290277368,83.0,528,528
T1188,Custom_HMMER,529,P,True,1.414321168666357,88.06,529,529
T1188,Custom_HMMER,530,V,True,0.9119589113929115,93.38,530,530
T1188,Custom_HMMER,531,T,True,0.4666895114574838,95.81,531,531
T1188,Custom_HMMER,532,K,True,0.517584357410672,95.31,532,532
T1188,Custom_HMMER,533,E,True,0.578455437370127,95.0,533,533
T1188,Custom_HMMER,534,G,True,0.8248374302826701,93.56,534,534
T1188,Custom_HMMER,535,D,True,0.8147134693280577,94.44,535,535
T1188,Custom_HMMER,536,Y,True,0.7154650835006026,97.62,536,536
T1188,Custom_HMMER,537,Y,True,0.44118253715678574,97.81,537,537
T1188,Custom_HMMER,538,V,True,0.3933536638567157,97.25,538,538
T1188,Custom_HMMER,539,I,True,0.5107007665388353,96.12,539,539
T1188,Custom_HMMER,540,D,True,0.4602157904849136,93.75,540,540
T1188,Custom_HMMER,541,F,True,0.7817359557171091,93.25,541,541
T1188,Custom_HMMER,542,G,True,1.2608071122704472,88.94,542,542
T1188,Custom_HMMER,543,K,True,1.009103102180211,86.62,543,543
T1188,Custom_HMMER,544,I,True,1.0747563073202464,88.06,544,544
T1188,Custom_HMMER,545,S,True,1.4741087093313057,83.62,545,545
T1188,Custom_HMMER,546,D,True,0.8734493765403685,85.44,546,546
T1188,Custom_HMMER,547,G,True,0.3918707918400139,85.88,547,547
T1188,Custom_HMMER,548,K,True,1.3302520133478462,90.81,548,548
T1188,Custom_HMMER,549,L,True,0.9979235448909687,93.44,549,549
T1188,Custom_HMMER,550,M,True,0.4802467845973021,96.12,550,550
T1188,Custom_HMMER,551,K,True,0.23196466312126468,96.81,551,551
T1188,Custom_HMMER,552,A,True,0.32294469504015355,97.81,552,552
T1188,Custom_HMMER,553,G,True,0.2993065928198976,98.0,553,553
T1188,Custom_HMMER,554,I,True,0.15916082297035214,97.38,554,554
T1188,Custom_HMMER,555,T,True,0.11105942040255383,97.56,555,555
T1188,Custom_HMMER,556,F,True,0.30432336973096813,96.25,556,556
T1188,Custom_HMMER,557,T,True,0.3805598281885045,96.06,557,557
T1188,Custom_HMMER,558,F,True,0.6194869380568181,95.25,558,558
T1188,Custom_HMMER,559,D,True,0.9100870597362278,95.75,559,559
T1188,Custom_HMMER,560,L,True,0.7972481312351243,96.19,560,560
T1188,Custom_HMMER,561,N,True,0.9472055549508184,94.44,561,561
T1188,Custom_HMMER,562,L,True,1.112053748658002,94.94,562,562
T1188,Custom_HMMER,563,D,True,1.1914223684693668,93.25,563,563
T1188,Custom_HMMER,564,K,True,1.63776526468522,91.62,564,564
T1188,Custom_HMMER,565,A,True,2.1515962952653473,90.94,565,565
T1188,Custom_HMMER,566,I,True,2.367455770225516,90.5,566,566
T1188,Custom_HMMER,567,E,True,2.501956324634982,88.75,567,567
T1188,Custom_HMMER,568,D,True,2.0063976070120426,90.31,568,568
T1188,Custom_HMMER,569,T,True,1.8670248398655986,92.81,569,569
T1188,Custom_HMMER,570,N,True,2.057814220568576,92.19,570,570
T1188,Custom_HMMER,571,N,True,1.7522358692452626,93.0,571,571
T1188,Custom_HMMER,572,I,True,1.2934002605593473,94.94,572,572
T1188,Custom_HMMER,573,I,True,1.3605754823398364,95.88,573,573
T1188,Custom_HMMER,574,S,True,1.1819021810203192,97.31,574,574
T1188,Custom_HMMER,575,I,True,0.8286688116130071,98.06,575,575
T1188,Custom_HMMER,576,E,True,0.9243905020386604,98.19,576,576
T1188,Custom_HMMER,577,V,True,0.7836642327130208,97.88,577,577
T1188,Custom_HMMER,578,S,True,0.999402520856369,97.12,578,578
T1188,Custom_HMMER,579,Q,True,1.179085992924073,96.19,579,579
T1188,Custom_HMMER,580,R,True,1.5302097913347101,96.12,580,580
T1188,Custom_HMMER,581,M,True,1.2301567696925086,95.5,581,581
T1188,Custom_HMMER,582,Y,True,1.736543129739315,92.62,582,582
T1188,Custom_HMMER,583,Q,True,1.5531639800117154,90.12,583,583
T1188,Custom_HMMER,584,T,True,1.8008201222112423,90.44,584,584
T1188,Custom_HMMER,585,S,True,1.7275001740208338,94.75,585,585
T1188,Custom_HMMER,586,P,True,1.6620350834530668,95.12,586,586
T1188,Custom_HMMER,587,E,True,1.4077799577100771,95.81,587,587
T1188,Custom_HMMER,588,F,True,1.7091189837405936,95.31,588,588
T1188,Custom_HMMER,589,N,True,1.5115043035632023,94.5,589,589
T1188,Custom_HMMER,590,R,True,1.312089396737955,96.12,590,590
T1188,Custom_HMMER,591,Q,True,1.1996126113661076,97.0,591,591
T1188,Custom_HMMER,592,T,True,1.0517735766430596,97.62,592,592
T1188,Custom_HMMER,593,I,True,1.0675371237755154,97.62,593,593
T1188,Custom_HMMER,594,W,True,1.060379053569387,96.94,594,594
T1188,Custom_HMMER,595,E,True,1.3556349729686912,94.5,595,595
T1188,Custom_HMMER,596,N,True,1.4805584500582258,86.31,596,596
T1188,Custom_HMMER,597,T,True,2.9534731500075195,76.69,597,597
T1188,Custom_HMMER,598,N,False,,66.88,598,
T1188,Custom_HMMER,599,S,False,,51.03,599,
T1188,Custom_HMMER,600,P,False,,41.84,600,
T1188,Custom_HMMER,601,R,False,,39.03,601,
T1188,Custom_HMMER,602,N,False,,34.03,602,
T1188,Custom_HMMER,603,K,False,,34.31,603,
T1188,Custom_HMMER,604,G,False,,34.34,604,
T1188,Custom_HMMER,605,E,False,,33.03,605,
T1188,Custom_HMMER,606,L,False,,31.45,606,
T1188,Custom_HMMER,607,E,False,,30.97,607,
T1188,Custom_HMMER,608,G,False,,30.27,608,
T1188,Custom_HMMER,609,K,False,,27.72,609,
T1188,Custom_HMMER,610,P,False,,30.56,610,
T1188,Custom_HMMER,611,I,False,,30.72,611,
T1188,Custom_HMMER,612,P,False,,28.36,612,
T1188,Custom_HMMER,613,N,False,,32.06,613,
T1188,Custom_HMMER,614,P,False,,33.81,614,
T1188,Custom_HMMER,615,L,False,,27.31,615,
T1188,Custom_HMMER,616,L,False,,27.77,616,
T1188,Custom_HMMER,617,G,False,,25.95,617,
T1188,Custom_HMMER,618,L,False,,28.27,618,
T1188,Custom_HMMER,619,D,False,,28.02,619,
T1188,Custom_HMMER,620,S,False,,28.62,620,
T1188,Custom_HMMER,621,T,False,,29.47,621,
T1188,Custom_HMMER,622,R,False,,28.2,622,
T1188,Custom_HMMER,623,T,False,,28.55,623,
T1188,Custom_HMMER,624,G,False,,27.78,624,
T1188,Custom_HMMER,625,H,False,,24.61,625,
T1188,Custom_HMMER,626,H,False,,25.42,626,
T1188,Custom_HMMER,627,H,False,,26.33,627,
T1188,Custom_HMMER,628,H,False,,23.05,628,
T1188,Custom_HMMER,629,H,False,,24.78,629,
T1188,Custom_HMMER,630,H,False,,35.94,630,
T1188,Custom_DeepMSA2,1,M,False,,34.12,1,
T1188,Custom_DeepMSA2,2,N,False,,35.94,2,
T1188,Custom_DeepMSA2,3,T,False,,33.25,3,
T1188,Custom_DeepMSA2,4,I,False,,33.84,4,
T1188,Custom_DeepMSA2,5,S,False,,34.0,5,
T1188,Custom_DeepMSA2,6,V,False,,33.0,6,
T1188,Custom_DeepMSA2,7,K,False,,33.53,7,
T1188,Custom_DeepMSA2,8,A,False,,40.94,8,
T1188,Custom_DeepMSA2,9,M,False,,36.12,9,
T1188,Custom_DeepMSA2,10,S,False,,40.34,10,
T1188,Custom_DeepMSA2,11,K,False,,44.5,11,
T1188,Custom_DeepMSA2,12,S,False,,40.72,12,
T1188,Custom_DeepMSA2,13,S,False,,42.0,13,
T1188,Custom_DeepMSA2,14,D,False,,41.31,14,
T1188,Custom_DeepMSA2,15,T,False,,41.59,15,
T1188,Custom_DeepMSA2,16,T,False,,40.53,16,
T1188,Custom_DeepMSA2,17,E,False,,37.16,17,
T1188,Custom_DeepMSA2,18,I,False,,39.19,18,
T1188,Custom_DeepMSA2,19,T,False,,37.38,19,
T1188,Custom_DeepMSA2,20,S,False,,36.03,20,
T1188,Custom_DeepMSA2,21,Q,False,,38.5,21,
T1188,Custom_DeepMSA2,22,S,False,,41.16,22,
T1188,Custom_DeepMSA2,23,T,False,,49.47,23,
T1188,Custom_DeepMSA2,24,T,False,,61.5,24,
T1188,Custom_DeepMSA2,25,K,True,0.6910679448551147,86.25,25,25
T1188,Custom_DeepMSA2,26,L,True,0.25059554216287117,97.25,26,26
T1188,Custom_DeepMSA2,27,R,True,0.23684995076846546,98.25,27,27
T1188,Custom_DeepMSA2,28,N,True,0.41258098284653705,98.62,28,28
T1188,Custom_DeepMSA2,29,V,True,0.3439255764987197,98.81,29,29
T1188,Custom_DeepMSA2,30,M,True,0.2346103463439516,98.81,30,30
T1188,Custom_DeepMSA2,31,Y,True,0.08889159499235923,98.75,31,31
T1188,Custom_DeepMSA2,32,Y,True,0.11808780892208623,98.69,32,32
T1188,Custom_DeepMSA2,33,G,True,0.08754620249416602,98.12,33,33
T1188,Custom_DeepMSA2,34,D,True,0.3431005814869354,97.5,34,34
T1188,Custom_DeepMSA2,35,W,True,0.35211289707236193,97.31,35,35
T1188,Custom_DeepMSA2,36,S,True,0.2299723992707528,97.75,36,36
T1188,Custom_DeepMSA2,37,I,True,0.2619827772307171,97.88,37,37
T1188,Custom_DeepMSA2,38,W,True,0.38810800494446385,96.88,38,38
T1188,Custom_DeepMSA2,39,G,True,0.49796950059945966,93.56,39,39
T1188,Custom_DeepMSA2,40,G,True,0.44880742615752905,90.06,40,40
T1188,Custom_DeepMSA2,41,Q,True,0.2258305768482852,92.81,41,41
T1188,Custom_DeepMSA2,42,G,True,0.5666299524911578,92.56,42,42
T1188,Custom_DeepMSA2,43,N,True,0.4469397906316423,95.19,43,43
T1188,Custom_DeepMSA2,44,F,True,0.5479418680971446,96.81,44,44
T1188,Custom_DeepMSA2,45,Y,True,0.3568029179973055,97.31,45,45
T1188,Custom_DeepMSA2,46,P,True,0.11910723938680508,97.31,46,46
T1188,Custom_DeepMSA2,47,K,True,0.6057337943716579,95.56,47,47
T1188,Custom_DeepMSA2,48,D,True,0.834271365529616,96.31,48,48
T1188,Custom_DeepMSA2,49,I,True,0.29881552309388937,97.69,49,49
T1188,Custom_DeepMSA2,50,P,True,0.5722625083633439,97.44,50,50
T1188,Custom_DeepMSA2,51,A,True,0.5628255758343645,97.75,51,51
T1188,Custom_DeepMSA2,52,D,True,0.6711181125949004,97.31,52,52
T1188,Custom_DeepMSA2,53,K,True,0.37693932634502797,98.06,53,53
T1188,Custom_DeepMSA2,54,L,True,0.44824034745019004,98.62,54,54
T1188,Custom_DeepMSA2,55,T,True,0.584853374363919,98.56,55,55
T1188,Custom_DeepMSA2,56,H,True,0.41795083172824654,98.75,56,56
T1188,Custom_DeepMSA2,57,L,True,0.39945932316412125,98.88,57,57
T1188,Custom_DeepMSA2,58,N,True,0.2682293571589179,98.81,58,58
T1188,Custom_DeepMSA2,59,F,True,0.21443588208151987,98.69,59,59
T1188,Custom_DeepMSA2,60,A,True,0.08971101416038252,98.25,60,60
T1188,Custom_DeepMSA2,61,F,True,0.37417764041580676,97.94,61,61
T1188,Custom_DeepMSA2,62,M,True,0.3351945649760903,98.31,62,62
T1188,Custom_DeepMSA2,63,D,True,0.2722971500530294,98.5,63,63
T1188,Custom_DeepMSA2,64,F,True,0.29287294123124913,98.5,64,64
T1188,Custom_DeepMSA2,65,N,True,0.08255115055521131,98.12,65,65
T1188,Custom_DeepMSA2,66,S,True,0.13195867363861052,98.19,66,66
T1188,Custom_DeepMSA2,67,S,True,0.30521369707710283,98.19,67,67
T1188,Custom_DeepMSA2,68,G,True,0.24432883169113667,98.12,68,68
T1188,Custom_DeepMSA2,69,E,True,0.372828036982616,98.38,69,69
T1188,Custom_DeepMSA2,70,L,True,0.30538828934843426,98.69,70,70
T1188,Custom_DeepMSA2,71,I,True,0.48830778234878175,98.44,71,71
T1188,Custom_DeepMSA2,72,Y,True,0.5261665312733687,98.44,72,72
T1188,Custom_DeepMSA2,73,C,True,0.7718581254389516,97.88,73,73
T1188,Custom_DeepMSA2,74,D,True,1.3232167575946132,97.81,74,74
T1188,Custom_DeepMSA2,75,K,True,1.313094942812917,97.94,75,75
T1188,Custom_DeepMSA2,76,D,True,1.5688915114745212,98.12,76,76
T1188,Custom_DeepMSA2,77,A,True,0.9518240739298449,98.31,77,77
T1188,Custom_DeepMSA2,78,A,True,0.8821976037283703,98.44,78,78
T1188,Custom_DeepMSA2,79,I,True,0.9382388954351827,97.62,79,79
T1188,Custom_DeepMSA2,80,G,True,1.7561209533642659,96.25,80,80
T1188,Custom_DeepMSA2,81,H,True,1.284627253489421,98.06,81,81
T1188,Custom_DeepMSA2,82,P,True,1.3409542240381584,97.06,82,82
T1188,Custom_DeepMSA2,83,L,True,1.1657208432104083,96.75,83,83
T1188,Custom_DeepMSA2,84,G,True,1.5170676863049197,92.31,84,84
T1188,Custom_DeepMSA2,85,N,True,1.1100514541129969,93.44,85,85
T1188,Custom_DeepMSA2,86,L,True,1.0480065109423389,89.56,86,86
T1188,Custom_DeepMSA2,87,G,True,1.390393184790146,88.12,87,87
T1188,Custom_DeepMSA2,88,V,True,1.2399866644414037,93.56,88,88
T1188,Custom_DeepMSA2,89,T,True,1.674780009066566,95.12,89,89
T1188,Custom_DeepMSA2,90,Y,True,1.6595919161871895,97.0,90,90
T1188,Custom_DeepMSA2,91,G,True,1.429676426423692,95.62,91,91
T1188,Custom_DeepMSA2,92,D,True,1.430167442872744,95.5,92,92
T1188,Custom_DeepMSA2,93,V,True,0.9284600700257738,96.25,93,93
T1188,Custom_DeepMSA2,94,N,True,1.1253282187976152,95.94,94,94
T1188,Custom_DeepMSA2,95,G,True,1.1969806954522741,97.0,95,95
T1188,Custom_DeepMSA2,96,G,True,1.083451613643832,98.12,96,96
T1188,Custom_DeepMSA2,97,I,True,0.6561298963393142,98.56,97,97
T1188,Custom_DeepMSA2,98,L,True,0.8426527608806785,98.38,98,98
T1188,Custom_DeepMSA2,99,N,True,1.078190700852637,97.62,99,99
T1188,Custom_DeepMSA2,100,A,True,1.0274729845393324,98.0,100,100
T1188,Custom_DeepMSA2,101,F,True,1.0097864105438963,98.38,101,101
T1188,Custom_DeepMSA2,102,Q,True,1.1193758967038108,96.19,102,102
T1188,Custom_DeepMSA2,103,V,True,1.0376711708252122,97.0,103,103
T1188,Custom_DeepMSA2,104,L,True,1.1002368270644745,97.06,104,104
T1188,Custom_DeepMSA2,105,K,True,1.005462415299527,94.94,105,105
T1188,Custom_DeepMSA2,106,S,True,0.6827159233440722,94.88,106,106
T1188,Custom_DeepMSA2,107,E,True,0.3214522635277974,95.75,107,107
T1188,Custom_DeepMSA2,108,N,True,0.4566670664858064,97.0,108,108
T1188,Custom_DeepMSA2,109,P,True,0.25155897189263443,96.31,109,109
T1188,Custom_DeepMSA2,110,N,True,0.47404370163811643,97.62,110,110
T1188,Custom_DeepMSA2,111,L,True,0.5482432852484693,98.38,111,111
T1188,Custom_DeepMSA2,112,K,True,0.3773316518626014,98.56,112,112
T1188,Custom_DeepMSA2,113,I,True,0.5734504632574623,98.75,113,113
T1188,Custom_DeepMSA2,114,G,True,0.23623283904750061,98.69,114,114
T1188,Custom_DeepMSA2,115,V,True,0.16417060760146157,98.88,115,115
T1188,Custom_DeepMSA2,116,S,True,0.06565765166462201,98.88,116,116
T1188,Custom_DeepMSA2,117,L,True,0.17174803929517093,98.81,117,117
T1188,Custom_DeepMSA2,118,G,True,0.1468895950717853,98.31,118,118
T1188,Custom_DeepMSA2,119,G,True,0.19843436728882943,98.0,119,119
T1188,Custom_DeepMSA2,120,W,True,0.3592173671416197,97.31,120,120
T1188,Custom_DeepMSA2,121,S,True,0.4012199193266867,97.94,121,121
T1188,Custom_DeepMSA2,122,K,True,0.4322879932266748,98.12,122,122
T1188,Custom_DeepMSA2,123,S,True,0.3941747557030388,98.25,123,123
T1188,Custom_DeepMSA2,124,G,True,0.4270349531708605,97.81,124,124
T1188,Custom_DeepMSA2,125,D,True,0.26505757726866414,98.56,125,125
T1188,Custom_DeepMSA2,126,F,True,0.13251421984088088,98.69,126,126
T1188,Custom_DeepMSA2,127,S,True,0.4792643871638333,98.56,127,127
T1188,Custom_DeepMSA2,128,T,True,0.3275864185681321,98.44,128,128
T1188,Custom_DeepMSA2,129,I,True,0.3241614735253322,98.75,129,129
T1188,Custom_DeepMSA2,130,A,True,0.5413242944046617,98.75,130,130
T1188,Custom_DeepMSA2,131,A,True,0.6314215797797103,98.5,131,131
T1188,Custom_DeepMSA2,132,T,True,0.5059923043879948,98.56,132,132
T1188,Custom_DeepMSA2,133,P,True,0.5041419947374197,98.69,133,133
T1188,Custom_DeepMSA2,134,S,True,0.5452321896515782,98.69,134,134
T1188,Custom_DeepMSA2,135,I,True,0.5749061897053368,98.75,135,135
T1188,Custom_DeepMSA2,136,R,True,0.4880424259169706,98.75,136,136
T1188,Custom_DeepMSA2,137,A,True,0.40364494097501163,98.81,137,137
T1188,Custom_DeepMSA2,138,K,True,0.3551346354104001,98.75,138,138
T1188,Custom_DeepMSA2,139,F,True,0.2810022246954082,98.88,139,139
T1188,Custom_DeepMSA2,140,V,True,0.2949121076730229,98.88,140,140
T1188,Custom_DeepMSA2,141,E,True,0.3725392647035082,98.75,141,141
T1188,Custom_DeepMSA2,142,N,True,0.3400813522652619,98.88,142,142
T1188,Custom_DeepMSA2,143,V,True,0.266338681929802,98.88,143,143
T1188,Custom_DeepMSA2,144,M,True,0.38080915490451217,98.81,144,144
T1188,Custom_DeepMSA2,145,K,True,0.43514177146757427,98.75,145,145
T1188,Custom_DeepMSA2,146,F,True,0.43265523238303116,98.81,146,146
T1188,Custom_DeepMSA2,147,I,True,0.523448953131774,98.62,147,147
T1188,Custom_DeepMSA2,148,K,True,0.6019510380955122,98.12,148,148
T1188,Custom_DeepMSA2,149,Y,True,0.6082506877360138,98.25,149,149
T1188,Custom_DeepMSA2,150,T,True,0.6362783877917392,98.0,150,150
T1188,Custom_DeepMSA2,151,N,True,0.7980336410658098,96.94,151,151
T1188,Custom_DeepMSA2,152,M,True,0.5700948763847926,98.31,152,152
T1188,Custom_DeepMSA2,153,D,True,0.5652833305279563,98.44,153,153
T1188,Custom_DeepMSA2,154,F,True,0.41519113254207435,98.75,154,154
T1188,Custom_DeepMSA2,155,V,True,0.30733528714114056,98.94,155,155
T1188,Custom_DeepMSA2,156,D,True,0.26184473338117176,98.94,156,156
T1188,Custom_DeepMSA2,157,I,True,0.05904185162012556,98.94,157,157
T1188,Custom_DeepMSA2,158,D,True,0.07280144209014505,98.81,158,158
T1188,Custom_DeepMSA2,159,W,True,0.1724525714275678,98.69,159,159
T1188,Custom_DeepMSA2,160,E,True,0.572301017732616,97.94,160,160
T1188,Custom_DeepMSA2,161,Y,True,0.6358464530115436,97.0,161,161
T1188,Custom_DeepMSA2,162,P,True,0.555252246002978,97.69,162,162
T1188,Custom_DeepMSA2,163,G,True,0.7744503381840971,97.69,163,163
T1188,Custom_DeepMSA2,164,D,True,0.8304754469554942,97.0,164,164
T1188,Custom_DeepMSA2,165,Y,True,0.6038789503161863,97.38,165,165
T1188,Custom_DeepMSA2,166,R,True,0.3869849861674867,97.12,166,166
T1188,Custom_DeepMSA2,167,E,True,0.5931514543986737,98.0,167,167
T1188,Custom_DeepMSA2,168,P,True,0.6288056228803218,98.12,168,168
T1188,Custom_DeepMSA2,169,D,True,0.5946250042607628,97.69,169,169
T1188,Custom_DeepMSA2,170,K,True,0.5810182952164412,98.12,170,170
T1188,Custom_DeepMSA2,171,T,True,0.605746972179703,97.94,171,171
T1188,Custom_DeepMSA2,172,D,True,0.4412518249595635,97.38,172,172
T1188,Custom_DeepMSA2,173,N,True,0.49051465227736996,97.44,173,173
T1188,Custom_DeepMSA2,174,I,True,0.6182532404637121,98.0,174,174
T1188,Custom_DeepMSA2,175,N,True,1.033504117299346,97.31,175,175
T1188,Custom_DeepMSA2,176,D,True,0.5844463835034673,98.38,176,176
T1188,Custom_DeepMSA2,177,E,True,0.6292848710108924,98.19,177,177
T1188,Custom_DeepMSA2,178,G,True,0.7640145856177141,98.25,178,178
T1188,Custom_DeepMSA2,179,T,True,0.6247550936002202,98.25,179,179
T1188,Custom_DeepMSA2,180,P,True,1.1730023403079217,98.0,180,180
T1188,Custom_DeepMSA2,181,N,True,1.0445211459009793,98.0,181,181
T1188,Custom_DeepMSA2,182,A,True,0.6821632036824298,98.12,182,182
T1188,Custom_DeepMSA2,183,S,True,0.8307167783283628,97.75,183,183
T1188,Custom_DeepMSA2,184,A,True,0.6588133774313852,96.94,184,184
T1188,Custom_DeepMSA2,185,G,True,0.7030046097415198,98.19,185,185
T1188,Custom_DeepMSA2,186,D,True,0.6554686140946199,98.62,186,186
T1188,Custom_DeepMSA2,187,K,True,0.8171051085816334,98.44,187,187
T1188,Custom_DeepMSA2,188,E,True,0.9165214632242656,98.62,188,188
T1188,Custom_DeepMSA2,189,N,True,0.5268744430331488,98.81,189,189
T1188,Custom_DeepMSA2,190,Y,True,0.3197393558672926,98.81,190,190
T1188,Custom_DeepMSA2,191,I,True,0.5069543778927081,98.81,191,191
T1188,Custom_DeepMSA2,192,L,True,0.5685678878823403,98.88,192,192
T1188,Custom_DeepMSA2,193,L,True,0.3843880478067765,98.88,193,193
T1188,Custom_DeepMSA2,194,L,True,0.5030725095910913,98.94,194,194
T1188,Custom_DeepMSA2,195,Q,True,0.6841959296651094,98.88,195,195
T1188,Custom_DeepMSA2,196,D,True,0.6567601035201461,98.88,196,196
T1188,Custom_DeepMSA2,197,L,True,0.622907774954132,98.94,197,197
T1188,Custom_DeepMSA2,198,K,True,0.5354674010560374,98.88,198,198
T1188,Custom_DeepMSA2,199,E,True,0.699507256062037,98.81,199,199
T1188,Custom_DeepMSA2,200,A,True,0.648971030203441,98.88,200,200
T1188,Custom_DeepMSA2,201,L,True,0.7232494422764105,98.81,201,201
T1188,Custom_DeepMSA2,202,N,True,1.0394527198249173,98.75,202,202
T1188,Custom_DeepMSA2,203,K,True,0.7737473310706412,98.69,203,203
T1188,Custom_DeepMSA2,204,Q,True,0.7696575696594132,98.31,204,204
T1188,Custom_DeepMSA2,205,G,True,0.7686696010382996,97.94,205,205
T1188,Custom_DeepMSA2,206,K,True,0.5939038595582923,97.88,206,206
T1188,Custom_DeepMSA2,207,E,True,0.7818631820927011,97.0,207,207
T1188,Custom_DeepMSA2,208,L,True,0.6800642192004928,95.38,208,208
T1188,Custom_DeepMSA2,209,G,True,0.5745822653390409,95.38,209,209
T1188,Custom_DeepMSA2,210,K,True,0.5334813362765577,94.81,210,210
T1188,Custom_DeepMSA2,211,V,True,0.4487962920773074,96.0,211,211
T1188,Custom_DeepMSA2,212,Y,True,0.6142599061389262,98.44,212,212
T1188,Custom_DeepMSA2,213,E,True,0.5379705455140985,98.62,213,213
T1188,Custom_DeepMSA2,214,L,True,0.41745672301946474,98.94,214,214
T1188,Custom_DeepMSA2,215,S,True,0.4128565060126001,98.88,215,215
T1188,Custom_DeepMSA2,216,V,True,0.33217773608264917,98.94,216,216
T1188,Custom_DeepMSA2,217,A,True,0.3153690641000263,98.81,217,217
T1188,Custom_DeepMSA2,218,L,True,0.29561589067289307,98.69,218,218
T1188,Custom_DeepMSA2,219,P,True,0.3662490733172925,97.94,219,219
T1188,Custom_DeepMSA2,220,A,True,0.49009945312987574,97.06,220,220
T1188,Custom_DeepMSA2,221,G,True,0.5386533789206983,93.25,221,221
T1188,Custom_DeepMSA2,222,V,True,0.7491779683522806,93.56,222,222
T1188,Custom_DeepMSA2,223,S,True,0.5340241741493412,92.62,223,223
T1188,Custom_DeepMSA2,224,K,True,0.4734470934549394,93.94,224,224
T1188,Custom_DeepMSA2,225,I,True,0.5016814165203383,95.94,225,225
T1188,Custom_DeepMSA2,226,E,True,0.659172146797674,95.12,226,226
T1188,Custom_DeepMSA2,227,K,True,0.5197197543346369,94.62,227,227
T1188,Custom_DeepMSA2,228,G,True,0.9451512735758805,95.62,228,228
T1188,Custom_DeepMSA2,229,I,True,0.7913282416440386,98.19,229,229
T1188,Custom_DeepMSA2,230,D,True,0.7385805204809205,98.38,230,230
T1188,Custom_DeepMSA2,231,V,True,0.7230224250748589,98.69,231,231
T1188,Custom_DeepMSA2,232,D,True,0.6070674491707418,98.5,232,232
T1188,Custom_DeepMSA2,233,K,True,0.7957992589181155,98.69,233,233
T1188,Custom_DeepMSA2,234,L,True,0.6280967219657111,98.75,234,234
T1188,Custom_DeepMSA2,235,F,True,0.7015165740866101,98.62,235,235
T1188,Custom_DeepMSA2,236,N,True,0.8782562304785956,98.5,236,236
T1188,Custom_DeepMSA2,237,I,True,0.7769009718600753,98.81,237,237
T1188,Custom_DeepMSA2,238,V,True,0.5939634126882568,98.81,238,238
T1188,Custom_DeepMSA2,239,D,True,0.5685732079293442,98.62,239,239
T1188,Custom_DeepMSA2,240,F,True,0.5543623315735768,98.81,240,240
T1188,Custom_DeepMSA2,241,A,True,0.41872542574334126,98.81,241,241
T1188,Custom_DeepMSA2,242,N,True,0.38885599765239537,98.81,242,242
T1188,Custom_DeepMSA2,243,I,True,0.3381062992672214,98.69,243,243
T1188,Custom_DeepMSA2,244,M,True,0.27242727886811796,98.44,244,244
T1188,Custom_DeepMSA2,245,T,True,0.30656155275902536,98.56,245,245
T1188,Custom_DeepMSA2,246,Y,True,0.22959827639456945,98.38,246,246
T1188,Custom_DeepMSA2,247,D,True,0.46002918256313474,97.81,247,247
T1188,Custom_DeepMSA2,248,M,True,0.49115120266986956,97.56,248,248
T1188,Custom_DeepMSA2,249,A,True,0.39339029592322633,97.62,249,249
T1188,Custom_DeepMSA2,250,G,True,0.3815766268370938,97.38,250,250
T1188,Custom_DeepMSA2,251,A,True,0.5122252092545745,96.62,251,251
T1188,Custom_DeepMSA2,252,W,True,0.7436959460461403,95.62,252,252
T1188,Custom_DeepMSA2,253,S,True,0.9090164079178916,95.56,253,253
T1188,Custom_DeepMSA2,254,T,True,0.952539857404158,94.69,254,254
T1188,Custom_DeepMSA2,255,T,True,0.36009448535388955,97.81,255,255
T1188,Custom_DeepMSA2,256,S,True,0.29374596670791503,98.31,256,256
T1188,Custom_DeepMSA2,257,G,True,0.2783589758805025,98.0,257,257
T1188,Custom_DeepMSA2,258,H,True,0.17475908197133969,98.31,258,258
T1188,Custom_DeepMSA2,259,Q,True,0.15147817990280163,98.25,259,259
T1188,Custom_DeepMSA2,260,T,True,0.22280711238276238,98.62,260,260
T1188,Custom_DeepMSA2,261,A,True,0.4405086920244987,98.44,261,261
T1188,Custom_DeepMSA2,262,L,True,0.47307154890700653,98.81,262,262
T1188,Custom_DeepMSA2,263,Y,True,0.5669692150633276,98.69,263,263
T1188,Custom_DeepMSA2,264,T,True,0.4005282262485131,97.88,264,264
T1188,Custom_DeepMSA2,265,N,True,0.38733105342484087,98.0,265,265
T1188,Custom_DeepMSA2,266,P,True,0.3570431219374317,97.06,266,266
T1188,Custom_DeepMSA2,267,N,True,0.5057221835621084,97.31,267,267
T1188,Custom_DeepMSA2,268,A,True,0.6465613405543741,97.06,268,268
T1188,Custom_DeepMSA2,269,P,True,0.5605152011852867,95.5,269,269
T1188,Custom_DeepMSA2,270,E,True,0.831598972425785,93.81,270,270
T1188,Custom_DeepMSA2,271,E,True,0.6042931970371658,93.44,271,271
T1188,Custom_DeepMSA2,272,Y,True,0.4557908572916417,94.25,272,272
T1188,Custom_DeepMSA2,273,K,True,0.40584146961223555,90.38,273,273
T1188,Custom_DeepMSA2,274,G,True,0.5275512466117831,88.12,274,274
T1188,Custom_DeepMSA2,275,L,True,0.442652616177295,93.81,275,275
T1188,Custom_DeepMSA2,276,S,True,0.5304341811158387,98.25,276,276
T1188,Custom_DeepMSA2,277,V,True,0.1741100641987035,98.69,277,277
T1188,Custom_DeepMSA2,278,D,True,0.4819428951956646,98.69,278,278
T1188,Custom_DeepMSA2,279,E,True,0.6596300937353902,98.0,279,279
T1188,Custom_DeepMSA2,280,S,True,0.5755727597883565,98.12,280,280
T1188,Custom_DeepMSA2,281,V,True,0.43374586121912995,98.62,281,281
T1188,Custom_DeepMSA2,282,K,True,0.6857842079285459,98.56,282,282
T1188,Custom_DeepMSA2,283,Y,True,0.7626853982906545,98.25,283,283
T1188,Custom_DeepMSA2,284,Y,True,0.7413330214140762,98.62,284,284
T1188,Custom_DeepMSA2,285,I,True,0.7589269015224074,98.62,285,285
T1188,Custom_DeepMSA2,286,S,True,0.872823236810961,98.44,286,286
T1188,Custom_DeepMSA2,287,Q,True,0.8667778935394648,98.44,287,287
T1188,Custom_DeepMSA2,288,G,True,0.8997794497679981,98.19,288,288
T1188,Custom_DeepMSA2,289,A,True,0.7803252036896763,98.56,289,289
T1188,Custom_DeepMSA2,290,E,True,0.9189183934051836,97.75,290,290
T1188,Custom_DeepMSA2,291,R,True,0.5504222900854383,98.44,291,291
T1188,Custom_DeepMSA2,292,E,True,0.5962772120851306,98.19,292,292
T1188,Custom_DeepMSA2,293,K,True,0.7472410750120263,98.5,293,293
T1188,Custom_DeepMSA2,294,I,True,0.4976196796139796,98.81,294,294
T1188,Custom_DeepMSA2,295,V,True,0.3761111476050342,98.88,295,295
T1188,Custom_DeepMSA2,296,V,True,0.12933740025466955,98.88,296,296
T1188,Custom_DeepMSA2,297,G,True,0.15738445447303775,98.56,297,297
T1188,Custom_DeepMSA2,298,A,True,0.251167972815525,98.69,298,298
T1188,Custom_DeepMSA2,299,A,True,0.4593650041506347,98.5,299,299
T1188,Custom_DeepMSA2,300,Y,True,0.30245501883714104,98.62,300,300
T1188,Custom_DeepMSA2,301,Y,True,0.23589164172467078,98.69,301,301
T1188,Custom_DeepMSA2,302,T,True,0.2361063597721448,98.81,302,302
T1188,Custom_DeepMSA2,303,R,True,0.4567377831734668,98.75,303,303
T1188,Custom_DeepMSA2,304,G,True,0.2211832904807191,98.44,304,304
T1188,Custom_DeepMSA2,305,W,True,0.2782316255903511,98.5,305,305
T1188,Custom_DeepMSA2,306,E,True,1.0394020666653179,95.5,306,306
T1188,Custom_DeepMSA2,307,Q,True,0.9074942629084237,97.62,307,307
T1188,Custom_DeepMSA2,308,V,True,0.17269857123980842,98.44,308,308
T1188,Custom_DeepMSA2,309,S,True,0.5550026136319599,97.81,309,309
T1188,Custom_DeepMSA2,310,D,True,1.6950031993997219,95.5,310,310
T1188,Custom_DeepMSA2,311,K,True,1.9734482369751682,93.31,311,311
T1188,Custom_DeepMSA2,312,G,True,3.857696605028119,94.0,312,312
T1188,Custom_DeepMSA2,313,T,True,1.077881946430647,96.31,313,313
T1188,Custom_DeepMSA2,314,D,True,0.9043237006946715,96.0,314,314
T1188,Custom_DeepMSA2,315,P,True,1.1904433481547085,92.94,315,315
T1188,Custom_DeepMSA2,316,N,True,0.8770294216760341,94.81,316,316
T1188,Custom_DeepMSA2,317,N,True,0.7343879275945061,97.19,317,317
T1188,Custom_DeepMSA2,318,P,True,0.8852912466921329,97.69,318,318
T1188,Custom_DeepMSA2,319,G,True,0.773644398632171,97.75,319,319
T1188,Custom_DeepMSA2,320,L,True,0.15108127600124385,97.88,320,320
T1188,Custom_DeepMSA2,321,F,True,0.2912215252989992,98.06,321,321
T1188,Custom_DeepMSA2,322,G,True,0.361456823922569,97.81,322,322
T1188,Custom_DeepMSA2,323,E,True,0.21647317526457785,98.0,323,323
T1188,Custom_DeepMSA2,324,A,True,0.1741265455369505,98.0,324,324
T1188,Custom_DeepMSA2,325,A,True,0.32797590292663664,97.56,325,325
T1188,Custom_DeepMSA2,326,V,True,0.5234091973143279,97.94,326,326
T1188,Custom_DeepMSA2,327,V,True,0.6701797587625274,97.44,327,327
T1188,Custom_DeepMSA2,328,N,True,0.45521022697710395,97.25,328,328
T1188,Custom_DeepMSA2,329,K,True,0.36010070740857936,98.0,329,329
T1188,Custom_DeepMSA2,330,D,True,0.31918048099393603,98.25,330,330
T1188,Custom_DeepMSA2,331,A,True,0.5080621491937533,98.19,331,331
T1188,Custom_DeepMSA2,332,D,True,0.41763718496516306,97.81,332,332
T1188,Custom_DeepMSA2,333,L,True,0.371511863292444,98.06,333,333
T1188,Custom_DeepMSA2,334,S,True,0.31194376919268507,98.0,334,334
T1188,Custom_DeepMSA2,335,P,True,0.2787469495391193,97.94,335,335
T1188,Custom_DeepMSA2,336,T,True,0.41793778504881657,98.12,336,336
T1188,Custom_DeepMSA2,337,P,True,0.5927635006404791,97.81,337,337
T1188,Custom_DeepMSA2,338,G,True,0.43074687871071693,98.06,338,338
T1188,Custom_DeepMSA2,339,A,True,0.4261926649088913,98.25,339,339
T1188,Custom_DeepMSA2,340,L,True,0.32405300859380937,97.81,340,340
T1188,Custom_DeepMSA2,341,N,True,0.3825056476979432,97.94,341,341
T1188,Custom_DeepMSA2,342,E,True,0.20841101771236673,97.0,342,342
T1188,Custom_DeepMSA2,343,A,True,0.27701539448543255,95.69,343,343
T1188,Custom_DeepMSA2,344,P,True,0.20996363367869222,95.75,344,344
T1188,Custom_DeepMSA2,345,M,True,0.6306131752501235,97.25,345,345
T1188,Custom_DeepMSA2,346,K,True,0.6322001718431379,97.25,346,346
T1188,Custom_DeepMSA2,347,N,True,0.640335995139612,97.62,347,347
T1188,Custom_DeepMSA2,348,G,True,0.5332954811505902,97.06,348,348
T1188,Custom_DeepMSA2,349,E,True,0.4623792337975601,94.94,349,349
T1188,Custom_DeepMSA2,350,G,True,0.3957138555779996,95.31,350,350
T1188,Custom_DeepMSA2,351,G,True,0.1904473696386144,97.31,351,351
T1188,Custom_DeepMSA2,352,R,True,0.46874165736813506,98.0,352,352
T1188,Custom_DeepMSA2,353,A,True,0.48940608635600813,98.06,353,353
T1188,Custom_DeepMSA2,354,G,True,0.2991193271061265,97.88,354,354
T1188,Custom_DeepMSA2,355,G,True,0.5880301588608927,98.31,355,355
T1188,Custom_DeepMSA2,356,V,True,0.5567613063273568,98.19,356,356
T1188,Custom_DeepMSA2,357,W,True,0.4284119637012546,98.31,357,357
T1188,Custom_DeepMSA2,358,G,True,0.4068639414051788,98.12,358,358
T1188,Custom_DeepMSA2,359,Y,True,0.3439618368487222,98.31,359,359
T1188,Custom_DeepMSA2,360,N,True,0.03310481806041283,97.31,360,360
T1188,Custom_DeepMSA2,361,A,True,0.1448813191658104,97.62,361,361
T1188,Custom_DeepMSA2,362,L,True,0.14590090308277265,97.88,362,362
T1188,Custom_DeepMSA2,363,D,True,0.5371652543006916,97.0,363,363
T1188,Custom_DeepMSA2,364,K,True,0.6630793334121609,97.88,364,364
T1188,Custom_DeepMSA2,365,L,True,0.39560652224810816,98.38,365,365
T1188,Custom_DeepMSA2,366,K,True,0.6698680434683066,98.12,366,366
T1188,Custom_DeepMSA2,367,S,True,0.9552930586669286,97.94,367,367
T1188,Custom_DeepMSA2,368,K,True,0.8564384314188938,97.5,368,368
T1188,Custom_DeepMSA2,369,Y,True,0.8214440915542706,97.31,369,369
T1188,Custom_DeepMSA2,370,T,True,0.8232861923084908,96.38,370,370
T1188,Custom_DeepMSA2,371,G,True,0.7402837987715831,97.88,371,371
T1188,Custom_DeepMSA2,372,L,True,0.6491452630447386,98.44,372,372
T1188,Custom_DeepMSA2,373,K,True,0.8903742411184382,98.19,373,373
T1188,Custom_DeepMSA2,374,E,True,0.7199960734031903,98.56,374,374
T1188,Custom_DeepMSA2,375,Y,True,0.21987621652511763,98.5,375,375
T1188,Custom_DeepMSA2,376,W,True,0.42443656110095507,98.62,376,376
T1188,Custom_DeepMSA2,377,D,True,0.4191482920384965,98.56,377,377
T1188,Custom_DeepMSA2,378,D,True,0.4063201473020084,98.44,378,378
T1188,Custom_DeepMSA2,379,S,True,0.4750387042759377,98.06,379,379
T1188,Custom_DeepMSA2,380,A,True,0.4455070812112333,98.56,380,380
T1188,Custom_DeepMSA2,381,K,True,0.3929185558664959,98.88,381,381
T1188,Custom_DeepMSA2,382,A,True,0.27885629589683203,98.69,382,382
T1188,Custom_DeepMSA2,383,P,True,0.35170250280144927,98.75,383,383
T1188,Custom_DeepMSA2,384,Y,True,0.33561947050634344,98.81,384,384
T1188,Custom_DeepMSA2,385,L,True,0.39094666954338203,98.81,385,385
T1188,Custom_DeepMSA2,386,Y,True,0.33001881135649064,98.69,386,386
T1188,Custom_DeepMSA2,387,N,True,0.3869223791292353,98.44,387,387
T1188,Custom_DeepMSA2,388,S,True,0.7055191974005081,97.38,388,388
T1188,Custom_DeepMSA2,389,E,True,0.9886394578590633,97.44,389,389
T1188,Custom_DeepMSA2,390,T,True,0.5147487066890146,97.81,390,390
T1188,Custom_DeepMSA2,391,G,True,0.5376240649825103,98.25,391,391
T1188,Custom_DeepMSA2,392,A,True,0.43072570474927324,98.5,392,392
T1188,Custom_DeepMSA2,393,F,True,0.22476649757092407,98.75,393,393
T1188,Custom_DeepMSA2,394,F,True,0.2601544834012858,98.88,394,394
T1188,Custom_DeepMSA2,395,T,True,0.29718470873176983,98.75,395,395
T1188,Custom_DeepMSA2,396,Y,True,0.3238099512080269,98.75,396,396
T1188,Custom_DeepMSA2,397,D,True,0.2650618069328865,98.75,397,397
T1188,Custom_DeepMSA2,398,N,True,0.15108232744098463,98.75,398,398
T1188,Custom_DeepMSA2,399,I,True,0.3421958856414342,98.62,399,399
T1188,Custom_DeepMSA2,400,R,True,0.3173217728853921,98.81,400,400
T1188,Custom_DeepMSA2,401,S,True,0.19702916513035182,98.88,401,401
T1188,Custom_DeepMSA2,402,I,True,0.3334859815917961,98.81,402,402
T1188,Custom_DeepMSA2,403,Q,True,0.38287708611268156,98.81,403,403
T1188,Custom_DeepMSA2,404,E,True,0.2771190158592133,98.88,404,404
T1188,Custom_DeepMSA2,405,K,True,0.25498410512370157,98.88,405,405
T1188,Custom_DeepMSA2,406,A,True,0.16378020194974438,98.75,406,406
T1188,Custom_DeepMSA2,407,K,True,0.2709855337667104,98.69,407,407
T1188,Custom_DeepMSA2,408,Y,True,0.1867124755762388,98.81,408,408
T1188,Custom_DeepMSA2,409,V,True,0.14195904519970076,98.75,409,409
T1188,Custom_DeepMSA2,410,K,True,0.4101284387361957,98.19,410,410
T1188,Custom_DeepMSA2,411,E,True,0.40476455977564113,98.06,411,411
T1188,Custom_DeepMSA2,412,N,True,0.2847028845943549,98.12,412,412
T1188,Custom_DeepMSA2,413,N,True,0.18096057229425577,97.81,413,413
T1188,Custom_DeepMSA2,414,L,True,0.35711038400340106,98.56,414,414
T1188,Custom_DeepMSA2,415,G,True,0.45046658559071145,98.19,415,415
T1188,Custom_DeepMSA2,416,G,True,0.18116441147218107,98.44,416,416
T1188,Custom_DeepMSA2,417,I,True,0.1645018384769873,98.88,417,417
T1188,Custom_DeepMSA2,418,I,True,0.16030903003537378,98.81,418,418
T1188,Custom_DeepMSA2,419,G,True,0.2594723581329296,98.69,419,419
T1188,Custom_DeepMSA2,420,W,True,0.20995480040994782,98.56,420,420
T1188,Custom_DeepMSA2,421,M,True,0.34330001525408604,96.94,421,421
T1188,Custom_DeepMSA2,422,A,True,0.265399916144992,98.0,422,422
T1188,Custom_DeepMSA2,423,S,True,0.35297145521796885,97.5,423,423
T1188,Custom_DeepMSA2,424,Q,True,0.34250159376222084,98.0,424,424
T1188,Custom_DeepMSA2,425,D,True,0.36071704485460315,97.81,425,425
T1188,Custom_DeepMSA2,426,A,True,0.650889958921907,96.25,426,426
T1188,Custom_DeepMSA2,427,T,True,0.7856458233459784,92.5,427,427
T1188,Custom_DeepMSA2,428,T,True,0.7954438141412412,88.88,428,428
T1188,Custom_DeepMSA2,429,N,True,1.4763410031080881,82.19,429,429
T1188,Custom_DeepMSA2,430,S,True,2.3102525458001684,80.12,430,430
T1188,Custom_DeepMSA2,431,T,True,2.02062652360291,85.0,431,431
T1188,Custom_DeepMSA2,432,K,True,0.8957723128897015,93.25,432,432
T1188,Custom_DeepMSA2,433,R,True,1.091344861093755,93.19,433,433
T1188,Custom_DeepMSA2,434,D,True,0.5195552407891332,96.75,434,434
T1188,Custom_DeepMSA2,435,E,True,0.6190172889706398,97.88,435,435
T1188,Custom_DeepMSA2,436,L,True,0.5127799135974108,98.62,436,436
T1188,Custom_DeepMSA2,437,T,True,0.40745600576006524,98.38,437,437
T1188,Custom_DeepMSA2,438,T,True,0.4356502840032268,98.0,438,438
T1188,Custom_DeepMSA2,439,A,True,0.439895361548164,98.44,439,439
T1188,Custom_DeepMSA2,440,T,True,0.37687566263828415,98.62,440,440
T1188,Custom_DeepMSA2,441,K,True,0.4558893017665342,98.25,441,441
T1188,Custom_DeepMSA2,442,E,True,0.3754483126159241,98.12,442,442
T1188,Custom_DeepMSA2,443,S,True,0.24956353316259494,98.31,443,443
T1188,Custom_DeepMSA2,444,L,True,0.46933940720553524,97.81,444,444
T1188,Custom_DeepMSA2,445,F,True,0.46997174202598935,97.12,445,445
T1188,Custom_DeepMSA2,446,G,True,0.31076789847139885,96.88,446,446
T1188,Custom_DeepMSA2,447,K,True,0.41821597030427504,95.81,447,447
T1188,Custom_DeepMSA2,448,E,True,0.573642451709425,94.0,448,448
T1188,Custom_DeepMSA2,449,D,True,0.5611616895074698,95.81,449,449
T1188,Custom_DeepMSA2,450,L,True,0.4372292706431106,96.81,450,450
T1188,Custom_DeepMSA2,451,P,True,0.5056185412117784,94.38,451,451
T1188,Custom_DeepMSA2,452,K,True,0.3915766440962491,95.44,452,452
T1188,Custom_DeepMSA2,453,Y,True,0.3070599525056041,92.62,453,453
T1188,Custom_DeepMSA2,454,E,True,0.6585453007574601,93.12,454,454
T1188,Custom_DeepMSA2,455,I,True,0.7342717471265677,93.69,455,455
T1188,Custom_DeepMSA2,456,K,True,0.8260410027591614,93.69,456,456
T1188,Custom_DeepMSA2,457,Y,True,0.8835276522996917,92.69,457,457
T1188,Custom_DeepMSA2,458,T,True,1.4169131250166485,92.0,458,458
T1188,Custom_DeepMSA2,459,E,True,1.2777349554002777,94.12,459,459
T1188,Custom_DeepMSA2,460,N,True,0.978777167601919,97.0,460,460
T1188,Custom_DeepMSA2,461,D,True,0.73476057461376,97.62,461,461
T1188,Custom_DeepMSA2,462,I,True,0.493674545210952,98.06,462,462
T1188,Custom_DeepMSA2,463,T,True,0.44444039254506645,97.38,463,463
T1188,Custom_DeepMSA2,464,C,True,0.9362382874340637,97.19,464,464
T1188,Custom_DeepMSA2,465,T,True,0.7209659890127476,96.62,465,465
T1188,Custom_DeepMSA2,466,V,True,1.0185112921175365,95.19,466,466
T1188,Custom_DeepMSA2,467,T,True,0.9953631706567847,95.25,467,467
T1188,Custom_DeepMSA2,468,P,True,1.314051812643922,92.88,468,468
T1188,Custom_DeepMSA2,469,V,True,1.475393361313554,89.94,469,469
T1188,Custom_DeepMSA2,470,K,True,1.1416739891659555,78.12,470,470
T1188,Custom_DeepMSA2,471,Q,True,0.9753004266888955,75.06,471,471
T1188,Custom_DeepMSA2,472,S,True,1.874933867107288,74.81,472,472
T1188,Custom_DeepMSA2,473,W,True,1.0915703338372085,72.62,473,473
T1188,Custom_DeepMSA2,474,G,True,3.3537259998427853,72.62,474,474
T1188,Custom_DeepMSA2,475,S,True,5.270509638522244,77.0,475,475
T1188,Custom_DeepMSA2,476,G,True,2.130718545681047,84.19,476,476
T1188,Custom_DeepMSA2,477,G,True,1.9190487904388591,90.31,477,477
T1188,Custom_DeepMSA2,478,V,True,1.2295420824240644,93.12,478,478
T1188,Custom_DeepMSA2,479,L,True,0.9306431392458809,93.94,479,479
T1188,Custom_DeepMSA2,480,K,True,0.9131467539177475,95.19,480,480
T1188,Custom_DeepMSA2,481,M,True,0.635921291349804,95.62,481,481
T1188,Custom_DeepMSA2,482,S,True,0.40705419632073414,96.62,482,482
T1188,Custom_DeepMSA2,483,I,True,0.3719446461513884,97.12,483,483
T1188,Custom_DeepMSA2,484,T,True,0.28238357509265377,97.94,484,484
T1188,Custom_DeepMSA2,485,N,True,0.33255430823591187,98.31,485,485
T1188,Custom_DeepMSA2,486,N,True,0.27832121706031926,98.44,486,486
T1188,Custom_DeepMSA2,487,E,True,0.205919240922052,98.25,487,487
T1188,Custom_DeepMSA2,488,K,True,0.4862412489310701,97.62,488,488
T1188,Custom_DeepMSA2,489,L,True,0.23674706507688792,98.12,489,489
T1188,Custom_DeepMSA2,490,D,True,0.24871969579850767,97.12,490,490
T1188,Custom_DeepMSA2,491,E,True,0.20416679619033018,98.06,491,491
T1188,Custom_DeepMSA2,492,S,True,0.6761862633391298,96.0,492,492
T1188,Custom_DeepMSA2,493,G,True,0.5161690531269383,95.44,493,493
T1188,Custom_DeepMSA2,494,E,True,0.6866263803870587,96.19,494,494
T1188,Custom_DeepMSA2,495,V,True,0.47711093060721893,98.5,495,495
T1188,Custom_DeepMSA2,496,L,True,0.4604402707597702,98.69,496,496
T1188,Custom_DeepMSA2,497,S,True,0.6687628393094848,98.31,497,497
T1188,Custom_DeepMSA2,498,T,True,0.6339917459901362,98.31,498,498
T1188,Custom_DeepMSA2,499,V,True,0.5327089008749362,98.5,499,499
T1188,Custom_DeepMSA2,500,E,True,0.47127444166526705,98.56,500,500
T1188,Custom_DeepMSA2,501,T,True,0.5522321816847262,98.38,501,501
T1188,Custom_DeepMSA2,502,S,True,0.712736405210891,97.69,502,502
T1188,Custom_DeepMSA2,503,A,True,0.677677588763561,97.88,503,503
T1188,Custom_DeepMSA2,504,K,True,0.32274983778074456,98.06,504,504
T1188,Custom_DeepMSA2,505,T,True,0.4433471237125631,97.75,505,505
T1188,Custom_DeepMSA2,506,V,True,0.7653671596164913,96.88,506,506
T1188,Custom_DeepMSA2,507,K,True,1.1622070567605374,95.62,507,507
T1188,Custom_DeepMSA2,508,N,True,1.1672847085114988,94.56,508,508
T1188,Custom_DeepMSA2,509,M,True,0.879306033825409,95.31,509,509
T1188,Custom_DeepMSA2,510,K,True,0.949353516100344,95.5,510,510
T1188,Custom_DeepMSA2,511,V,True,0.7912363288043409,97.0,511,511
T1188,Custom_DeepMSA2,512,Y,True,0.6126528767000246,97.81,512,512
T1188,Custom_DeepMSA2,513,I,True,0.5151733148021587,97.62,513,513
T1188,Custom_DeepMSA2,514,K,True,0.7405593411503872,96.88,514,514
T1188,Custom_DeepMSA2,515,T,True,0.8661265405995957,95.0,515,515
T1188,Custom_DeepMSA2,516,D,True,1.1271118651745968,93.25,516,516
T1188,Custom_DeepMSA2,517,G,True,1.3378718525117541,90.38,517,517
T1188,Custom_DeepMSA2,518,I,True,1.3697093011118626,91.62,518,518
T1188,Custom_DeepMSA2,519,A,True,1.2031884817333194,94.06,519,519
T1188,Custom_DeepMSA2,520,I,True,0.9426738580192204,94.88,520,520
T1188,Custom_DeepMSA2,521,T,True,1.179534772927756,93.0,521,521
T1188,Custom_DeepMSA2,522,G,True,1.0635091055606565,92.19,522,522
T1188,Custom_DeepMSA2,523,S,True,0.9265491982596548,91.75,523,523
T1188,Custom_DeepMSA2,524,Q,True,0.9651588388066186,87.06,524,524
T1188,Custom_DeepMSA2,525,Y,True,1.0042697332584274,82.56,525,525
T1188,Custom_DeepMSA2,526,P,True,1.2776493873489347,84.0,526,526
T1188,Custom_DeepMSA2,527,A,True,1.4472666327585748,81.56,527,527
T1188,Custom_DeepMSA2,528,G,True,2.541228540958978,80.38,528,528
T1188,Custom_DeepMSA2,529,P,True,2.253402155000514,89.19,529,529
T1188,Custom_DeepMSA2,530,V,True,1.3362593722690481,93.69,530,530
T1188,Custom_DeepMSA2,531,T,True,0.6134296455011078,95.44,531,531
T1188,Custom_DeepMSA2,532,K,True,0.7754974907080597,94.69,532,532
T1188,Custom_DeepMSA2,533,E,True,0.8150426296940124,95.12,533,533
T1188,Custom_DeepMSA2,534,G,True,0.8605776324181859,93.38,534,534
T1188,Custom_DeepMSA2,535,D,True,0.4771632892712444,93.5,535,535
T1188,Custom_DeepMSA2,536,Y,True,0.5036739944310252,97.06,536,536
T1188,Custom_DeepMSA2,537,Y,True,0.2379253352056012,97.5,537,537
T1188,Custom_DeepMSA2,538,V,True,0.45175799839680797,96.81,538,538
T1188,Custom_DeepMSA2,539,I,True,0.6764693015280482,95.44,539,539
T1188,Custom_DeepMSA2,540,D,True,0.44038747198105904,93.38,540,540
T1188,Custom_DeepMSA2,541,F,True,0.7317612035576728,92.06,541,541
T1188,Custom_DeepMSA2,542,G,True,0.999442668225014,86.25,542,542
T1188,Custom_DeepMSA2,543,K,True,0.8239592964278135,84.94,543,543
T1188,Custom_DeepMSA2,544,I,True,1.0691541464161136,83.94,544,544
T1188,Custom_DeepMSA2,545,S,True,1.631491011465068,79.69,545,545
T1188,Custom_DeepMSA2,546,D,True,0.8877433862915207,82.56,546,546
T1188,Custom_DeepMSA2,547,G,True,0.2659717409103222,84.38,547,547
T1188,Custom_DeepMSA2,548,K,True,1.2224844228644023,89.94,548,548
T1188,Custom_DeepMSA2,549,L,True,0.805081744802469,93.69,549,549
T1188,Custom_DeepMSA2,550,M,True,0.30246860506140755,95.81,550,550
T1188,Custom_DeepMSA2,551,K,True,0.12199432689837267,96.88,551,551
T1188,Custom_DeepMSA2,552,A,True,0.22693257844275921,97.75,552,552
T1188,Custom_DeepMSA2,553,G,True,0.2974562342378322,97.5,553,553
T1188,Custom_DeepMSA2,554,I,True,0.13104839157207618,96.56,554,554
T1188,Custom_DeepMSA2,555,T,True,0.26820249238132793,96.38,555,555
T1188,Custom_DeepMSA2,556,F,True,0.38102194415941143,94.81,556,556
T1188,Custom_DeepMSA2,557,T,True,0.5496031008862557,95.0,557,557
T1188,Custom_DeepMSA2,558,F,True,0.7295853431629595,94.06,558,558
T1188,Custom_DeepMSA2,559,D,True,0.85239593081638,94.56,559,559
T1188,Custom_DeepMSA2,560,L,True,0.8419478049299883,95.06,560,560
T1188,Custom_DeepMSA2,561,N,True,1.0412395203496907,93.81,561,561
T1188,Custom_DeepMSA2,562,L,True,1.214318064218277,94.06,562,562
T1188,Custom_DeepMSA2,563,D,True,1.3750958519548406,92.56,563,563
T1188,Custom_DeepMSA2,564,K,True,1.706926531720377,90.56,564,564
T1188,Custom_DeepMSA2,565,A,True,2.0543188270937907,89.75,565,565
T1188,Custom_DeepMSA2,566,I,True,2.127379789897677,89.56,566,566
T1188,Custom_DeepMSA2,567,E,True,2.2539923366426042,88.12,567,567
T1188,Custom_DeepMSA2,568,D,True,1.8022553262842758,89.75,568,568
T1188,Custom_DeepMSA2,569,T,True,1.6015123384557468,91.56,569,569
T1188,Custom_DeepMSA2,570,N,True,1.7945808780420247,91.19,570,570
T1188,Custom_DeepMSA2,571,N,True,1.6025810479465816,92.06,571,571
T1188,Custom_DeepMSA2,572,I,True,1.1077582806748345,93.81,572,572
T1188,Custom_DeepMSA2,573,I,True,1.2040873283446674,94.94,573,573
T1188,Custom_DeepMSA2,574,S,True,1.0321058438770048,96.62,574,574
T1188,Custom_DeepMSA2,575,I,True,0.7372242567355247,97.5,575,575
T1188,Custom_DeepMSA2,576,E,True,0.8499464844077219,97.88,576,576
T1188,Custom_DeepMSA2,577,V,True,0.6980279520507949,97.31,577,577
T1188,Custom_DeepMSA2,578,S,True,0.9241305573141584,96.56,578,578
T1188,Custom_DeepMSA2,579,Q,True,1.0928287169958018,95.38,579,579
T1188,Custom_DeepMSA2,580,R,True,1.4232338634239416,95.31,580,580
T1188,Custom_DeepMSA2,581,M,True,0.961537570055778,95.31,581,581
T1188,Custom_DeepMSA2,582,Y,True,1.2681724199405204,93.5,582,582
T1188,Custom_DeepMSA2,583,Q,True,1.7493729185360443,89.0,583,583
T1188,Custom_DeepMSA2,584,T,True,1.931929035038509,89.06,584,584
T1188,Custom_DeepMSA2,585,S,True,1.7391804084586164,93.5,585,585
T1188,Custom_DeepMSA2,586,P,True,1.752114306739879,94.0,586,586
T1188,Custom_DeepMSA2,587,E,True,1.421636586306979,94.75,587,587
T1188,Custom_DeepMSA2,588,F,True,1.6295785625676231,94.0,588,588
T1188,Custom_DeepMSA2,589,N,True,1.410722888886893,92.56,589,589
T1188,Custom_DeepMSA2,590,R,True,1.2251317581556027,95.19,590,590
T1188,Custom_DeepMSA2,591,Q,True,1.172568169195873,96.19,591,591
T1188,Custom_DeepMSA2,592,T,True,1.0215824722581957,96.94,592,592
T1188,Custom_DeepMSA2,593,I,True,1.0255524123316377,96.81,593,593
T1188,Custom_DeepMSA2,594,W,True,0.9900574885754411,95.94,594,594
T1188,Custom_DeepMSA2,595,E,True,1.242606485853866,94.12,595,595
T1188,Custom_DeepMSA2,596,N,True,1.3077483803128112,87.25,596,596
T1188,Custom_DeepMSA2,597,T,True,2.854730823023801,76.88,597,597
T1188,Custom_DeepMSA2,598,N,False,,66.94,598,
T1188,Custom_DeepMSA2,599,S,False,,54.75,599,
T1188,Custom_DeepMSA2,600,P,False,,49.62,600,
T1188,Custom_DeepMSA2,601,R,False,,48.75,601,
T1188,Custom_DeepMSA2,602,N,False,,45.28,602,
T1188,Custom_DeepMSA2,603,K,False,,39.88,603,
T1188,Custom_DeepMSA2,604,G,False,,36.56,604,
T1188,Custom_DeepMSA2,605,E,False,,36.34,605,
T1188,Custom_DeepMSA2,606,L,False,,35.56,606,
T1188,Custom_DeepMSA2,607,E,False,,31.86,607,
T1188,Custom_DeepMSA2,608,G,False,,32.59,608,
T1188,Custom_DeepMSA2,609,K,False,,24.44,609,
T1188,Custom_DeepMSA2,610,P,False,,30.0,610,
T1188,Custom_DeepMSA2,611,I,False,,28.41,611,
T1188,Custom_DeepMSA2,612,P,False,,25.19,612,
T1188,Custom_DeepMSA2,613,N,False,,30.69,613,
T1188,Custom_DeepMSA2,614,P,False,,33.06,614,
T1188,Custom_DeepMSA2,615,L,False,,27.47,615,
T1188,Custom_DeepMSA2,616,L,False,,28.84,616,
T1188,Custom_DeepMSA2,617,G,False,,26.27,617,
T1188,Custom_DeepMSA2,618,L,False,,30.23,618,
T1188,Custom_DeepMSA2,619,D,False,,28.38,619,
T1188,Custom_DeepMSA2,620,S,False,,29.86,620,
T1188,Custom_DeepMSA2,621,T,False,,27.98,621,
T1188,Custom_DeepMSA2,622,R,False,,30.38,622,
T1188,Custom_DeepMSA2,623,T,False,,30.28,623,
T1188,Custom_DeepMSA2,624,G,False,,29.17,624,
T1188,Custom_DeepMSA2,625,H,False,,28.11,625,
T1188,Custom_DeepMSA2,626,H,False,,28.8,626,
T1188,Custom_DeepMSA2,627,H,False,,26.75,627,
T1188,Custom_DeepMSA2,628,H,False,,26.27,628,
T1188,Custom_DeepMSA2,629,H,False,,26.36,629,
T1188,Custom_DeepMSA2,630,H,False,,27.09,630,
