target_position,query_residue,non_gap_coverage,canonical_coverage,gap_fraction,eligible_unordered_pairs,blosum62_sum,canonical_count,shannon_entropy_bits,shannon_entropy_normalized_log2_20,conservation_one_minus_normalized_entropy,consensus_fraction,non_query_canonical_count,non_query_shannon_entropy_bits,non_query_shannon_entropy_normalized_log2_20,non_query_conservation_one_minus_normalized_entropy,non_query_consensus_fraction
1,M,0.03568586887332909,0.03568586887332909,0.9643141311266709,401856,413822.0,897,2.863963763617089,0.6626588181800209,0.3373411818199791,0.4080267558528428,896,2.8657154725585174,0.6630641254648646,0.3369358745351354,0.40736607142857145
2,N,0.04945098663271801,0.04945098663271801,0.950549013367282,771903,-293881.0,1243,3.5176958562740506,0.8139181816641788,0.18608181833582116,0.2172164119066774,1242,3.5166607265096927,0.8136786751889132,0.18632132481108676,0.21739130434782608
3,T,0.05919796308084023,0.05919796308084023,0.9408020369191598,1106328,-228866.0,1488,3.576576522035281,0.8275418848976693,0.17245811510233067,0.22782258064516128,1487,3.576719646043152,0.8275750006748708,0.17242499932512922,0.22797579018157363
4,I,0.06456874602164227,0.06456874602164227,0.9354312539783577,1316253,-140926.0,1623,3.457293524942317,0.7999423981699586,0.2000576018300414,0.2513863216266174,1622,3.457431466567714,0.7999743148567633,0.2000256851432367,0.25154130702836003
5,S,0.06886537237428389,0.06886537237428389,0.9311346276257161,1497315,-534639.0,1731,3.4910087865212547,0.807743375150307,0.19225662484969297,0.2027729636048527,1730,3.4916950904086113,0.8079021709174482,0.1920978290825518,0.2023121387283237
6,V,0.07344048376830045,0.07344048376830045,0.9265595162316995,1702935,-567766.0,1846,3.463686137113511,0.8014215093515527,0.19857849064844735,0.2768147345612134,1845,3.463847049467307,0.8014587409644494,0.19854125903555064,0.27696476964769645
7,K,0.08123806492679822,0.08123806492679822,0.9187619350732018,2083861,-1135543.0,2042,3.6821434947694933,0.8519677824175964,0.1480322175824036,0.16895200783545544,2041,3.6818731742320656,0.851905236134666,0.14809476386533404,0.16903478686918177
8,A,0.08525620623806493,0.08525620623806493,0.914743793761935,2295153,-565636.0,2143,3.5350527264140124,0.8179341832632091,0.1820658167367909,0.21138590760615958,2142,3.5356557828747497,0.8180737173895289,0.18192628261047106,0.21101774042950514
9,M,0.08931413112667091,0.08931413112667091,0.9106858688733291,2518890,-912538.0,2245,3.5236096596961586,0.8152865069329642,0.18471349306703577,0.19643652561247216,2244,3.5229174583293292,0.8151263466175604,0.18487365338243955,0.196524064171123
10,S,0.09655474220241884,0.09655474220241884,0.9034452577975811,2943951,-572412.0,2427,3.435732404719923,0.7949536246991783,0.2050463753008217,0.24062628759785742,2426,3.436301102139262,0.7950852088918935,0.2049147911081065,0.24031327287716406
11,K,0.09758911521323997,0.09758911521323997,0.90241088478676,3007378,-1969453.0,2453,3.8417546464913874,0.8888983255033794,0.11110167449662056,0.13371381981247452,2452,3.8411028835903496,0.8887475217679335,0.11125247823206652,0.13376835236541598
12,S,0.1015674729471674,0.1015674729471674,0.8984325270528326,3257628,-1736156.0,2553,3.71277735706171,0.8590557907369516,0.1409442092630484,0.19702311006658832,2552,3.7133134313832326,0.8591798266555863,0.14082017334441366,0.19670846394984326
13,S,0.11028007638446849,0.11028007638446849,0.8897199236155315,3840606,-2170564.0,2772,3.762324097087164,0.8705198269119323,0.1294801730880677,0.14935064935064934,2771,3.7626913349003095,0.8706047977409426,0.12939520225905743,0.14904366654637316
14,D,0.12145926161680458,0.12145926161680458,0.8785407383831955,4658878,-2724494.0,3053,3.8419482576052815,0.8889431228969601,0.11105687710303991,0.16737635113003602,3052,3.8417347315408903,0.8888937176177183,0.11110628238228171,0.16743119266055045
15,T,0.138486632718014,0.138486632718014,0.861513367281986,6056940,-2435599.0,3481,3.7518429806416993,0.8680947249168612,0.13190527508313876,0.14823326630278655,3480,3.752070712738815,0.8681474171625709,0.13185258283742907,0.1482758620689655
16,T,0.15933322724379376,0.15933322724379376,0.8406667727562063,8018010,-3209296.0,4005,3.760294651048652,0.8700502573138371,0.12994974268616288,0.16729088639200998,4004,3.760464508340819,0.8700895585905909,0.1299104414094091,0.16733266733266733
17,E,0.18694302991725015,0.18690324633991087,0.8130569700827498,11033253,-5188906.0,4698,3.8391040334405897,0.888285031391908,0.11171496860809205,0.16453810131971053,4697,3.838964652725351,0.888252781731067,0.11174721826893297,0.16457313178624655
18,I,0.25210852959898156,0.25194939528962446,0.7478914704010184,20050278,-11009451.0,6333,3.8883044897022443,0.8996689450483745,0.10033105495162553,0.13816516658771513,6332,3.888156649344124,0.8996347380104797,0.10036526198952034,0.13818698673404928
19,T,0.3405076384468491,0.34046785486950987,0.6594923615531508,36615403,-20229846.0,8558,3.918719101759183,0.9067062236400563,0.09329377635994374,0.16335592428137416,8557,3.9187979992872775,0.9067244788091294,0.09327552119087057,0.16337501460792334
20,S,0.4619669000636537,0.46188733290897516,0.5380330999363463,67390245,-31853440.0,11610,3.8421791464488626,0.8889965455450264,0.11100345445497362,0.17751937984496124,11609,3.842272847291699,0.8890182258786135,0.11098177412138654,0.17753467137565682
21,Q,0.61020050922979,0.6100811584977721,0.38979949077021003,117573445,-57582789.0,15335,3.868274318657759,0.8950343998628171,0.10496560013718292,0.14170198891424846,15334,3.8682914320125037,0.8950383595202591,0.10496164047974088,0.14171122994652408
22,S,0.7110518777848505,0.7108927434754934,0.2889481222151496,159641646,-85556786.0,17869,3.8546170883677915,0.8918744143216131,0.10812558567838693,0.1733169175667357,17868,3.8546574601085237,0.8918837554628458,0.10811624453715418,0.1733266174166107
23,T,0.7852482495225971,0.7850095480585614,0.21475175047740294,194666046,-74552945.0,19732,3.739724372156523,0.8652907429395785,0.13470925706042147,0.15654773971214272,19731,3.7397322250088183,0.8652925599185107,0.13470744008148927,0.1565556738127819
24,T,0.8403485041374921,0.8400700190961171,0.15965149586250796,222932170,-70896616.0,21116,3.7896000413580198,0.8768308861595681,0.12316911384043194,0.1881038075393067,21115,3.7896113019366635,0.8768334916121338,0.12316650838786625,0.1881127160786171
25,K,0.8791374920432845,0.8788590070019097,0.12086250795671546,243995095,-49408591.0,22091,3.6334729520117173,0.8407064792007864,0.15929352079921355,0.200443619573582,22090,3.633468097735289,0.8407053560269803,0.15929464397301973,0.20045269352648257
26,L,0.8972788033099937,0.8970798854232973,0.10272119669000637,254217426,-135526105.0,22549,3.6635037753408994,0.847654957442409,0.15234504255759096,0.20754800656348396,22548,3.663450218971256,0.8476425656652976,0.1523574343347024,0.20755721128259713
27,R,0.9169318905155952,0.9168125397835774,0.08306810948440484,265524490,23882793.0,23045,3.121845031167104,0.7223269250731171,0.27767307492688287,0.2793230635712736,23044,3.1219006539266565,0.7223397949678334,0.2776602050321666,0.2792917896198577
28,N,0.9283497772119669,0.9281906429026098,0.0716502227880331,272156115,32658102.0,23331,3.1488446910547965,0.7285740581338527,0.2714259418661473,0.32416098752732414,23330,3.1488171675218406,0.7285676897879775,0.2714323102120225,0.324174882126018
29,V,0.9358290897517505,0.9356699554423934,0.06417091024824952,276559921,311827842.0,23519,2.594720942328033,0.6003618952840668,0.3996381047159332,0.43211871253029466,23518,2.594779798533728,0.6003755133277738,0.39962448667222616,0.4320945658644443
30,M,0.9534134309357097,0.9532542966263526,0.04658656906429026,287052780,226882877.0,23961,2.243626365830244,0.519126259523926,0.480873740476074,0.40369767538917406,23960,2.2435011645569367,0.5190972906770228,0.4809027093229772,0.4037145242070117
31,Y,0.956635900700191,0.9565563335455124,0.04336409929980904,289044946,1762375690.0,24044,0.6506509783957889,0.1505464607718667,0.8494535392281333,0.9159457660954916,24043,0.6506727719451788,0.15055150332438294,0.8494484966756171,0.9159422700994052
32,Y,0.9570337364735837,0.9569541693189052,0.0429662635264163,289285431,784905901.0,24054,2.207613968718564,0.5107937754286258,0.4892062245713742,0.4124054211357778,24053,2.2076436010169527,0.5108006316968787,0.4891993683031213,0.41242256683158024
33,G,0.9570337364735837,0.9569541693189052,0.0429662635264163,289285431,-1079686.0,24054,3.234247564369825,0.7483344223601932,0.2516655776398068,0.3118400266068014,24053,3.234216013161783,0.7483271220980535,0.2516728779019465,0.3118529913108552
34,D,0.9433879694462126,0.943308402291534,0.0566120305537874,281093905,134888445.0,23711,3.1626804523018315,0.7317753518488966,0.26822464815110336,0.2693264729450466,23710,3.1626442102290304,0.7317669662228508,0.26823303377714924,0.26933783213833823
35,W,0.9345560152768937,0.9343570973901973,0.06544398472310631,275784355,1671444588.0,23486,1.6048434197282664,0.37132580285792366,0.6286741971420764,0.7728859746231798,23485,1.604895928218172,0.37133795217849375,0.6286620478215063,0.772876304023845
36,S,0.9243714194780395,0.9241725015913431,0.07562858052196053,269804835,77417511.0,23230,3.1374640627038843,0.7259408286813833,0.2740591713186167,0.24339216530348687,23229,3.1375059836959474,0.7259505282856208,0.2740494717143792,0.24340264324766456
37,I,0.8571371737746658,0.8570576066199873,0.1428628262253342,232039653,-134032636.0,21543,3.7360993986419375,0.8644520030450222,0.13554799695497777,0.18567516130529638,21542,3.736160061777584,0.8644660391729527,0.13553396082704727,0.185637359576641
38,W,0.807288351368555,0.8070496499045194,0.19271164863144494,205750755,233664511.0,20286,2.7265833216592594,0.6308719769967203,0.36912802300327974,0.5489993098688751,20285,2.7264626198648916,0.6308440492312143,0.3691559507687857,0.5490263741681045
39,G,0.7391788669637174,0.7390992998090389,0.2608211330362826,172561753,-41768776.0,18578,3.414357372800265,0.7900079080073751,0.20999209199262492,0.18898697384002583,18577,3.4144106341688722,0.7900202315276738,0.20997976847232624,0.18899714700974324
40,G,0.7016231699554424,0.7015436028007639,0.2983768300445576,155470161,10789977.0,17634,3.0112287810873037,0.69673273478322,0.30326726521678005,0.3269819666553249,17633,3.011308088496977,0.6967510847899604,0.3032489152100396,0.3269437985595191
41,Q,0.5131285805219605,0.5129694462126034,0.48687141947803947,83121171,-66087838.0,12894,3.876141572349642,0.8968547109645195,0.10314528903548048,0.19730107026523966,12893,3.876179693526387,0.8968635313742783,0.10313646862572168,0.19731637322578144
42,G,0.5582829408020369,0.5581238064926798,0.44171705919796306,98399406,-16545094.0,14029,3.2772504375651743,0.7582843503208688,0.24171564967913117,0.3694489985031007,14028,3.2773816472739927,0.7583147093888445,0.2416852906111555,0.3694040490447676
43,N,0.8759945894334819,0.8757558879694463,0.12400541056651813,242275078,-14340263.0,22013,3.61408839088757,0.8362213140849951,0.16377868591500488,0.22568482260482442,22012,3.614131256894222,0.8362312323450196,0.16376876765498039,0.22569507541341086
44,F,0.9082590706556334,0.908060152768937,0.09174092934436665,260478900,387550506.0,22825,2.8544957743126638,0.6604681317325473,0.33953186826745274,0.34786418400876234,22824,2.8545540915478904,0.6604816250702304,0.33951837492976955,0.3478356116368735
45,Y,0.9549649904519414,0.9546467218332273,0.045035009548058565,287892010,-231133923.0,23996,3.958731412191758,0.915964200532339,0.08403579946766104,0.12581263543923987,23995,3.958702588151529,0.9159575312774147,0.08404246872258525,0.12581787872473432
46,P,0.9645528325907066,0.9644334818586887,0.03544716740929344,293825161,191786126.0,24242,2.493214989567487,0.5768756293092527,0.42312437069074726,0.43639138684926987,24241,2.4932684886429985,0.5768880078297502,0.42311199217024975,0.43636813662802687
47,K,0.968968809675366,0.9687301082113303,0.03103119032463399,296449075,97517803.0,24350,3.441647078324291,0.7963221513091802,0.20367784869081984,0.19404517453798767,24349,3.441668764258889,0.7963271689619781,0.20367283103802192,0.19405314386627787
48,D,0.9690085932527053,0.9688892425206874,0.03099140674729472,296546481,284201527.0,24354,3.0099967851963907,0.6964476777753603,0.3035523222246397,0.34466617393446664,24353,3.0100572792664364,0.6964616747851943,0.3035383252148057,0.34463926415636675
49,I,0.9709182049649905,0.9708784213876511,0.029081795035009548,297765406,616545371.0,24404,2.166573755164232,0.5012979641487295,0.4987020358512705,0.5320029503360105,24403,2.1666252264547876,0.5013098734839673,0.49869012651603273,0.5319837724869894
50,P,0.9659054742202419,0.9657065563335455,0.03409452577975811,294601401,236813885.0,24274,2.746561460826922,0.6354944831395911,0.3645055168604089,0.3779764356925105,24273,2.746597105422308,0.6355027305223803,0.36449726947761973,0.37799200758043916
51,A,0.975493316359007,0.9754535327816677,0.024506683640993,300578421,-156867676.0,24519,3.3605787775312788,0.777564712727795,0.22243528727220496,0.23173865165789795,24518,3.3606298033830457,0.7775765189982019,0.2224234810017981,0.23170731707317074
52,D,0.9836887332908976,0.9833704646721834,0.016311266709102483,305477403,-25939225.0,24718,3.6020077624401314,0.8334261198609798,0.1665738801390202,0.1919653693664536,24717,3.6020458548841727,0.833434933622617,0.166565066377383,0.19197313589836953
53,K,0.9840865690642903,0.9840070019096118,0.015913430935709738,305873011,-116809206.0,24734,3.2839410467619086,0.7598324115217595,0.2401675884782405,0.29861728794372117,24733,3.2839933829647845,0.7598445209788645,0.24015547902113554,0.29862936158169245
54,L,0.9877864417568428,0.9877466581795035,0.012213558243157225,308202378,298993223.0,24828,2.463944872487736,0.5701031619203629,0.4298968380796371,0.33860963428387303,24827,2.4639811871067896,0.5701115643320311,0.42988843566796886,0.3385829943206992
55,T,0.9881444939528963,0.9878660089115213,0.011855506047103755,308276865,1030021773.0,24831,1.0768458615024539,0.24915867128291927,0.7508413287170808,0.80955257540977,24830,1.0768769543622998,0.24916586549327244,0.7508341345067275,0.8095449053564236
56,H,0.9883036282622534,0.9882240611075748,0.011696371737746658,308500380,1507999943.0,24840,1.4060959643822617,0.3253399717699161,0.6746600282300839,0.8138888888888889,24839,1.4061406116338329,0.3253503021712071,0.6746496978287929,0.813881396191473
57,L,0.98738860598345,0.9872692552514322,0.012611394016549968,307904520,750350392.0,24816,1.8732117619947994,0.43342039036020075,0.5665796096397993,0.4119922630560928,24815,1.873224261443672,0.4334232824603464,0.5665767175396537,0.41200886560548056
58,N,0.9879057924888606,0.9877466581795035,0.0120942075111394,308202378,-37136686.0,24828,3.0095995506856297,0.696355766364055,0.30364423363594495,0.2813758659577896,24827,3.0096470834459557,0.6963667644092058,0.30363323559079425,0.281346920691183
59,F,0.9883831954169319,0.9883036282622534,0.011616804583068109,308550061,1193327136.0,24842,1.7122934076698724,0.3961873890718901,0.6038126109281099,0.6802592383866033,24841,1.7122577738188314,0.39617914417510824,0.6038208558248918,0.6802866229217825
60,A,0.9884229789942711,0.9883434118395926,0.011577021005728836,308574903,554067518.0,24843,1.7570171026907317,0.40653547771171855,0.5934645222882815,0.6399790685504971,24842,1.7570619097671873,0.4065458450930058,0.5934541549069943,0.6399645761210853
61,F,0.9883831954169319,0.9883036282622534,0.011616804583068109,308550061,1384153928.0,24842,0.9684179753796891,0.2240708207351441,0.7759291792648559,0.8764189678769825,24841,0.9684492988567655,0.22407806830529997,0.7759219316947,0.8764139929954511
62,M,0.9879853596435392,0.9878660089115213,0.012014640356460852,308276865,210633463.0,24831,2.510293484485132,0.5808272209467554,0.41917277905324457,0.5042889935967138,24830,2.5101760517323495,0.5808000495662502,0.4191999504337498,0.5043093032621828
63,D,0.9789147040101845,0.9787953532781668,0.021085295989815404,302641503,-164235165.0,24603,3.8025652971116264,0.8798307638689968,0.12016923613100317,0.18790391415681015,24602,3.80257628455657,0.879833306124375,0.12016669387562495,0.1879115519063491
64,F,0.9773233609166136,0.977243793761935,0.02267663908338638,301682766,402881973.0,24564,2.5737698516113348,0.5955142693502891,0.40448573064971094,0.3355723823481518,24563,2.5736851526466213,0.5954946718551772,0.40450532814482276,0.33558604404999387
65,N,0.9676161680458307,0.9675763844684914,0.03238383195416932,295743360,31673505.0,24321,3.4712207681287475,0.8031648588126763,0.1968351411873237,0.22877348793223962,24320,3.4712622852584905,0.8031744649719718,0.19682553502802824,0.2287828947368421
66,S,0.8939767663908339,0.8938971992361553,0.10602323360916614,252416746,-50617076.0,22469,3.55763872345247,0.823160090900399,0.176839909099601,0.22177221950242557,22468,3.557665942169363,0.8231663887184782,0.17683361128152175,0.22178209008367455
67,S,0.9229392106938256,0.9228994271164863,0.07706078930617441,269062003,140000899.0,23198,3.2373954912791536,0.7490627840636312,0.25093721593636875,0.2983877920510389,23197,3.2373960392166983,0.7490629108444412,0.2509370891555588,0.2984006552571453
68,G,0.9262014640356461,0.9261218968809676,0.07379853596435391,270944281,52949248.0,23279,3.0494734766158453,0.7055817240974529,0.2944182759025471,0.3971390523647923,23278,3.049547243373078,0.705598792117932,0.29440120788206803,0.3971131540510353
69,E,0.9475652450668364,0.9472867600254615,0.05243475493316359,283469955,-108989114.0,23811,3.8057437731857346,0.880566193983595,0.11943380601640496,0.15707026164377808,23810,3.8057914448842385,0.8805772241760131,0.11942277582398686,0.15703485930281394
70,L,0.951702737110121,0.9516231699554424,0.04829726288987906,286071240,240967594.0,23920,2.9637772745826476,0.6857534899964339,0.31424651000356607,0.2553511705685619,23919,2.9638111974971175,0.6857613390197691,0.3142386609802309,0.2553618462310297
71,I,0.9479630808402292,0.9478039465308721,0.05203691915977084,283779576,-180184682.0,23824,3.943769267608811,0.9125022862536988,0.08749771374630122,0.125,23823,3.943759910283273,0.9125001211724358,0.08749987882756416,0.12500524703018093
72,Y,0.9190006365372374,0.9188415022278803,0.08099936346276257,266701060,-111921285.0,23096,3.6229442105906116,0.8382703578239499,0.16172964217605013,0.17015933494977487,23095,3.62281671100194,0.8382408571969444,0.1617591428030556,0.17016670274951287
73,C,0.8850254614894971,0.8849061107574793,0.11497453851050286,247364403,-195921134.0,22243,3.8384692815610326,0.8881381636362162,0.11186183636378377,0.17771883289124668,22242,3.8382713272029325,0.8880923613105518,0.1119076386894482,0.1777268231274166
74,D,0.8600811584977721,0.8599618077657543,0.1399188415022279,233614920,378909247.0,21616,2.5941253216284172,0.6002240816308687,0.3997759183691313,0.5667561065877128,21615,2.5942074358891856,0.6002430810818002,0.39975691891819976,0.566736062919269
75,K,0.8067313812858052,0.8066518141311266,0.1932686187141948,205547950,-36739002.0,20276,3.55828292012891,0.8233091439763173,0.17669085602368273,0.20467547839810613,20275,3.5582526316429313,0.8233021358805521,0.17669786411944788,0.20468557336621454
76,D,0.7386218968809676,0.7385025461489497,0.2613781031190325,172283203,-14176874.0,18563,3.525901208497316,0.8158167213999444,0.18418327860005557,0.2880461132360071,18562,3.525908169241095,0.8158183319644023,0.18418166803559766,0.2880616312897317
77,A,0.6867441120305537,0.6867043284532145,0.3132558879694462,148962430,12559570.0,17261,3.199846395147674,0.7403747412949655,0.2596252587050345,0.4186895313133654,17260,3.1999590105080657,0.7404007980358273,0.25959920196417274,0.4186558516801854
78,A,0.6433402291534055,0.6433004455760662,0.3566597708465945,130726365,207701068.0,16170,2.302597490445487,0.5327708929654223,0.46722910703457765,0.5927643784786641,16169,2.3025704448280604,0.5327646351987885,0.46723536480121153,0.5928010390252954
79,I,0.5484961807765755,0.5484563971992361,0.4515038192234246,95020005,-19743458.0,13786,3.5291521782914352,0.8165689249819441,0.1834310750180559,0.1799651820687654,13785,3.529184713787868,0.8165764529869729,0.1834235470130271,0.17997823721436343
80,G,0.4452577975811585,0.4452180140038192,0.5547422024188415,62613645,29556453.0,11191,3.164305989140292,0.732151465658005,0.26784853434199496,0.23724421410061658,11190,3.1643219278564376,0.7321551535296669,0.26784484647033313,0.23726541554959785
81,H,0.4036441756842775,0.40360439210693827,0.5963558243157224,51455440,-701543.0,10145,3.4614002819808913,0.8008926122754252,0.1991073877245748,0.32695909314933463,10144,3.4611491183115817,0.8008344984744096,0.19916550152559043,0.32699132492113564
82,P,0.3762332908975175,0.37619350732017826,0.6237667091024824,44703240,-14197125.0,9456,3.598237218560753,0.8325536981555288,0.16744630184447118,0.21087140439932317,9455,3.5983802526232154,0.8325867931213223,0.16741320687867767,0.2107879428873612
83,L,0.35781349458943346,0.3577339274347549,0.6421865054105665,40423536,11382837.0,8992,3.4078304738616105,0.7884977257934748,0.21150227420652523,0.2744661921708185,8991,3.407775519478191,0.7884850105464339,0.21151498945356606,0.2744967189411634
84,G,0.3345003182686187,0.33442075111394015,0.6654996817313813,35326215,-6822990.0,8406,3.3962782884515894,0.7858248017752139,0.21417519822478615,0.23649773970973115,8405,3.396368525007885,0.7858456805483712,0.21415431945162877,0.2365258774538965
85,N,0.28345798854232973,0.28329885423297263,0.7165420114576703,25350760,-7638246.0,7121,3.4563275843021577,0.7997189005506201,0.20028109944937988,0.27791040584187615,7120,3.4561540551542533,0.7996787496864468,0.2003212503135532,0.2779494382022472
86,L,0.269573520050923,0.2695337364735837,0.7304264799490771,22946925,-9060200.0,6775,3.527176979145635,0.8161119069329541,0.1838880930670459,0.1966051660516605,6774,3.526824905727683,0.8160304448146073,0.1839695551853927,0.1966341895482728
87,G,0.3446451304901337,0.3445655633354551,0.6553548695098663,37502130,9199403.0,8661,3.038304650406386,0.7029975010460163,0.2970024989539837,0.34245468190740097,8660,3.038476951757094,0.7030373678246682,0.2969626321753318,0.342378752886836
88,V,0.4079408020369192,0.40782145130490133,0.5920591979630808,52536375,-14142978.0,10251,3.3437344657348955,0.773667305962442,0.22633269403755796,0.39215686274509803,10250,3.343716629493205,0.7736631790447102,0.22633682095528984,0.3921951219512195
89,T,0.4432288351368555,0.4430697008274984,0.5567711648631445,62010816,5034728.0,11137,3.4439489050172023,0.7968547438563894,0.20314525614361056,0.17554098949447786,11136,3.4440223177618345,0.7968717299660656,0.2031282700339344,0.17555675287356323
90,Y,0.45309516231699554,0.45297581158497774,0.5469048376830045,64814805,125911323.0,11386,2.7261478720948755,0.6307712234545919,0.3692287765454081,0.5423326892675215,11385,2.7260132010955886,0.6307400635194125,0.3692599364805875,0.5423803249890207
91,G,0.4443029917250159,0.4442632081476766,0.5556970082749841,62345361,36102941.0,11167,3.172911108742996,0.7341425028557047,0.2658574971442953,0.2619324796274738,11166,3.172897165867491,0.7341392767780841,0.2658607232219159,0.26195593766792047
92,D,0.5001591343093571,0.5000795671546785,0.4998408656906429,78996165,21986508.0,12570,3.274579200311408,0.7576662842181666,0.24233371578183338,0.34001591089896577,12569,3.27471589710214,0.7576979128773509,0.2423020871226491,0.33996340202084496
93,V,0.5180617441120305,0.5179423933800127,0.48193825588796946,84740671,-45372235.0,13019,3.7020633422010603,0.8565768011227274,0.14342319887727262,0.25670174360549963,13018,3.7020629207590177,0.8565767036102205,0.14342329638977946,0.25672146259025963
94,N,0.5554583068109484,0.5553389560789306,0.44454169318905157,97419861,-88398399.0,13959,3.678124232197193,0.8510378126253976,0.14896218737460243,0.21942832581130453,13958,3.6780563607946375,0.8510221086615497,0.1489778913384503,0.21944404642498924
95,G,0.6764401654996818,0.6763605983450032,0.3235598345003183,144508500,-55225263.0,17001,3.8001479187636633,0.879271435186314,0.12072856481368599,0.19410622904535027,17000,3.800093604325694,0.8792588680087079,0.1207411319912921,0.19411764705882353
96,G,0.8951304901336729,0.8950907065563335,0.10486950986632718,253091251,105577246.0,22499,3.06585248240518,0.7093714691903225,0.29062853080967754,0.4525090004000178,22498,3.065937904757492,0.7093912340615643,0.29060876593843565,0.45248466530358256
97,I,0.9595003182686187,0.9594605346912795,0.040499681731381285,290802786,-224037476.0,24117,3.761475661182795,0.8703235173283987,0.12967648267160126,0.20396400879047974,24116,3.761426245685444,0.8703120836589193,0.12968791634108068,0.20397246641234035
98,L,0.9661839592616168,0.966064608529599,0.03381604073838319,294819903,431868632.0,24283,2.6582273795796816,0.6150559012594956,0.3849440987405044,0.32998393938146026,24282,2.6582412782310376,0.6150591171046117,0.3849408828953883,0.3299975290338522
99,N,0.9722708465945258,0.9721514958625079,0.02772915340547422,298546830,5881275.0,24436,3.5846504669752863,0.829410019851038,0.17058998014896198,0.1794074316582092,24435,3.5846884504496215,0.8294188083994593,0.17058119160054075,0.179414773889912
100,A,0.984922024188415,0.9848026734563972,0.015077975811584978,306367881,96585275.0,24754,3.4362518108983107,0.7950738039726377,0.20492619602736228,0.27797527672295386,24753,3.4362434008970943,0.7950718580815836,0.20492814191841635,0.27798650668605823
101,F,0.988542329726289,0.9884627625716105,0.011457670273711012,308649435,424375799.0,24846,2.327456563043798,0.5385227407640283,0.4614772592359717,0.41314497303388875,24845,2.3274787254257467,0.538527868656363,0.46147213134363696,0.41316160193197826
102,Q,0.9879057924888606,0.9877466581795035,0.0120942075111394,308202378,-139375665.0,24828,3.716171241761198,0.8598410617143893,0.14015893828561066,0.15422104076043178,24827,3.716119951707222,0.8598291943133475,0.14017080568665252,0.15422725258790831
103,V,0.9885025461489497,0.9883434118395926,0.011497453851050287,308574903,-74354910.0,24843,3.5649637035108945,0.8248549316977483,0.17514506830225174,0.18093627983737873,24842,3.5648425208217187,0.8248268926636608,0.17517310733633917,0.18094356332018355
104,L,0.9481619987269255,0.9479630808402292,0.051838001273074474,283874878,515041847.0,23828,2.031861095247051,0.47012838960709386,0.5298716103929062,0.675214033909686,23827,2.031922591168821,0.47014261842358956,0.5298573815764105,0.6752004029042683
105,K,0.981580203691916,0.9814210693825589,0.018419796308084022,304267446,818525210.0,24669,1.7433171395121685,0.4033656047111081,0.596634395288892,0.6999473022822166,24668,1.7433669458530774,0.40337712881327165,0.5966228711867283,0.6999351386411545
106,S,0.9644334818586887,0.9643539147040102,0.03556651814131127,293776680,60708200.0,24240,3.397624853481622,0.7861363675857662,0.21386363241423378,0.24133663366336633,24239,3.397605065766557,0.786131789139612,0.21386821086038799,0.24134659020586657
107,E,0.9522597071928708,0.9521801400381922,0.047740292807129214,286406211,84430016.0,23934,3.387411298646171,0.7837731735179304,0.2162268264820696,0.28307010946770284,23933,3.387344765942166,0.783757779299761,0.21624222070023902,0.2830819370743325
108,N,0.918642584341184,0.9184038828771484,0.08135741565881605,266447070,271725484.0,23085,2.7591815680358516,0.6384145009954778,0.3615854990045222,0.45297812432315354,23084,2.759251601700575,0.6384307052596825,0.3615692947403175,0.4529544273089586
109,P,0.8794159770846595,0.8793364099299809,0.12058402291534055,244260253,490417481.0,22103,2.19977482680014,0.5089799687788351,0.4910200312211649,0.6204587612541284,22102,2.1998431989878346,0.5089957886134537,0.49100421138654626,0.620441588996471
110,N,0.9871101209420751,0.9870305537873966,0.012889879057924889,307755645,107385553.0,24810,3.249848079030265,0.7519440415666985,0.24805595843330153,0.21640467553405884,24809,3.249886441664849,0.7519529178445407,0.24804708215545934,0.21641339836349713
111,L,0.9931572246976448,0.9931174411203055,0.0068427753023551875,311563203,530617578.0,24963,2.099075917600448,0.4856804351010735,0.5143195648989265,0.5808596723150262,24962,2.099128610359082,0.4856926270574127,0.5143073729425873,0.5808428811793926
112,K,0.9944700827498408,0.9943109484404837,0.005529917250159134,312312528,959506937.0,24993,1.5505003319457282,0.35875199630921606,0.6412480036907839,0.7671347977433681,24992,1.550547068644675,0.3587628101631073,0.6412371898368927,0.7671254801536491
113,I,0.9945894334818587,0.9945894334818587,0.0054105665181413114,312487500,327922342.0,25000,2.545812421831409,0.5890455292032705,0.41095447079672953,0.3652,24999,2.54580763619133,0.5890444219104202,0.41095557808957983,0.36521460858434335
114,G,0.9924013367281986,0.99232176957352,0.0075986632718014,311064153,346856391.0,24943,2.6860308940250057,0.6214890287514162,0.3785109712485838,0.49192158120514773,24942,2.685891725577942,0.6214568282048064,0.3785431717951936,0.4919413038248737
115,V,0.9945496499045194,0.9945098663271802,0.005450350095480586,312437503,503399724.0,24998,2.2649789068520922,0.5240667723119817,0.47593322768801827,0.44903592287382993,24997,2.26494752615282,0.5240595115018564,0.47594048849814363,0.44905388646637595
116,S,0.9947087842138765,0.9946690006365373,0.0052912157861234885,312537501,696440400.0,25002,1.4755204549086791,0.34140328633744516,0.6585967136625548,0.6373890088792896,25001,1.4755534835910236,0.341410928454949,0.658589071545051,0.6373745050197992
117,L,0.9945496499045194,0.9945098663271802,0.005450350095480586,312437503,728664593.0,24998,1.976471094410317,0.4573123501865728,0.5426876498134272,0.42991439315145213,24997,1.9764357890750301,0.4573041813011791,0.5426958186988209,0.4299315917910149
118,G,0.9879853596435392,0.9878660089115213,0.012014640356460852,308276865,1551793908.0,24831,0.5858466641838306,0.1355521543444602,0.8644478456555398,0.9352019652853288,24830,0.5858663659364701,0.13555671290078206,0.8644432870992179,0.9351993556182038
119,G,0.987667091024825,0.9876273074474857,0.012332908975175048,308127900,1569873307.0,24825,0.5779674768071569,0.1337290820480945,0.8662709179519055,0.9367170191339376,24824,0.5779869599966673,0.13373359003367008,0.86626640996633,0.9367144698678698
120,W,0.9836489497135582,0.9835295989815405,0.016351050286441758,305576281,1791241586.0,24722,1.589460045221491,0.3677664251521786,0.6322335748478214,0.7716204190599466,24721,1.5895092104913158,0.36777780092446016,0.6322221990755399,0.7716111807774766
121,S,0.9627227880331,0.9626830044557607,0.037277211966900065,292759503,160646967.0,24198,2.9524991664777627,0.683143981495303,0.316856018504697,0.30721547235308705,24197,2.9525017160073186,0.683144571400896,0.316855428599104,0.30722816878125386
122,K,0.9522199236155315,0.9521403564608529,0.04778007638446849,286382278,-178429543.0,23933,3.4498227879699943,0.798213832398316,0.201786167601684,0.27455814147829355,23932,3.4497174343903936,0.798189455875318,0.20181054412468202,0.2745696139060672
123,S,0.9652291534054742,0.9651495862507957,0.03477084659452578,294261670,435137250.0,24260,2.3481738527834963,0.5433162702455128,0.45668372975448723,0.5977741137675185,24259,2.348240047852267,0.5433315863422449,0.4566684136577551,0.5977575332866153
124,G,0.9706795035009548,0.9705203691915977,0.029320496499045196,297545815,-67944725.0,24395,3.6753780556576534,0.8504024072046577,0.14959759279534235,0.13916786226685796,24394,3.67541208423548,0.8504102806761916,0.14958971932380838,0.13913257358366812
125,D,0.9739815404201145,0.973901973265436,0.02601845957988542,299622960,-215135957.0,24480,3.83828304997085,0.8880950737036458,0.11190492629635418,0.15906862745098038,24479,3.838238413918244,0.8880847458935514,0.11191525410644865,0.15907512561787654
126,F,0.9940324633991089,0.9940324633991089,0.005967536600891152,312137605,1208161555.0,24986,1.4840860379245848,0.343385175630337,0.656614824369663,0.7492195629552549,24985,1.48412876503484,0.34339506175276135,0.6566049382472386,0.7492095257154292
127,S,0.9906110757479313,0.9906110757479313,0.009388924252068746,309992550,186933762.0,24900,2.9050769576006097,0.6721715155412185,0.32782848445878154,0.49943775100401605,24899,2.9051534034297974,0.6721892034405794,0.3278107965594206,0.4994176472950721
128,T,0.9892186505410566,0.9892186505410566,0.010781349458943348,309121680,-78032498.0,24865,3.7556236183182103,0.8689694821070568,0.13103051789294318,0.17100341845968228,24864,3.7556497375686346,0.8689755255325491,0.1310244744674509,0.17101029601029602
129,I,0.9855585614258434,0.9855187778485042,0.014441438574156588,306813606,210449682.0,24772,2.866240572389156,0.6631856221254082,0.3368143778745918,0.31059260455352816,24771,2.866204937810326,0.6631773770602318,0.33682262293976817,0.3106051431108958
130,A,0.9546865054105665,0.9546865054105665,0.045313494589433484,287916006,295141508.0,23997,2.3189845742836193,0.5365625071427886,0.46343749285721136,0.45238988206859193,23996,2.319033523556576,0.5365738329381008,0.4634261670618992,0.4523670611768628
131,A,0.9818586887332909,0.9818189051559516,0.018141311266709103,304514181,90306255.0,24679,3.1714584587420545,0.7338063912941403,0.26619360870585973,0.27379553466509987,24678,3.171511240642956,0.7338186038760581,0.26618139612394187,0.2737661074641381
132,T,0.9874283895607893,0.9873488224061108,0.012571610439210694,307954153,325530006.0,24818,2.6456191190774354,0.6121386244734331,0.38786137552656685,0.32609396405834473,24817,2.645660579314025,0.6121482174688924,0.38785178253110764,0.3260668090421888
133,P,0.9835295989815405,0.9834102482495226,0.01647040101845958,305502121,40851579.0,24719,3.260245624673683,0.7543498070989195,0.24565019290108048,0.28237388243861,24718,3.260303713921116,0.7543632476851944,0.24563675231480564,0.2823448499069504
134,S,0.9818189051559516,0.9817791215786124,0.018181094844048378,304489503,68924270.0,24678,3.216795705835926,0.7442964425163028,0.2557035574836972,0.3052516411378556,24677,3.216795489696641,0.7442963925063812,0.25570360749361876,0.3052640110224095
135,I,0.9607733927434755,0.9607733927434755,0.03922660725652451,291599175,41722562.0,24150,3.257380275015727,0.7536868276149838,0.24631317238501615,0.2301863354037267,24149,3.2572145074962187,0.75364847262252,0.24635152737748,0.2301958673236987
136,R,0.9653882877148313,0.9652291534054742,0.03461171228516868,294310191,909835223.0,24262,1.205566546421539,0.27894183335619754,0.7210581666438025,0.8265188360398977,24261,1.2056049075735615,0.27895070929100724,0.7210492907089927,0.8265116854210461
137,A,0.976647040101846,0.9766072565245066,0.023352959898154044,301289878,66360729.0,24548,3.385052271094627,0.7832273459382595,0.2167726540617405,0.19162457226657975,24547,3.385085738656362,0.7832350896028925,0.21676491039710755,0.19163237870208172
138,K,0.9966979630808402,0.9966979630808402,0.003302036919159771,313813878,21850459.0,25053,3.284504957286379,0.7599628881312935,0.24003711186870647,0.2340637847762743,25052,3.284530402038607,0.7599687754925982,0.24003122450740177,0.23407312789398052
139,F,0.9972947167409294,0.9972947167409294,0.0027052832590706557,314189778,1362445920.0,25068,0.9553049681457064,0.2210367565521942,0.7789632434478058,0.8483325355034307,25067,0.955333611446547,0.2210433839879617,0.7789566160120382,0.848326485020146
140,V,0.9972151495862508,0.9972151495862508,0.0027848504137492043,314139645,421445463.0,25066,2.1178041626549233,0.4900137429773961,0.5099862570226039,0.3234660496289795,25065,2.117816282008055,0.49001654713166837,0.5099834528683316,0.3234789547177339
141,E,0.9973345003182686,0.9973345003182686,0.0026654996817313814,314214846,91168861.0,25069,3.432829641345078,0.794281988496281,0.20571801150371904,0.1509433962264151,25068,3.4328252947317717,0.794280982784661,0.20571901721533903,0.15094941758417105
142,N,0.9976925525143221,0.9975732017823042,0.002307447485677912,314365275,608880678.0,25075,2.008938830635166,0.46482467697962077,0.5351753230203793,0.6175074775672981,25074,2.0089162612771387,0.46481945492188825,0.5351805450781117,0.6175321049692909
143,V,0.9975732017823042,0.9975732017823042,0.002426798217695735,314365275,185963389.0,25075,2.7745153697143317,0.6419624086287906,0.3580375913712094,0.2426321036889332,25074,2.77454453410469,0.6419691566333197,0.35803084336668034,0.24260189838079285
144,M,0.9974538510502864,0.9974140674729471,0.002546148949713558,314264985,287615026.0,25071,2.8697241346177638,0.6639916425292943,0.3360083574707057,0.3330940130030713,25070,2.869623665062721,0.6639683960631716,0.3360316039368284,0.3331072995612286
145,K,0.9971355824315723,0.9970957988542329,0.002864417568427753,314064453,83222115.0,25063,3.4268816650642515,0.7929057563725068,0.20709424362749318,0.19032039261062123,25062,3.4269048886723996,0.7929111298094632,0.2070888701905368,0.19032798659324873
146,F,0.9970560152768937,0.9970560152768937,0.0029439847231063016,314039391,443480178.0,25062,2.503086654910158,0.579159717597151,0.420840282402849,0.4385523900726199,25061,2.5031390818248656,0.5791718480429976,0.4208281519570024,0.4385299868321296
147,I,0.9964592616168045,0.9964592616168045,0.003540738383195417,313663581,425206957.0,25047,2.6514222655109636,0.6134813461259273,0.3865186538740727,0.36128079211083164,25046,2.6514183654556303,0.6134804437380931,0.3865195562619069,0.361295216801086
148,K,0.9953851050286442,0.9953851050286442,0.004614894971355824,312987690,58840472.0,25020,3.396313156590336,0.7858328695028532,0.21416713049714675,0.26842525979216625,25019,3.396342425200818,0.7858396416216482,0.2141603583783518,0.26843598864862706
149,Y,0.9896164863144494,0.9894971355824316,0.010383513685550605,309295756,75137692.0,24872,3.3816132463265856,0.7824316305324178,0.21756836946758218,0.22949501447410742,24871,3.38151979369046,0.782410007628456,0.21758999237154397,0.2295042418881428
150,T,0.995504455760662,0.9953453214513049,0.004495544239338001,312962671,282504270.0,25019,3.0240920352931404,0.6997090115567861,0.3002909884432139,0.419760981653943,25018,3.023991875475571,0.6996858367571664,0.30031416324283355,0.41977776001279077
151,N,0.9961807765754297,0.9961012094207511,0.0038192234245703373,313438203,122382084.0,25038,2.924314936616915,0.6766227647508162,0.3233772352491838,0.43757488617301704,25037,2.924318971703744,0.6766236983819967,0.32337630161800335,0.4375923633023126
152,M,0.9964990451941439,0.9964194780394653,0.003500954805856143,313638535,904886054.0,25046,1.5566930023677314,0.3601848453261464,0.6398151546738535,0.672083366605446,25045,1.5565070639518304,0.3601418232277175,0.6398581767722825,0.6721102016370533
153,D,0.9965786123488224,0.9964194780394653,0.0034213876511775937,313638535,1480450189.0,25046,0.8656779422418557,0.20029901544773776,0.7997009845522622,0.8860496686097581,25045,0.8657055379182946,0.20030540048604314,0.7996945995139568,0.8860451187861849
154,F,0.9965388287714831,0.9964592616168045,0.003461171228516868,313663581,1716733051.0,25047,0.31675486181685947,0.07329017393685136,0.9267098260631487,0.9668622988781091,25046,0.31648971241237145,0.07322882414142055,0.9267711758585795,0.966900902339695
155,V,0.9961409929980903,0.9961012094207511,0.0038590070019096116,313438203,718938673.0,25038,1.9450149637284926,0.4500340868764924,0.5499659131235076,0.33233485102643984,25037,1.945018719607842,0.4500349559051451,0.5499650440948549,0.3323481247753325
156,D,0.9946690006365373,0.9946292170591979,0.005330999363462763,312512500,1584440188.0,25001,0.6588447364688046,0.15244231787386442,0.8475576821261356,0.9089636414543418,25000,0.6588655819223868,0.15244714105766677,0.8475528589423332,0.90896
157,I,0.9946292170591979,0.9945894334818587,0.005370782940802037,312487500,740909743.0,25000,1.803239995897012,0.41723044814886207,0.582769551851138,0.43448,24999,1.8032640194224105,0.4172360066692426,0.5827639933307573,0.4344573782951318
158,D,0.9948679185232336,0.9947087842138765,0.005132081476766391,312562503,1379042699.0,25003,0.879625374682727,0.20352614744407302,0.796473852555927,0.8870135583729952,25002,0.8796536384120949,0.2035326870552714,0.7964673129447286,0.8870090392768578
159,W,0.9948679185232336,0.9945894334818587,0.005132081476766391,312487500,2645976185.0,25000,0.8550662940243579,0.19784371124449318,0.8021562887555068,0.86664,24999,0.8550922377255075,0.19784971405170793,0.8021502859482921,0.8666346653866155
160,E,0.9938733290897518,0.9938335455124124,0.00612667091024825,312012690,1197632338.0,24981,0.9057535177264435,0.20957163049471075,0.7904283695052893,0.886353628757856,24980,0.9057828093247786,0.2095784079323941,0.7904215920676059,0.8863490792634108
161,Y,0.9931174411203055,0.9931174411203055,0.006882558879694462,311563203,1288914884.0,24963,1.6754048376122157,0.3876521776459309,0.612347822354069,0.7102111124464207,24962,1.675452178085155,0.38766313119996976,0.6123368688000302,0.7101995032449323
162,P,0.9846833227243794,0.9846435391470401,0.015316677275620624,306268875,1725330723.0,24750,0.6963061178175023,0.1611100653528224,0.8388899346471776,0.9196363636363636,24749,0.6963293688171063,0.16111544512756498,0.8388845548724351,0.9196331164895551
163,G,0.9809038828771484,0.980864099299809,0.019096117122851686,303922185,31889589.0,24655,3.1359374120525842,0.7255875949815663,0.27441240501843367,0.3569255729061042,24654,3.1360043212710362,0.7256030763169756,0.2743969236830244,0.35689948892674617
164,D,0.9655076384468492,0.9654678548695098,0.03449236155315086,294455778,-77697777.0,24268,3.692468757287606,0.8543568232094426,0.14564317679055738,0.1996868303939344,24267,3.692454244654276,0.8543534653022746,0.14564653469772537,0.19969505913380312
165,Y,0.7564847231063018,0.7562062380649268,0.24351527689369828,180642528,-140242151.0,19008,3.9238598291946354,0.9078956759684125,0.09210432403158753,0.1465172558922559,19007,3.923723381822028,0.9078641050191483,0.09213589498085173,0.14652496448676802
166,R,0.6325588796944621,0.6325190961171229,0.3674411203055379,126381151,161809005.0,15899,2.4660786873657203,0.5705968801940448,0.42940311980595525,0.5692181898232593,15898,2.465959355794096,0.5705692694682287,0.4294307305317713,0.5692539942131085
167,E,0.4953453214513049,0.4952259707192871,0.5046546785486951,77470128,-67359031.0,12448,3.8695066147423933,0.8953195263289635,0.1046804736710365,0.13447943444730076,12447,3.8695149986280084,0.8953214661774365,0.10467853382256354,0.13449023861171366
168,P,0.3662476129853596,0.3662078294080204,0.6337523870146403,42361410,-1141353.0,9205,3.2702852248845993,0.7566727518565597,0.2433272481434403,0.23617599130907116,9204,3.270414295501047,0.7567026159851649,0.24329738401483514,0.23609300304215558
169,D,0.3061744112030554,0.3061744112030554,0.6938255887969447,29610360,-2336098.0,7696,3.0391656386851977,0.7031967149755193,0.2968032850244807,0.41476091476091476,7695,3.039161451848711,0.7031957462327741,0.29680425376722586,0.4148148148148148
170,K,0.2867998090388288,0.2867600254614895,0.7132001909611713,25974028,17105211.0,7208,3.029979832863302,0.7010713196380165,0.2989286803619835,0.45338512763596006,7207,3.0298231964142524,0.7010350773763198,0.29896492262368024,0.45344803663105315
171,T,0.2108927434754933,0.21085295989815403,0.7891072565245066,14042350,-5852096.0,5300,3.4203297587353734,0.7913897879933408,0.2086102120066592,0.25981132075471697,5299,3.4203631015085785,0.7913975027846268,0.20860249721537316,0.25986035100962446
172,D,0.13466740929344367,0.13466740929344367,0.8653325907065563,5727420,2518124.0,3385,2.93396079762426,0.678854606835083,0.32114539316491697,0.49748892171344167,3384,2.934530088932166,0.6789863284406737,0.32101367155932625,0.4973404255319149
173,N,0.12133991088478677,0.12133991088478677,0.8786600891152132,4649725,2221772.0,3050,2.9579523608991494,0.6844057318765362,0.3155942681234638,0.35311475409836063,3049,2.9580922829832295,0.6844381067983323,0.3155618932016677,0.35323056739914727
174,I,0.10689847231063017,0.10689847231063017,0.8931015276893698,3608641,-2695872.0,2687,3.7863108620291044,0.8760698417236815,0.12393015827631848,0.22218087085969482,2686,3.785664974427359,0.8759203974044877,0.12407960259551232,0.22226358897989576
175,N,0.10097071928707829,0.10097071928707829,0.8990292807129217,3219453,-324535.0,2538,3.4750114436053,0.8040419385311095,0.1959580614688905,0.27698975571316,2537,3.4752168712292457,0.8040894700076717,0.19591052999232828,0.2770989357508869
176,D,0.14922819859961808,0.1491884150222788,0.8507718014003819,7029375,-151433.0,3750,2.9943583518890433,0.6928292850200882,0.3071707149799118,0.45626666666666665,3749,2.994855038529822,0.6929442074875318,0.3070557925124682,0.45612163243531606
177,E,0.1818905155951623,0.18185073201782304,0.8181094844048377,10444735,1861752.0,4571,3.180814248268465,0.73597111715746,0.26402888284254,0.3874425727411945,4570,3.180624710598816,0.7359272622701302,0.26407273772986983,0.387527352297593
178,G,0.25827498408656907,0.2581954169318905,0.741725015913431,21056805,45950133.0,6490,2.0152771964599507,0.4662912367385123,0.5337087632614876,0.6600924499229583,6489,2.0154954057305154,0.4663417256096305,0.5336582743903695,0.6600400678070582
179,T,0.17667886696371737,0.17659929980903882,0.8233211330362826,9850141,-3433203.0,4439,3.3773392609152397,0.7814427234248698,0.21855727657513024,0.2552376661410228,4438,3.3772823234711287,0.7814295493407895,0.21857045065921055,0.25529517800811174
180,P,0.2034929980903883,0.2034929980903883,0.7965070019096118,13079055,2692495.0,5115,3.042148695029323,0.7038869292221779,0.2961130707778221,0.30791788856304986,5114,3.0424111997660033,0.703947667099097,0.29605233290090305,0.30778255768478685
181,N,0.2963478676002546,0.29630808402291536,0.7036521323997453,27732628,-19055570.0,7448,3.866846221736773,0.8947039693490204,0.10529603065097959,0.12325456498388829,7447,3.8668332853031715,0.894700976140129,0.105299023859871,0.12327111588559152
182,A,0.6613621896880968,0.6612826225334182,0.33863781031190326,138137131,-33993924.0,16622,3.324317562317571,0.7691746575446459,0.23082534245535413,0.35025869329803877,16621,3.324270913597504,0.7691638640471506,0.23083613595284935,0.3502797665603754
183,S,0.7098185868873329,0.7096594525779758,0.2901814131126671,159088203,-31964799.0,17838,3.5170936206713326,0.8137788374665207,0.1862211625334793,0.20097544567776657,17837,3.5171534217662432,0.8137926741370062,0.18620732586299382,0.20098671301227786
184,A,0.8386378103119032,0.8384388924252069,0.16136218968809676,222067275,79333631.0,21075,3.108139530016582,0.7191557707064504,0.2808442292935496,0.3820640569395018,21074,3.108158436993004,0.7191601453688712,0.2808398546311288,0.38208218658062065
185,G,0.9459739019732655,0.9458943348185869,0.05402609802673456,282637200,39015811.0,23776,3.4907087780604193,0.8076739597287061,0.19232604027129385,0.24491083445491252,23775,3.490671247287769,0.8076652759255918,0.19233472407440821,0.2449211356466877
186,D,0.9629217059197963,0.9628819223424571,0.03707829408020369,292880503,790587612.0,24203,1.8987665837683434,0.4393332193597795,0.5606667806402206,0.6700822212122464,24202,1.8988211727256161,0.43934585005517146,0.5606541499448285,0.6700685893727791
187,K,0.9768857415658816,0.9767663908338637,0.023114258434118396,301388076,-20260717.0,24552,3.2517675938612456,0.7523881754784244,0.2476118245215756,0.33443304007820135,24551,3.251835676562942,0.75240392833229,0.24759607166771003,0.33440593051199546
188,E,0.9881047103755569,0.9880649267982177,0.01189528962444303,308401030,-980169.0,24836,3.5908399637946498,0.8308421345654603,0.1691578654345397,0.1769608632630053,24835,3.590881236471107,0.8308516841635913,0.16914831583640866,0.1769679887255889
189,N,0.9921626352641629,0.9920830681094844,0.007837364735837047,310914516,426743730.0,24937,2.661448353336799,0.6158011644120519,0.3841988355879481,0.5328628142920159,24936,2.661518663693597,0.6158174326967745,0.38418256730322553,0.5328440808469682
190,Y,0.9938733290897518,0.9938733290897518,0.00612667091024825,312037671,964329047.0,24982,1.8462912288641427,0.4271915655071213,0.5728084344928788,0.5149707789608519,24981,1.8462965912006575,0.4271928062349624,0.5728071937650376,0.5149913934590289
191,I,0.9937141947803947,0.9936744112030553,0.006285805219605347,311912776,48303957.0,24977,3.130423416179386,0.7243117764690554,0.2756882235309446,0.2863834727949714,24976,3.1303681963587437,0.7242989998056242,0.2757010001943758,0.28639493914157593
192,L,0.9937141947803947,0.9935948440483768,0.006285805219605347,311862825,-124073712.0,24975,3.4663100754635465,0.8020286315184253,0.1979713684815747,0.2623023023023023,24974,3.4663715606567944,0.8020428578525748,0.1979571421474252,0.2622727636742212
193,L,0.9960614258434118,0.9960614258434118,0.00393857415658816,313413166,754987106.0,25037,1.2852264610966753,0.29737340207418944,0.7026265979258106,0.7258856891800136,25036,1.285259334952712,0.29738100836825887,0.7026189916317411,0.7258747403738617
194,L,0.9937141947803947,0.9937141947803947,0.006285805219605347,311937753,556154036.0,24978,2.315122798826016,0.5356689764377842,0.4643310235622158,0.4696132596685083,24977,2.3151718293432872,0.5356803210312606,0.4643196789687394,0.4695920246626897
195,Q,0.9935152768936982,0.9933163590070019,0.006484723106301719,311688028,268764488.0,24968,3.0029328791192063,0.694813243809293,0.305186756190707,0.3113585389298302,24967,3.002960190020214,0.6948195629567679,0.30518043704323206,0.31137100973284737
196,D,0.9924809038828771,0.9924013367281986,0.007519096117122852,311114040,356809155.0,24945,2.5776864309011973,0.596420480468076,0.40357951953192395,0.5267588695129285,24944,2.577643744566715,0.5964106037802772,0.4035893962197228,0.5267799871712636
197,L,0.993913112667091,0.993913112667091,0.006086887332908976,312062653,596848661.0,24983,2.043752826813585,0.4728798772083341,0.527120122791666,0.6084137213305048,24982,2.0438059394081622,0.4728921663055636,0.5271078336944364,0.6083980465935473
198,K,0.9942711648631445,0.9942313812858052,0.005728835136855506,312262545,799176544.0,24991,1.7593116620629834,0.40706638875925916,0.5929336112407408,0.69813132727782,24990,1.7592649631710076,0.40705558365307726,0.5929444163469227,0.6981592637054822
199,E,0.9936744112030553,0.9936744112030553,0.0063255887969446215,311912776,39347247.0,24977,3.4438575275542753,0.7968336011022943,0.2031663988977057,0.2003843536053169,24976,3.4439025541415225,0.7968440192735962,0.20315598072640384,0.20035233824471493
200,A,0.9920432845321451,0.9919637173774666,0.007956715467854869,310839711,105729599.0,24934,3.016188714314483,0.6978803552707165,0.30211964472928354,0.405670971364402,24933,3.0162574797379893,0.6978962660915344,0.30210373390846557,0.40564713431997756
201,L,0.9789544875875239,0.9789544875875239,0.02104551241247613,302739921,484104446.0,24607,2.149661368328481,0.49738480630240683,0.5026151936975931,0.4846588369163246,24606,2.1497062627305867,0.49739519388894693,0.5026048061110531,0.4846378931967813
202,N,0.85526734563972,0.8552275620623806,0.14473265436028007,231049756,156440321.0,21497,3.1518084861533437,0.7292598157479262,0.2707401842520738,0.3958226729311067,21496,3.151792092207081,0.7292560225459332,0.27074397745406675,0.39584108671380724
203,K,0.8101925525143221,0.8101129853596435,0.1898074474856779,207315703,-4568616.0,20363,3.471155713586116,0.8031498066088443,0.19685019339115573,0.2698030742032117,20362,3.471168151229349,0.8031526844085114,0.1968473155914886,0.269816324526078
204,Q,0.7342059197963081,0.7342059197963081,0.26579408020369194,170284285,-73591335.0,18455,3.4882129104953488,0.8070964703512167,0.19290352964878332,0.2513681929016527,18454,3.4881688909330104,0.8070862851835388,0.19291371481646125,0.251381814240815
205,G,0.5821928707829408,0.5821530872056015,0.4178071292170592,107055028,60444550.0,14633,2.82733232403125,0.6541831011431798,0.3458168988568202,0.29453973894621743,14632,2.827405024170746,0.6541999223715529,0.3458000776284471,0.2944915254237288
206,K,0.509269573520051,0.5092297899427116,0.4907304264799491,81913600,-2096236.0,12800,3.491247694731228,0.8077986533050399,0.19220134669496014,0.225390625,12799,3.4913324635881358,0.8078182669716828,0.1921817330283172,0.2254082350183608
207,E,0.4803071292170592,0.4802673456397199,0.5196928707829408,72860556,8097681.0,12072,3.550748632998623,0.8215658740826788,0.17843412591732122,0.16857190192180252,12071,3.550829975873981,0.8215846950518324,0.1784153049481676,0.16850302377599205
208,L,0.49283895607893063,0.4927593889242521,0.5071610439210694,76700305,-9738172.0,12386,3.4714341388862295,0.803214228157283,0.19678577184271695,0.25553043759082833,12385,3.471385027419612,0.8032028648338914,0.19679713516610864,0.2555510698425515
209,G,0.723901973265436,0.7238224061107574,0.27609802673456396,165501721,186893854.0,18194,2.638353272405366,0.6104574658533569,0.3895425341466431,0.544465208310432,18193,2.6384500806209883,0.6104798651653067,0.3895201348346933,0.544440169295883
210,K,0.8182288351368555,0.8181890515595163,0.18177116486314449,211469895,41550977.0,20566,3.401025312476092,0.7869231597118297,0.2130768402881703,0.2673344354760284,20565,3.401098137507308,0.7869400098374257,0.21305999016257426,0.2672988086554826
211,V,0.913430935709739,0.9133115849777212,0.08656906429026098,263500446,-36540715.0,22957,3.5484618322323094,0.8210367582075169,0.17896324179248313,0.17824628653569718,22956,3.548252796947781,0.8209883919968952,0.17901160800310478,0.17825405122843702
212,Y,0.95229949077021,0.9522199236155315,0.047700509229789946,286430145,141571487.0,23935,2.76161708375642,0.6389780262710254,0.3610219737289746,0.31765197409651136,23934,2.7616633389261036,0.6389887287095362,0.36101127129046384,0.3176234645274505
213,E,0.9744987269255252,0.9744987269255252,0.025501273074474858,299990265,28394949.0,24495,2.8984384782451995,0.6706355160498657,0.3293644839501343,0.44682588283323127,24494,2.8984333950656076,0.6706343399128546,0.3293656600871454,0.4468441250918592
214,L,0.9958625079567155,0.9957829408020369,0.004137492043284532,313237935,872131839.0,25030,1.391642516639656,0.321995758857234,0.678004241142766,0.6948461845785058,25029,1.3916771323020547,0.32200376816734716,0.6779962318326529,0.6948339925686204
215,S,0.9953055378739656,0.9953055378739656,0.004694462126034373,312937653,763775252.0,25018,1.476916507309002,0.3417263024473093,0.6582736975526907,0.5490846590454872,25017,1.476920257048679,0.34172717005537556,0.6582728299446244,0.5491066075068953
216,V,0.9946690006365373,0.9944700827498408,0.005330999363462763,312412506,215681289.0,24997,2.6243650630337267,0.6072208989636424,0.3927791010363576,0.37940552866343963,24996,2.6243518523731635,0.6072178423046066,0.3927821576953934,0.3794207073131701
217,A,0.9885025461489497,0.9885025461489497,0.011497453851050287,308674281,677052296.0,24847,1.4979517409688774,0.34659339722492927,0.6534066027750707,0.7619833380287359,24846,1.497996246081516,0.34660369473836805,0.653396305261632,0.7619737583514449
218,L,0.9945098663271802,0.9945098663271802,0.00549013367281986,312437503,282991187.0,24998,2.6444526103280483,0.6118687197633647,0.38813128023663535,0.4110728858308665,24997,2.6444372453459417,0.6118651646412596,0.3881348353587404,0.41108933071968634
219,P,0.989258434118396,0.9891788669637174,0.010741565881604074,309096816,180327746.0,24864,2.680288727953694,0.6201604166261696,0.3798395833738304,0.4140524453024453,24863,2.6803453636409067,0.6201735208902779,0.3798264791097221,0.41402887825282547
220,A,0.9912078294080203,0.9911680458306811,0.00879217059197963,310341241,208342704.0,24914,2.7172510704201303,0.6287126973802526,0.3712873026197474,0.5019266275989404,24913,2.7173202218963626,0.6287286975252606,0.3712713024747394,0.5019066350901136
221,G,0.9894573520050923,0.9893380012730745,0.010542647994907702,309196278,17932476.0,24868,3.2601596510959316,0.7543299146861205,0.24567008531387946,0.2859498150233232,24867,3.2602181189887256,0.7543434428826824,0.2456565571173176,0.2859211002533478
222,V,0.7557288351368555,0.7556094844048377,0.24427116486314449,180357528,-55924565.0,18993,3.566540293800999,0.8252197203419576,0.17478027965804244,0.26478176170167955,18992,3.566480695656252,0.8252059306297184,0.17479406937028164,0.26479570345408593
223,S,0.9791931890515595,0.9791534054742203,0.020806810948440484,302862966,-218530991.0,24612,3.896601335415667,0.9015886543844084,0.09841134561559162,0.12542662116040956,24611,3.8966273478972013,0.9015946731059057,0.09840532689409431,0.12543171752468407
224,K,0.9709579885423297,0.9709182049649905,0.029042011457670273,297789810,-215235702.0,24405,3.807835969411629,0.8810502826079221,0.11894971739207794,0.15320631018233968,24404,3.8078810939899492,0.8810607234522234,0.11893927654777658,0.15317161121127684
225,I,0.970122533418205,0.9700031826861871,0.029877466581795034,297228771,27279431.0,24382,3.253374425570438,0.7527599613281458,0.24724003867185418,0.28902469034533673,24381,3.25343441352382,0.7527738412336105,0.24722615876638954,0.28899552930560685
226,E,0.9431890515595163,0.9431492679821769,0.05681094844048377,280999071,-155681520.0,23707,3.581956101796515,0.828786602450374,0.17121339754962595,0.21242670941072256,23706,3.58196212173627,0.8287879953332778,0.17121200466672215,0.21243567029444022
227,K,0.8117441120305537,0.8117441120305537,0.1882558879694462,208151406,-50945411.0,20404,3.6976303658861123,0.8555511069839952,0.14444889301600483,0.1877082924916683,20403,3.697658605159116,0.8555576409365236,0.14444235906347636,0.187717492525609
228,G,0.9455760661998727,0.9454169318905156,0.054423933800127305,282351966,-19913549.0,23764,3.3562111005790585,0.7765541274389313,0.22344587256106874,0.3468692139370476,23763,3.356288052885085,0.7765719325259982,0.2234280674740018,0.34684172873795394
229,I,0.9871896880967537,0.9871499045194144,0.01281031190324634,307830078,229829994.0,24813,3.159558170573185,0.7310529238815411,0.2689470761184589,0.3452222625236771,24812,3.15953037068338,0.731046491592712,0.26895350840728804,0.34523617604384976
230,D,0.989855187778485,0.9898154042011458,0.010144812221514959,309494760,436402352.0,24880,2.6926465686121692,0.6230197517162406,0.3769802482837594,0.4313102893890675,24879,2.6927060326733363,0.6230335104044606,0.37696648959553936,0.43128743116684753
231,V,0.982176957352005,0.9821371737746658,0.01782304264799491,304711641,209356691.0,24687,3.073541303286827,0.7111504948272234,0.28884950517277663,0.2684813869647993,24686,3.073588956031845,0.7111615206342178,0.2888384793657822,0.26845175403062466
232,D,0.9878262253341821,0.987667091024825,0.012173774665817951,308152725,-65143830.0,24826,3.505087450367913,0.8110008712348237,0.18899912876517633,0.21711109320873279,24825,3.505075966721802,0.810998214169306,0.18900178583069405,0.21711983887210473
233,K,0.9900938892425207,0.9900541056651814,0.009906110757479313,309644055,16823532.0,24886,3.4504628537186477,0.7983619296675442,0.20163807033245584,0.19308044683757936,24885,3.450482966801673,0.7983665833967557,0.2016334166032443,0.1930882057464336
234,L,0.9891788669637174,0.9890992998090389,0.010821133036282623,309047091,387151525.0,24862,2.73539490501317,0.6329107854082564,0.3670892145917436,0.2652642587080685,24861,2.735424598371531,0.6329176558044567,0.3670823441955433,0.26527492860303287
235,F,0.9912476129853597,0.9911680458306811,0.008752387014640357,310341241,-73153410.0,24914,3.598233517212504,0.8325528417441846,0.16744715825581535,0.264790880629365,24913,3.5981845740772305,0.8325415173689986,0.16745848263100138,0.26480150925219764
236,N,0.9967377466581795,0.9967377466581795,0.0032622533418204965,313838931,141562205.0,25054,3.306905481045175,0.7651458812924463,0.23485411870755368,0.24299513051808094,25053,3.3068620828147015,0.7651358398874252,0.23486416011257483,0.24300482976090687
237,I,0.997533418204965,0.9974140674729471,0.0024665817950350094,314264985,162948685.0,25071,3.0880173092523773,0.7144999272212225,0.28550007277877754,0.4137449643013841,25070,3.087954188450402,0.7144853224428481,0.2855146775571519,0.41376146788990825
238,V,0.9980108211330363,0.997971037555697,0.0019891788669637173,314616070,562421987.0,25085,2.0592340197556838,0.4764618879688583,0.5235381120311418,0.5030496312537373,25084,2.059243960781368,0.47646418810561814,0.5235358118943818,0.5030696858555255
239,D,0.9979312539783577,0.9979312539783577,0.002068746021642266,314590986,1515903404.0,25084,0.7466816554925048,0.1727658672470266,0.8272341327529734,0.8939563068091213,25083,0.7467049762463585,0.17277126316138283,0.8272287368386172,0.8939520790973966
240,F,0.9979312539783577,0.9978516868236792,0.002068746021642266,314540821,574200857.0,25082,2.7251201732838606,0.6305334363400329,0.3694665636599671,0.3498126146240332,25081,2.725168405847808,0.6305445963044951,0.3694554036955049,0.3497866911207687
241,A,0.9976527689369828,0.9976129853596435,0.0023472310630171865,314390350,385902224.0,25076,2.57244082310458,0.5952067611091578,0.4047932388908422,0.40349338012442176,25075,2.572362228557539,0.5951885760432994,0.40481142395670056,0.40350947158524425
242,N,0.9968968809675366,0.9968173138128581,0.0031031190324633993,313889040,529091156.0,25056,2.3917764068757843,0.5534049513005881,0.4465950486994119,0.6049648786717752,25055,2.3918429277658695,0.5534203427852737,0.44657965721472626,0.6049491119537018
243,I,0.9974140674729471,0.9973742838956079,0.002585932527052833,314239915,542602424.0,25070,2.3362194406031764,0.540550279715855,0.459449720284145,0.32820103709613085,25069,2.3362213448963587,0.5405507203278089,0.45944927967219107,0.3282141290039491
244,M,0.9960216422660726,0.9960216422660726,0.0039783577339274345,313388130,1132538474.0,25036,1.133602901802336,0.2622910138517424,0.7377089861482575,0.8432656973957501,25035,1.133638358431886,0.2622992177433324,0.7377007822566676,0.8432594367884961
245,T,0.9958625079567155,0.9958227243793762,0.004137492043284532,313262965,420988457.0,25031,2.236511985232053,0.5174801468533781,0.48251985314662194,0.44664615876313374,25030,2.236554880978768,0.5174900719946052,0.48250992800539483,0.4466240511386336
246,Y,0.9946690006365373,0.9946690006365373,0.005330999363462763,312537501,1917527847.0,25002,0.6059205854012446,0.14019682236685524,0.8598031776331447,0.9154467642588593,25001,0.6059397232684264,0.14020125045236745,0.8597987495476326,0.9154433822647094
247,D,0.9942711648631445,0.9942711648631445,0.005728835136855506,312287536,1662077684.0,24992,0.49800988729701046,0.11522863785867532,0.8847713621413247,0.9419814340588989,24991,0.49802636437435865,0.11523245029539024,0.8847675497046098,0.9419791124804929
248,M,0.9902530235518778,0.9902530235518778,0.009746976448122216,309768495,498397444.0,24891,2.4354419202497044,0.5635081997617493,0.43649180023825074,0.32341006789602667,24890,2.435377698283567,0.5634933401979788,0.4365066598020212,0.32342306147047006
249,A,0.9893380012730745,0.9892982176957352,0.010661998726925526,309171411,380315288.0,24867,2.946312364331315,0.681712490269485,0.318287509730515,0.4676881006957011,24866,2.9462841714718455,0.681705967056037,0.31829403294396297,0.46770690903241374
250,G,0.9887810311903247,0.9887810311903247,0.011218968809675366,308848231,945281736.0,24854,1.5977969059583539,0.36969539309283567,0.6303046069071643,0.7729540516617044,24853,1.5978462457942315,0.3697068092558986,0.6302931907441014,0.7729449161067075
251,A,0.9781190324633992,0.9781190324633992,0.02188096753660089,302223405,7774216.0,24586,3.322368111261543,0.7687235970426598,0.2312764029573402,0.22943951842511998,24585,3.322409284541618,0.7687331236426335,0.23126687635736654,0.229448850925361
252,W,0.9525381922342457,0.9524586250795671,0.047461807765754295,286573770,1514862251.0,23941,1.7655435875192516,0.40850832053587527,0.5914916794641247,0.7327179315818053,23940,1.7655985943038823,0.40852104790741484,0.5914789520925852,0.7327067669172932
253,S,0.9561187141947803,0.9560789306174411,0.043881285805219605,288756496,297700401.0,24032,2.8742602394997436,0.6650411983715921,0.33495880162840785,0.3487017310252996,24031,2.8742716186450807,0.6650438312579074,0.33495616874209255,0.3487162415213682
254,T,0.9550047740292807,0.9549649904519414,0.04499522597071929,288084006,-66699680.0,24004,3.6672636182292004,0.8485249031716656,0.15147509682833438,0.1345192467922013,24003,3.6672762819716476,0.8485278332857649,0.15147216671423513,0.13452485106028414
255,T,0.9455362826225334,0.9453373647358371,0.05446371737746658,282304441,-189981970.0,23762,3.889658111580948,0.8999821436599629,0.10001785634003713,0.1483040148135679,23761,3.889704443109285,0.8999928637662024,0.10000713623379764,0.14831025630234418
256,S,0.9627227880331,0.9626034373010821,0.037277211966900065,292711110,315626787.0,24196,2.543697309686685,0.5885561383345917,0.41144386166540825,0.4777649198214581,24195,2.5436491569931605,0.5885449968504052,0.4114550031495948,0.47778466625335814
257,G,0.9661441756842776,0.9660248249522597,0.03385582431572247,294795621,446640183.0,24282,2.4154073054373613,0.5588726263851252,0.44112737361487475,0.583971666254839,24281,2.4154748214547697,0.5588882481205929,0.4411117518794071,0.5839545323503974
258,H,0.9670989815404201,0.9670194143857416,0.032901018459579885,295402971,284597734.0,24307,2.772912336172368,0.6415915015922159,0.3584084984077841,0.4752540420455013,24306,2.772982263366064,0.6416076812213446,0.3583923187786554,0.47523245289229
259,Q,0.9579089751750477,0.95778962444303,0.04209102482495226,289790775,266943007.0,24075,2.80843633080394,0.649810979994366,0.350189020005634,0.3030944963655244,24074,2.8084436719731873,0.6498126785809889,0.3501873214190111,0.303107086483343
260,T,0.9784373010821134,0.9783577339274347,0.021562698917886695,302370936,474108403.0,24592,2.032297829411794,0.470229440377758,0.529770559622242,0.42839134677944046,24591,2.032262702956449,0.47022131288128555,0.5297786871187145,0.42840876743524053
261,A,0.9718332272437937,0.9717934436664545,0.02816677275620624,298326951,350301743.0,24427,2.2535541492360216,0.521423332308992,0.47857666769100804,0.5026814590412249,24426,2.2535302279233687,0.5214177974384139,0.4785822025615861,0.5027020388111029
262,L,0.9762492043284532,0.9761298535964353,0.023750795671546785,300995380,720506092.0,24536,1.5933618439816941,0.36866921637742334,0.6313307836225767,0.7632865992826867,24535,1.5934109024489462,0.3686805674379165,0.6313194325620834,0.7632769512940697
263,Y,0.9405633354551242,0.9404439847231063,0.059436664544875874,279389341,423754476.0,23639,2.8524273728562175,0.6599895486994577,0.3400104513005423,0.485384322517873,23638,2.852503927320859,0.6600072617346958,0.3399927382653042,0.4853625518233353
264,T,0.9327259707192871,0.9326464035646085,0.06727402928071292,274775403,-112082843.0,23443,3.673006990092027,0.8498537942907984,0.15014620570920156,0.1592372989805059,23442,3.67296342465118,0.8498437141969398,0.15015628580306017,0.15924409180104088
265,N,0.9197963080840229,0.9194382558879695,0.08020369191597708,267047605,-150526484.0,23111,3.770474705403717,0.8724057001003813,0.12759429989961868,0.16905369737354506,23110,3.7704745580418364,0.8724056660040528,0.12759433399594722,0.16906101254868022
266,P,0.8791772756206238,0.8791374920432845,0.12082272437937619,244149753,-56161437.0,22098,3.569402244371403,0.8258819133510892,0.17411808664891082,0.24680966603312518,22097,3.569472424641209,0.825898151536516,0.17410184846348398,0.2467755803955288
267,N,0.8169159770846595,0.8168364099299809,0.18308402291534054,210771246,-88868271.0,20532,3.8227032747363507,0.8844902531484568,0.11550974685154325,0.17494642509253847,20531,3.8227367502209253,0.8844979986462622,0.11550200135373778,0.1749549461789489
268,A,0.7651575429662635,0.7650381922342457,0.23484245703373646,184886835,21399316.0,19230,3.381036862736617,0.7822982679272764,0.21770173207272359,0.36671866874674985,19229,3.381011794553558,0.782292467695873,0.21770753230412698,0.36673773987206826
269,P,0.7049649904519414,0.704766072565245,0.29503500954805856,156901755,-7064699.0,17715,3.441928919061375,0.7963873631153222,0.2036126368846778,0.33971210838272653,17714,3.442035288843136,0.7964119747653603,0.2035880252346397,0.3396748334650559
270,E,0.6701543602800764,0.6701145767027371,0.3298456397199236,141851746,-81523044.0,16844,3.8743524094185178,0.8964407376424643,0.10355926235753565,0.15572310615055807,16843,3.874408337227989,0.8964536781190857,0.10354632188091428,0.15573235171881494
271,E,0.4896164863144494,0.4895767027371101,0.5103835136855506,75712665,-60524853.0,12306,3.92895401542659,0.9090743596762652,0.09092564032373485,0.12197302129042743,12305,3.928916463657442,0.9090656710150188,0.09093432898498122,0.12198293376676148
272,Y,0.4994032463399109,0.4994032463399109,0.5005967536600892,78782628,-45044947.0,12553,3.934959087282756,0.9104638024722408,0.08953619752775921,0.14633952043336254,12552,3.934934473555102,0.910458107391917,0.08954189260808298,0.14635117909496495
273,K,0.7004296626352642,0.7003103119032463,0.2995703373647358,154924003,-78357409.0,17603,3.9033711561418047,0.903155043407434,0.09684495659256598,0.12157018689996023,17602,3.9033778517570594,0.9031565926269277,0.09684340737307229,0.1215770935121009
274,G,0.8193029917250159,0.8192632081476766,0.18069700827498408,212025528,-159843096.0,20593,3.993532215708603,0.9240163482665904,0.0759836517334096,0.11601029476035546,20592,3.9935692553271975,0.924024918427357,0.07597508157264299,0.11601592851592851
275,L,0.9141868236791852,0.914147040101846,0.08581317632081477,263982753,-58458002.0,22978,3.515221938417639,0.8133457709710583,0.1866542290289417,0.22195143180433458,22977,3.5152804067904686,0.8133592992786899,0.18664070072131012,0.2219175697436567
276,S,0.9645528325907066,0.964473265436028,0.03544716740929344,293849403,434925553.0,24243,2.43732587456126,0.5639441057440316,0.43605589425596836,0.3997442560739182,24242,2.4373587735270577,0.5639517178479527,0.4360482821520473,0.3997607458130517
277,V,0.9674570337364736,0.9673376830044558,0.032542966263526416,295597455,161433907.0,24315,2.928727357731757,0.6776437028640767,0.3223562971359233,0.2761669751182398,24314,2.9287714583449618,0.6776539067851592,0.32234609321484076,0.2761372049025253
278,D,0.9860359643539147,0.9859166136218969,0.013964035646085296,307061371,240467427.0,24782,3.0668899244440895,0.7096115106755422,0.2903884893244578,0.3887902509886208,24781,3.066958683094311,0.7096274199291698,0.2903725800708302,0.3887655865380735
279,E,0.9931970082749841,0.9930776575429663,0.006802991725015913,311538241,-194711658.0,24962,3.8473276267957326,0.8901877917281733,0.1098122082718267,0.12951686563576637,24961,3.8473298900986697,0.8901883154071628,0.10981168459283719,0.1295220544048716
280,S,0.9957829408020369,0.9957829408020369,0.004217059197963081,313237935,300736614.0,25030,2.4833034480556346,0.5745823145445815,0.42541768545541847,0.4532560926887735,25029,2.483293160747601,0.5745799342856306,0.4254200657143694,0.4532742019257661
281,V,0.9957431572246976,0.9957431572246976,0.004256842775302356,313212906,533970003.0,25029,2.527823016102671,0.584883172649949,0.41511682735005095,0.36425746134484,25028,2.5278658003100536,0.5848930719834048,0.4151069280165952,0.36423206009269615
282,K,0.9960216422660726,0.9959818586887333,0.0039783577339274345,313363095,98850436.0,25035,3.505899033107432,0.8111886537989249,0.1888113462010751,0.15214699420810865,25034,3.5059305158633918,0.8111959382227443,0.18880406177725573,0.15215307182232166
283,Y,0.996379694462126,0.9963399108847868,0.0036203055378739657,313588446,-58316829.0,25044,3.496466372350048,0.8090061416075393,0.19099385839246075,0.3075387318319757,25043,3.4965380587109722,0.8090227282696378,0.19097727173036216,0.30751108094078183
284,Y,0.9967775302355187,0.9967377466581795,0.003222469764481222,313838931,616043311.0,25054,2.447782497022558,0.566363540364813,0.43363645963518704,0.3587051967749661,25053,2.4477986545650965,0.5663672788681345,0.43363272113186546,0.35871951462898655
285,I,0.9963399108847868,0.9963001273074474,0.00366008911521324,313563403,-30451136.0,25043,3.2383884331523953,0.7492925291800334,0.2507074708199666,0.2893822625084854,25042,3.2384160351248013,0.7492989156750883,0.25070108432491167,0.289393818385113
286,S,0.991725015913431,0.991725015913431,0.008274984086569064,310690128,26510476.0,24928,3.477761226928297,0.8046781784829611,0.19532182151703892,0.13932124518613606,24927,3.4777866639893302,0.804684064064691,0.19531593593530905,0.13928671721426567
287,Q,0.9357893061744113,0.9357495225970719,0.06421069382558879,276606960,-60495228.0,23521,3.441010663923861,0.7961748988823796,0.20382510111762042,0.25351813273245183,23520,3.441025102825495,0.7961782397296395,0.20382176027036047,0.25352891156462587
288,G,0.994191597708466,0.994191597708466,0.0058084022915340545,312237555,1111031550.0,24990,1.3894450727072867,0.3214873182066436,0.6785126817933564,0.8080832332933173,24989,1.3894883723199836,0.32149733679365994,0.67850266320634,0.8080755532434271
289,A,0.9969366645448758,0.9969366645448758,0.003063335455124125,313964211,273392487.0,25059,2.75167886919622,0.6366785399440881,0.3633214600559119,0.3669340356758051,25058,2.7516974019402363,0.6366828280172835,0.3633171719827165,0.3669486790645702
290,E,0.99725493316359,0.9971355824315723,0.00274506683640993,314089516,722647929.0,25064,2.1434933322119,0.4959576571270475,0.5040423428729526,0.6346552824768592,25063,2.1433627085906943,0.49592743366697645,0.5040725663330236,0.6346806048757132
291,R,0.9977323360916613,0.9974538510502864,0.002267663908338638,314290056,129437809.0,25072,2.7385368441611586,0.6336377616741747,0.36636223832582526,0.34692086790044674,25071,2.7384968711118853,0.6336285127814593,0.36637148721854074,0.3469347054365602
292,E,0.9982097390197326,0.997971037555697,0.0017902609802673457,314616070,166798985.0,25085,3.2429084539675577,0.7503383635196906,0.24966163648030937,0.2035479370141519,25084,3.2429449239587793,0.7503468018810934,0.24965319811890663,0.2035560516664009
293,K,0.9980506047103755,0.9978914704010184,0.001949395289624443,314565903,1168044407.0,25083,1.0845525978851418,0.2509418421764389,0.7490581578235611,0.8260973567755053,25082,1.0845848493110344,0.25094930445373376,0.7490506955462662,0.8260904234112112
294,I,0.9980506047103755,0.99781190324634,0.001949395289624443,314515740,791625170.0,25081,1.7542274806916374,0.405890019958177,0.594109980041823,0.49065029305051633,25080,1.7542352346199286,0.40589181404825,0.5941081859517501,0.49066985645933014
295,V,0.9978914704010184,0.9977721196690006,0.0021085295989815406,314490660,200960924.0,25080,2.562022771417111,0.5927962509251052,0.40720374907489476,0.4322567783094099,25079,2.562076678888906,0.592808723939605,0.40719127606039496,0.43223414011722955
296,V,0.99781190324634,0.9977721196690006,0.0021880967536600892,314490660,673384509.0,25080,2.100126990098242,0.48592363037751446,0.5140763696224855,0.475518341307815,25079,2.1001065262162544,0.4859188954810658,0.5140811045189342,0.4755373021252841
297,G,0.9977721196690006,0.9976129853596435,0.0022278803309993636,314390350,1699578732.0,25076,0.37750597054899876,0.087346656922768,0.912653343077232,0.9583266868719094,25075,0.3775185764979188,0.0873495736647043,0.9126504263352957,0.9583250249252243
298,A,0.9975732017823042,0.9973345003182686,0.002426798217695735,314214846,417142868.0,25069,2.754333988354634,0.6372928766706881,0.3627071233293119,0.23714547847939688,25068,2.7542726845983014,0.6372786923170879,0.3627213076829121,0.2371549385670975
299,A,0.9975732017823042,0.9973742838956079,0.002426798217695735,314239915,631598986.0,25070,1.714613769373178,0.3967242702166853,0.6032757297833147,0.5779816513761468,25069,1.714599698599291,0.3967210145461656,0.6032789854538344,0.5780047070086561
300,Y,0.9974538510502864,0.99725493316359,0.002546148949713558,314164711,136667233.0,25067,2.896823569854666,0.6702618614320474,0.32973813856795264,0.353652212071648,25066,2.8967958855484666,0.6702554558867464,0.3297445441132536,0.3536663209127902
301,Y,0.9972947167409294,0.9971355824315723,0.0027052832590706557,314089516,1879296678.0,25064,0.7107806138869246,0.1644591483897533,0.8355408516102467,0.905322374720715,25063,0.7108032480935099,0.16446438545202932,0.8355356145479707,0.9053185971352192
302,T,0.9952259707192871,0.9951861871419478,0.004774029280712922,312862605,1154644456.0,25015,1.1522374990769257,0.26660265367208874,0.7333973463279113,0.8117529482310614,25014,1.1521073518195564,0.26657254043223094,0.733427459567769,0.8117854001759015
303,R,0.9945496499045194,0.9943905155951623,0.005450350095480586,312362515,721648697.0,24995,1.8335588856853724,0.42424557869308055,0.5757544213069195,0.6961792358471695,24994,1.8336113413539634,0.42425771579194926,0.5757422842080507,0.6961670800992238
304,G,0.981142584341184,0.981142584341184,0.018857415658816042,304094791,152580314.0,24662,2.8736394431882157,0.6648975596302946,0.3351024403697054,0.29393398751115074,24661,2.8736798343335574,0.6649069052613312,0.3350930947386688,0.29394590649203195
305,W,0.9903325907065563,0.9902928071292171,0.009667409293443667,309793386,992478027.0,24892,1.9583970631753174,0.4531304131348249,0.5468695868651752,0.4652498794793508,24891,1.9584159517882678,0.4531347835483384,0.5468652164516616,0.4652685709694267
306,E,0.9848424570337365,0.9848026734563972,0.015157542966263527,306367881,42684530.0,24754,3.3865991466329333,0.7835852592362933,0.2164147407637067,0.3277450109073281,24753,3.3865804219676603,0.7835809267567004,0.21641907324329956,0.32775825152506766
307,Q,0.9638765117759389,0.9638765117759389,0.036123488224061105,293485878,-144750946.0,24228,3.022447505932662,0.6993285032918699,0.3006714967081301,0.3558692421991085,24227,3.0223341666371724,0.6993022790481987,0.30069772095180125,0.35588393115119493
308,V,0.9672581158497772,0.9672183322724379,0.03274188415022279,295524516,23092540.0,24312,3.200112847181623,0.7404363924904733,0.2595636075095267,0.2956153339914446,24311,3.200172155114501,0.7404501150540089,0.25954988494599107,0.29558636008391265
309,S,0.95778962444303,0.9576702737110121,0.04221037555697008,289718556,55748766.0,24072,3.473339080600272,0.8036549901672516,0.19634500983274839,0.1792123629112662,24071,3.4733739446158034,0.8036630569408688,0.19633694305913119,0.1792198080677994
310,D,0.17126830044557606,0.17126830044557606,0.8287316995544239,9264360,-14884.0,4305,3.440069007877369,0.795957020188931,0.204042979811069,0.23623693379790942,4304,3.4403844896386686,0.7960300157951451,0.2039699842048549,0.23605947955390336
311,K,0.5558163590070019,0.5556970082749841,0.44418364099299806,97545528,-22755489.0,13968,3.553374523560734,0.8221734479488931,0.17782655205110687,0.1638745704467354,13967,3.553318475278316,0.8221604795974565,0.17783952040254347,0.1638863034295124
312,G,0.43185073201782304,0.43185073201782304,0.5681492679821769,58910085,7089741.0,10855,3.30005399413098,0.7635605964927524,0.23643940350724757,0.328327959465684,10854,3.3002099852446687,0.7635966894379066,0.2364033105620934,0.32826607702229593
313,T,0.4327259707192871,0.43264640356460854,0.5672740292807129,59127375,-35191244.0,10875,3.861573638937162,0.8934840085621095,0.10651599143789048,0.14372413793103447,10874,3.861660383618785,0.8935040793915445,0.10649592060845547,0.14373735515909508
314,D,0.401535646085296,0.401535646085296,0.598464353914704,50929278,18393889.0,10093,3.3823365936277208,0.7825989973384485,0.2174010026615515,0.2689983156643218,10092,3.382405609721385,0.7826149661588797,0.2173850338411203,0.26902497027348393
315,P,0.3339035646085296,0.3338637810311903,0.6660964353914705,35208636,-12711458.0,8392,3.4671099641672574,0.8022137083374166,0.19778629166258344,0.2274785510009533,8391,3.467246359589889,0.8022452672665883,0.1977547327334117,0.22750566082707663
316,N,0.460415340547422,0.46021642266072565,0.5395846594525779,66903528,-19120439.0,11568,3.806794405415515,0.8808092873916097,0.11919071260839031,0.17401452282157676,11567,3.806870917629211,0.8808269906508995,0.11917300934910047,0.17402956687127172
317,N,0.5203294080203692,0.5203294080203692,0.4796705919796308,85523581,-13720736.0,13079,3.7043255205241814,0.8571002199009798,0.14289978009902016,0.22937533450569617,13078,3.7044463281680224,0.8571281721577478,0.14287182784225216,0.22931640923688637
318,P,0.5761855506047103,0.5761457670273711,0.4238144493952896,104856921,-12888038.0,14482,3.432626055935875,0.7942348832680742,0.20576511673192577,0.22400220963955256,14481,3.4327140359337545,0.7942552399227774,0.20574476007722264,0.22394862233271182
319,G,0.8166772756206238,0.8166772756206238,0.1833227243793762,210689128,463335295.0,20528,2.0878711036985518,0.48308788528166513,0.5169121147183349,0.6791212003117693,20527,2.0879456199685857,0.4831051267230769,0.5168948732769231,0.6791055682759293
320,L,0.798297262889879,0.7981779121578613,0.20170273711012093,201251953,27145720.0,20063,3.1730525949098296,0.7341752396721735,0.26582476032782654,0.3656482081443453,20062,3.173138404819738,0.7341950942157995,0.26580490578420046,0.36561658857541623
321,F,0.46037555697008276,0.46037555697008276,0.5396244430299173,66949806,798773.0,11572,3.4760486416461367,0.8042819235604911,0.1957180764395089,0.24628413411683373,11571,3.4761198909794073,0.804298409103912,0.19570159089608796,0.24630541871921183
322,G,0.45997772119669,0.45993793761935076,0.54002227880331,66822580,953021.0,11561,3.2311835429828335,0.7476254745665879,0.2523745254334121,0.3235879249199896,11560,3.231257770097563,0.747642649103762,0.252357350896238,0.3236159169550173
323,E,0.4369032463399109,0.4369032463399109,0.5630967536600892,60296671,-13520229.0,10982,3.5384383898994995,0.8187175520308414,0.1812824479691586,0.2493170642870151,10981,3.538313572307883,0.8186886719595222,0.18131132804047778,0.249339768691376
324,A,0.39755728835136855,0.3975175047740293,0.6024427116486314,49915036,6280978.0,9992,3.222045399751452,0.7455111073141129,0.25448889268588715,0.4155324259407526,9991,3.2222410735391125,0.7455563819654639,0.2544436180345361,0.4154739265338805
325,A,0.23066518141311268,0.2306253978357734,0.7693348185868873,16799706,-4213353.0,5797,3.64783500900348,0.8440295462848392,0.15597045371516083,0.19027082973952045,5796,3.648016946618907,0.8440716426852032,0.15592835731479682,0.19030365769496205
326,V,0.1508991088478676,0.1508991088478676,0.8491008911521324,7191528,-5635257.0,3793,3.833887661287371,0.8870780765239198,0.11292192347608021,0.1790139731083575,3792,3.83370947837572,0.8870368488802065,0.11296315111979349,0.17906118143459915
327,V,0.1260741565881604,0.1260741565881604,0.8739258434118395,5019696,-2822211.0,3169,3.7098733215456727,0.8583838601882984,0.14161613981170162,0.28210792047964656,3168,3.7098683246470285,0.8583827040148188,0.14161729598518125,0.2821969696969697
328,N,0.11720241884150223,0.11716263526416296,0.8827975811584978,4335040,-36539.0,2945,3.524770358576551,0.8155550673659259,0.18444493263407413,0.2604414261460102,2944,3.525308098144033,0.8156794885861952,0.1843205114138048,0.2601902173913043
329,K,0.12058402291534055,0.12058402291534055,0.8794159770846595,4591965,-2188188.0,3031,3.6301176947139537,0.8399301457625387,0.16006985423746134,0.20884196634774002,3030,3.63045446937987,0.8400080680829759,0.1599919319170241,0.2089108910891089
330,D,0.12384627625716105,0.1237667091024825,0.876153723742839,4837605,-1121213.0,3111,3.723657768917046,0.8615732809904815,0.13842671900951853,0.16168434586949534,3110,3.7240094430431605,0.8616546507213964,0.13834534927860365,0.16141479099678457
331,A,0.12420432845321451,0.12416454487587524,0.8757956715467855,4868760,-948319.0,3121,3.5043847063179894,0.8108382715722438,0.18916172842775625,0.30599166933675104,3120,3.504960162900541,0.8109714196880656,0.18902858031193437,0.3057692307692308
332,D,0.13196212603437302,0.13192234245703374,0.868037873965627,5496270,-2915115.0,3316,3.6875111134264023,0.8532097324313549,0.1467902675686451,0.2204463208685163,3315,3.6877143527730967,0.8532567575882368,0.14674324241176318,0.2205128205128205
333,L,0.6427434754933163,0.6425843411839592,0.35725652450668366,130435476,189179264.0,16152,2.4540569318693506,0.5678153078882512,0.4321846921117488,0.6096458642892522,16151,2.453841576748943,0.5677654794052964,0.4322345205947036,0.6096836109219244
334,S,0.7178946530872056,0.7178150859325271,0.2821053469127944,162765903,-23988693.0,18043,3.4358591810543557,0.7949829579809102,0.20501704201908977,0.284597905004711,18042,3.4358597665551796,0.7949830934530446,0.20501690654695537,0.28461367919299413
335,P,0.7480108211330363,0.7479312539783577,0.2519891788669637,176710600,216650146.0,18800,2.657989762108556,0.615000921753611,0.384999078246389,0.5392021276595744,18799,2.658083748760216,0.615022668217133,0.38497733178286697,0.5391776158306293
336,T,0.7602641629535328,0.7601845957988542,0.23973583704646723,182548278,-19762633.0,19108,3.237840202150401,0.7491656804703932,0.2508343195296068,0.33001884027632405,19107,3.237843308754938,0.7491663992709999,0.2508336007290001,0.3300361124195321
337,P,0.7603835136855506,0.7603039465308721,0.2396164863144494,182605605,-61553104.0,19111,3.7338227271906135,0.863925230872663,0.13607476912733696,0.20595468578305687,19110,3.7338016501226443,0.8639203540983377,0.13607964590166233,0.20596546310832026
338,G,0.7489258434118395,0.748846276257161,0.2510741565881604,177143253,503022085.0,18823,1.734004272761137,0.40121081024285954,0.5987891897571405,0.7438240450512671,18822,1.7340737140726072,0.401226877449427,0.598773122550573,0.743810434597811
339,A,0.446928707829408,0.4468889242520687,0.553071292170592,63084528,-34152015.0,11233,3.6596851267328034,0.8467714053507828,0.15322859464921723,0.18071752871005076,11232,3.6597911810682646,0.8467959440134196,0.15320405598658038,0.1806445868945869
340,L,0.3506524506683641,0.35061266709102484,0.6493475493316359,38830078,-30556807.0,8813,3.6604868291687835,0.8469569018279057,0.15304309817209427,0.21116532395325088,8812,3.6603907333100354,0.8469346673398165,0.15306533266018352,0.21118928733545167
341,N,0.2971037555697008,0.29702418841502226,0.7028962444302992,27866845,-3933995.0,7466,3.603356807202047,0.8337382594274645,0.1662617405725355,0.22877042593088667,7465,3.603554396415503,0.8337839772666135,0.16621602273338654,0.22866711319490957
342,E,0.2595480585614258,0.2595082749840866,0.7404519414385742,21271503,-9803096.0,6523,3.851853800081891,0.8912350496155762,0.1087649503844238,0.14717154683427872,6522,3.8520029293707907,0.8912695548839715,0.10873044511602847,0.14719411223551057
343,A,0.26901654996817315,0.2689369828134946,0.7309834500318269,22845420,5614566.0,6760,3.098208369980852,0.7168579166427795,0.28314208335722046,0.3062130177514793,6759,3.098089607033771,0.7168304374842944,0.2831695625157056,0.3062583222370173
344,P,0.46037555697008276,0.4602959898154042,0.5396244430299173,66926665,9210363.0,11570,3.1335790603987315,0.7250419237898955,0.2749580762101045,0.40190146931719967,11569,3.133736239068092,0.7250782915095589,0.27492170849044106,0.4018497709395799
345,M,0.49192393380012733,0.4918045830681095,0.5080760661998727,76403341,20964048.0,12362,2.9297732707607427,0.6778857043518439,0.3221142956481561,0.4071347678369196,12361,2.929391319922331,0.6777973292493373,0.32220267075066267,0.4071677048782461
346,K,0.5324236155315086,0.5323042647994908,0.4675763844684914,89505510,-47496248.0,13380,3.922066853916157,0.9074808205522386,0.09251917944776145,0.1266068759342302,13379,3.922109228194359,0.9074906250370128,0.09250937496298717,0.12661633903879213
347,N,0.6664942711648632,0.6662953532781668,0.33350572883513685,140239378,-50456321.0,16748,3.530357455717978,0.8168477999192593,0.18315220008074073,0.2581203725818008,16747,3.5303010971415305,0.8168347597725447,0.18316524022745528,0.2581357855138234
348,G,0.7003898790579249,0.7003500954805856,0.2996101209420751,154941606,452309978.0,17604,1.6957775839783276,0.39236598729727884,0.6076340127027211,0.7500568052715292,17603,1.6958503463310832,0.3923828229204448,0.6076171770795552,0.7500426063739135
349,E,0.7291931890515595,0.729113621896881,0.2708068109484405,167930301,-35868615.0,18327,3.6289210412271533,0.8396532662169914,0.16034673378300857,0.2549244284389153,18326,3.6289418063035708,0.839658070803269,0.16034192919673096,0.2549383389719524
350,G,0.7525461489497136,0.752466581795035,0.24745385105028644,178860241,-112765406.0,18914,3.330541605567911,0.7706147655505386,0.22938523444946135,0.2606534841916041,18913,3.3306151337478167,0.7706317783694221,0.2293682216305779,0.2606143922169936
351,G,0.7933243157224698,0.7932845321451305,0.20667568427753025,198791830,223956240.0,19940,2.578837609473394,0.5966868381091387,0.4033131618908613,0.5038615847542628,19939,2.578794743331726,0.5966769198178745,0.4033230801821255,0.5038868549074678
352,R,0.8204567154678549,0.8204169318905156,0.17954328453214513,212623131,-151649524.0,20622,3.769548102366754,0.8721913043453805,0.1278086956546195,0.16943070507225294,20621,3.769600277143248,0.8722033764519377,0.12779662354806232,0.1694389214878037
353,A,0.869191597708466,0.8690324633991089,0.13080840229153406,238569246,73660612.0,21844,3.252107127017583,0.7524667360534463,0.24753326394655373,0.3770371726789965,21843,3.2521074957694864,0.7524668213746027,0.24753317862539725,0.3770544339147553
354,G,0.9182845321451305,0.9182049649904519,0.08171546785486951,266331660,-48416619.0,23080,3.5309787809156896,0.816991561033297,0.18300843896670305,0.23054592720970538,23079,3.5309984401630903,0.8169961097548326,0.1830038902451674,0.23055591663416958
355,G,0.9513844684914068,0.9513446849140674,0.048615531508593254,285903828,931240104.0,23913,1.5096230812983522,0.34929389109554254,0.6507061089044575,0.7940450800819638,23912,1.509672299602024,0.3493052791387009,0.6506947208612991,0.7940364670458347
356,V,0.9596196690006366,0.9595798854232973,0.040380330999363466,290875140,-40898534.0,24120,3.5480639665958336,0.8209447007674714,0.1790552992325286,0.17143449419568824,24119,3.5481021246662245,0.820953529713616,0.17904647028638399,0.17144160205647
357,W,0.9656269891788669,0.9655076384468492,0.03437301082113304,294480046,-32179441.0,24269,3.4035092128708757,0.7874978801468416,0.21250211985315837,0.28831018995426266,24268,3.403544189490525,0.7875059729745985,0.21249402702540154,0.2883220702159222
358,G,0.9735439210693826,0.9735041374920432,0.02645607893061744,299378215,4650139.0,24470,3.34106540514891,0.7730497434932416,0.22695025650675837,0.20543522680833673,24469,3.3410614882022975,0.7730488371971334,0.22695116280286665,0.20544362254280926
359,Y,0.9748965626989179,0.9747772119669,0.025103437301082113,300161751,957255976.0,24502,1.996580520781982,0.4619652333281164,0.5380347666718837,0.6600685658313608,24501,1.9966375491954595,0.46197842846052617,0.5380215715394738,0.660054691645239
360,N,0.970997772119669,0.9709579885423297,0.029002227880331,297814215,-93733262.0,24406,3.5442580270301836,0.8200640892713773,0.1799359107286227,0.2177333442596083,24405,3.5442578716739144,0.8200640533253213,0.17993594667467872,0.2177422659291129
361,A,0.9699236155315086,0.96984404837683,0.030076384468491407,297131253,231433284.0,24378,2.962132938515535,0.6853730264553912,0.3146269735446088,0.4457707769300189,24377,2.962086216337476,0.6853622159613171,0.3146377840386829,0.4457890634614596
362,L,0.9740611075747931,0.9740213239974539,0.025938892425206875,299696403,604369607.0,24483,2.135263304415158,0.49405340800118214,0.5059465919988179,0.44704488828983374,24482,2.1352869239948657,0.4940588730573305,0.5059411269426695,0.4470631484355853
363,D,0.9699236155315086,0.96984404837683,0.030076384468491407,297131253,-138763777.0,24378,3.544625992328114,0.8201492284245172,0.1798507715754828,0.2819755517269669,24377,3.54456372574436,0.8201348212936286,0.17986517870637142,0.28198711900562007
364,K,0.9518220878421387,0.951702737110121,0.048177912157861234,286119081,-28320643.0,23922,3.698884749829286,0.855841344099383,0.14415865590061705,0.16027088036117382,23921,3.6988946716861646,0.8558436398008987,0.14415636019910127,0.16027758036871367
365,L,0.8362507956715468,0.836131444939529,0.16374920432845322,220846636,-159219146.0,21017,3.8402092021452603,0.8885407433520347,0.1114592566479653,0.1681495931864681,21016,3.8402695303039343,0.8885547019735919,0.11144529802640812,0.1681100114198706
366,K,0.8075270528325907,0.8074077021005729,0.1924729471674093,205933365,-4644717.0,20295,3.5001464990796745,0.8098576427544417,0.19014235724555828,0.26986942596698693,20294,3.5001010572718396,0.8098471285101421,0.19015287148985793,0.26988272395782004
367,S,0.7756604073838319,0.7755410566518142,0.22433959261616804,189998271,-97422537.0,19494,3.9126058985210768,0.9052917615981407,0.09470823840185927,0.1528162511542013,19493,3.9126219300899794,0.9052954709539075,0.0947045290460925,0.15282409069922537
368,K,0.6908816040738384,0.6907622533418205,0.3091183959261617,150728203,-14604207.0,17363,3.6870368225181163,0.8530999918484778,0.14690000815152215,0.16016817370270114,17362,3.6870556327950905,0.8531043441367532,0.14689565586324682,0.16017739891717545
369,Y,0.5079169318905156,0.5078373647358371,0.4920830681094844,81466230,-58331874.0,12765,4.041312912056576,0.9350717604111134,0.0649282395888866,0.11132001566784175,12764,4.041243497309232,0.935055699350906,0.06494430064909396,0.11132873707301787
370,T,0.7967457033736474,0.7967457033736474,0.20325429662635264,200530351,-48029198.0,20027,3.6197409914774354,0.8375292027091841,0.16247079729081593,0.15364258251360663,20026,3.6196919299524906,0.8375178509412073,0.16248214905879266,0.1536502546689304
371,G,0.9199156588160408,0.9197963080840229,0.08008434118395927,267255640,206144659.0,23120,2.8764776936245626,0.6655542689447564,0.33444573105524356,0.49173875432525954,23119,2.876557818604381,0.6655728081194163,0.3344271918805837,0.4917167697564774
372,L,0.907622533418205,0.9075827498408657,0.09237746658179503,260205078,-47280270.0,22813,3.4127907865929554,0.789645434089967,0.210354565910033,0.2213211765221584,22812,3.412761801782054,0.7896387276362118,0.2103612723637882,0.2213308784850079
373,K,0.941120305537874,0.9410407383831955,0.058879694462126035,279744031,22173943.0,23654,3.424873489846765,0.7924411083789731,0.20755889162102692,0.3146190919083453,23653,3.4248929968589605,0.792445621876599,0.20755437812340105,0.3146323933539086
374,E,0.9369032463399108,0.9368236791852323,0.06309675366008911,277242378,-155027307.0,23548,3.656829160438453,0.8461105969727515,0.15388940302724852,0.1807372175980975,23547,3.656845448931227,0.8461143657751046,0.15388563422489543,0.18074489319233872
375,Y,0.9460932527052832,0.9459739019732655,0.05390674729471674,282684753,-142906680.0,23778,3.8175078945841916,0.8832881553721644,0.11671184462783557,0.17680208596181343,23777,3.817563308380442,0.8833009769173252,0.11669902308267477,0.17676746435631072
376,W,0.9575509229789942,0.9575509229789942,0.04244907702100573,289646346,296634607.0,24069,3.1455188226576483,0.727804524646916,0.27219547535308397,0.32705970335286055,24068,3.14558252064158,0.72781926297262,0.27218073702738,0.3270317433937178
377,D,0.9626034373010821,0.9625238701464036,0.03739656269891789,292662721,724363144.0,24194,1.9256255430195346,0.44554779735865085,0.5544522026413492,0.6902124493676118,24193,1.925683027604401,0.4455610980391815,0.5544389019608185,0.6901996445252759
378,D,0.977243793761935,0.9772040101845958,0.022756206238064926,301658203,21644287.0,24563,3.5082040839566475,0.8117219923456588,0.18827800765434122,0.17778772951186744,24562,3.5082417402784505,0.8117307051981117,0.18826929480188825,0.1777949678364954
379,S,0.977959898154042,0.9778803309993634,0.022040101845957987,302075910,-134108883.0,24580,3.7594986116931755,0.8698660711501621,0.13013392884983788,0.1677786818551668,24579,3.7594671855870043,0.8698587998338697,0.1301412001661303,0.16778550795394442
380,A,0.9812221514958626,0.9811823679185232,0.018777848504137492,304119453,63623763.0,24663,3.210606009556066,0.7428642816510672,0.2571357183489328,0.33410371812026113,24662,3.2106720591731097,0.7428795640934387,0.2571204359065613,0.33407671721677074
381,K,0.9843252705283259,0.9842854869509866,0.015674729471674094,306046170,-141594910.0,24741,3.602559235534431,0.8335537187201446,0.1664462812798554,0.2084798512590437,24740,3.6026134161487176,0.833566254933866,0.16643374506613395,0.20844785772029104
382,A,0.9820576066199873,0.9818586887332909,0.01794239338001273,304538860,108071857.0,24680,2.7943161125335307,0.6465438691215328,0.35345613087846717,0.27451377633711505,24679,2.7943537635453555,0.6465525807453725,0.3534474192546275,0.2744843794319057
383,P,0.9822167409293444,0.982176957352005,0.017783259070655633,304736328,294250625.0,24688,2.7696475150700364,0.6408360931192721,0.35916390688072786,0.48412184057031754,24687,2.769717311256889,0.6408522424362715,0.3591477575637285,0.48410094381658364
384,Y,0.9805856142584342,0.9804662635264163,0.01941438574156588,303675690,1044570754.0,24645,1.9795425601999401,0.4580230204527571,0.5419769795472429,0.6174883343477379,24644,1.9795946624647787,0.45803507578169705,0.5419649242183029,0.617472812855056
385,L,0.97971037555697,0.9796705919796308,0.020289624443029917,303183000,24516642.0,24625,3.1733063750234987,0.7342339588614097,0.26576604113859026,0.2617258883248731,24624,3.1733562039256924,0.734245488183763,0.265754511816237,0.26173651721897334
386,Y,0.9797899427116487,0.9796705919796308,0.020210057288351367,303183000,466317407.0,24625,2.7855560605006198,0.6445169839349714,0.35548301606502863,0.4379695431472081,24624,2.7856208111877434,0.6445319658332589,0.3554680341667411,0.437946718648473
387,N,0.9613303628262253,0.9612905792488861,0.03866963717377467,291913203,59012122.0,24163,3.332295805210179,0.7710206491292921,0.22897935087070787,0.25940487522244754,24162,3.3323531468237677,0.7710339167293839,0.22896608327061607,0.25937422398808047
388,S,0.9220241884150223,0.9218650541056652,0.07797581158497773,268459206,16926436.0,23172,3.2404122023244066,0.7497607852749012,0.2502392147250988,0.3382530640428103,23171,3.240383669510494,0.7497541834034017,0.2502458165965983,0.3382676621639118
389,E,0.5189767663908339,0.5188971992361553,0.48102323360916616,85053403,5161329.0,13043,3.550034361378366,0.821400607191473,0.178599392808527,0.16391934370926933,13042,3.5500685303175867,0.8214085131395755,0.17859148686042448,0.16393191228339213
390,T,0.5502466581795035,0.550167091024825,0.4497533418204965,95613706,2258708.0,13829,3.4277194200375507,0.7930995946212944,0.20690040537870558,0.2059440306602068,13828,3.4278024286061433,0.7931188009955723,0.2068811990044277,0.20588660688458202
391,G,0.9606540420114577,0.9606142584341184,0.03934595798854233,291502585,32886120.0,24146,3.39113157292933,0.7846339639340318,0.21536603606596816,0.17766917916010933,24145,3.3911571909472835,0.7846398913852507,0.2153601086147493,0.1776765375854214
392,A,0.979113621896881,0.9788749204328453,0.02088637810311903,302690710,-14569606.0,24605,3.449876024925014,0.7982261502698426,0.20177384973015744,0.2792521845153424,24604,3.449753263773455,0.7981977460139493,0.20180225398605067,0.2792635343846529
393,F,0.9870305537873966,0.9868316359007002,0.012969446212603437,307631610,899800461.0,24805,2.2289129363607385,0.5157218925038196,0.4842781074961804,0.49260229792380567,24804,2.2289215464188716,0.5157238846836857,0.4842761153163143,0.49262215771649737
394,F,0.9919239338001273,0.9918443666454487,0.008076066199872693,310764915,425744173.0,24931,2.388858445923781,0.5527297987094436,0.4472702012905564,0.3986201917291725,24930,2.388723779608369,0.5526986398580108,0.4473013601419892,0.39863618130766143
395,T,0.9914863144493953,0.991446530872056,0.008513685550604711,310515660,372313516.0,24921,2.1650959651699373,0.5009560357404242,0.49904396425957576,0.458528951486698,24920,2.1650858102172235,0.5009536861056106,0.49904631389438936,0.45854735152487963
396,Y,0.9917647994907702,0.991725015913431,0.00823520050922979,310690128,1245787760.0,24928,1.6269841274162788,0.3764486802408685,0.6235513197591315,0.6459804236200257,24927,1.6270241053766523,0.3764579302699055,0.6235420697300945,0.6459662213663898
397,D,0.9905315085932527,0.9904917250159134,0.009468491406747295,309917856,1171725722.0,24897,1.2540903580338825,0.29016918618276233,0.7098308138172377,0.7336626902839699,24896,1.2541227836711317,0.2901766887687696,0.7098233112312304,0.7336519922879178
398,N,0.9919239338001273,0.9918443666454487,0.008076066199872693,310764915,652101011.0,24931,1.9251029762356158,0.4454268867899311,0.5545731132100689,0.5369219044562994,24930,1.9250855226827757,0.4454228484180616,0.5545771515819384,0.5369434416365825
399,I,0.9931174411203055,0.9930776575429663,0.006882558879694462,311538241,3241933.0,24962,3.2075280723782074,0.7421521140466363,0.2578478859533637,0.3099911866036375,24961,3.2074617330424515,0.7421367645696669,0.25786323543033307,0.31000360562477464
400,R,0.9944700827498408,0.9944302991725016,0.005529917250159134,312387510,58114164.0,24996,3.5062021754357913,0.8112587943291938,0.1887412056708062,0.21451432229156664,24995,3.5062308691681907,0.8112654334337253,0.18873456656627474,0.2145229045809162
401,S,0.9935152768936982,0.993475493316359,0.006484723106301719,311787906,447371373.0,24972,2.147557061651905,0.4968979155836405,0.5031020844163595,0.5688771423994874,24971,2.1476104725761354,0.4969102737078521,0.5030897262921479,0.5688598774578512
402,I,0.9933959261616805,0.9933561425843411,0.006604073838319542,311712996,339989852.0,24969,2.8023540062109027,0.6484036625981713,0.3515963374018287,0.3145099923905643,24968,2.802399403070697,0.6484141664424736,0.3515858335575264,0.3144825376481897
403,Q,0.993037873965627,0.993037873965627,0.00696212603437301,311513280,-30062801.0,24961,3.5271631141633817,0.8161086988781349,0.18389130112186514,0.18456792596450464,24960,3.5271626970673333,0.8161086023711964,0.18389139762880358,0.18457532051282052
404,E,0.9932367918523234,0.9932367918523234,0.006763208147676639,311638095,-192068004.0,24966,3.864029699562066,0.8940522874809118,0.10594771251908819,0.1864936313386205,24965,3.864043671455619,0.8940555202726765,0.10594447972732346,0.18650110154215901
405,K,0.9947087842138765,0.9946690006365373,0.0052912157861234885,312537501,1400965584.0,25002,0.4894995633070358,0.11325953430046436,0.8867404656995357,0.9245660347172227,25001,0.4895146165240446,0.11326301728691815,0.8867369827130819,0.9245630174793008
406,A,0.9931970082749841,0.9931970082749841,0.006802991725015913,311613130,36654473.0,24965,3.167645351826405,0.7329241214294103,0.2670758785705897,0.2880833166433006,24964,3.167700316253686,0.7329368390003819,0.26706316099961813,0.288054798910431
407,K,0.9916852323360916,0.9915260980267345,0.008314767663908339,310565503,98589336.0,24923,3.409155418690235,0.7888042891604572,0.2111957108395428,0.18862095253380412,24922,3.4091639488784287,0.7888062628601593,0.2111937371398407,0.18862852098547467
408,Y,0.9920830681094844,0.9920830681094844,0.007916931890515596,310914516,946491160.0,24937,2.1200067706019174,0.4905233784684631,0.5094766215315369,0.5340257448770903,24936,2.120055493842561,0.49053465196482254,0.5094653480351774,0.5340070580686558
409,V,0.9914067472947168,0.9913669637173774,0.00859325270528326,310465821,330991933.0,24919,2.463469714865754,0.5699932207988195,0.43000677920118047,0.2962799470283719,24918,2.463494068256908,0.5699988556429492,0.43000114435705084,0.29629183722610164
410,K,0.9921626352641629,0.9920830681094844,0.007837364735837047,310914516,151093776.0,24937,3.1032919031730946,0.7180341354693389,0.2819658645306611,0.39479488310542565,24936,3.103362581018532,0.7180504887829263,0.2819495112170737,0.39477061276868786
411,E,0.9908497772119669,0.9907702100572884,0.0091502227880331,310092156,99228798.0,24904,3.430827774956177,0.7938188002282325,0.20618119977176752,0.16467234179248313,24903,3.430855992767816,0.7938253292150689,0.20617467078493112,0.16467895434285026
412,N,0.9916852323360916,0.9916056651814131,0.008314767663908339,310615350,50753491.0,24925,3.374003758105265,0.7806709607447084,0.21932903925529157,0.23229689067201606,24924,3.37403715123728,0.7806786871879259,0.21932131281207412,0.23230621088107847
413,N,0.986513367281986,0.986513367281986,0.013486632718014004,307433206,319472969.0,24797,2.485652757620344,0.5751258935938232,0.42487410640617684,0.5000604911884502,24796,2.485651940353896,0.5751257044961727,0.42487429550382727,0.5000806581706727
414,L,0.9880649267982177,0.9879853596435392,0.011935073201782304,308351361,723886352.0,24834,1.5362982958997007,0.3554659545856557,0.6445340454143442,0.7169203511315132,24833,1.5363408268696905,0.3554757953254959,0.6445242046745041,0.7169089517980107
415,G,0.9924411203055379,0.9920432845321451,0.007558879694462126,310889580,694383809.0,24936,1.696109768919414,0.392442847655386,0.6075571523446139,0.6671880012832853,24935,1.6961543753195365,0.3924531686045419,0.6075468313954582,0.6671746541006617
416,G,0.9925206874602164,0.9924809038828771,0.007479312539783577,311163931,1824329676.0,24947,0.11193640512690596,0.025899645405790404,0.9741003545942096,0.9904998597025695,24946,0.11194034021885128,0.025900555900333334,0.9740994440996666,0.9904994788743686
417,I,0.9921626352641629,0.9921228516868237,0.007837364735837047,310939453,99414303.0,24938,3.000912576275911,0.6943457897473697,0.3056542102526303,0.2802951319271794,24937,3.000916181123714,0.6943466238306131,0.3056533761693869,0.28030637205758513
418,I,0.9918045830681095,0.9917647994907702,0.008195416931890515,310715056,407910105.0,24929,2.342505907957044,0.54200483129928,0.45799516870072,0.5253720566408601,24928,2.342415211117039,0.5419838460265005,0.4580161539734995,0.5253931322207959
419,G,0.9913271801400382,0.9913271801400382,0.008672819859961808,310440903,96380524.0,24918,3.1609195599087676,0.731367919713423,0.26863208028657704,0.23745886507745406,24917,3.1607436454893265,0.7313272169493836,0.26867278305061637,0.23746839507163783
420,W,0.9904121578612349,0.9904121578612349,0.009587842138765118,309868065,2753962762.0,24895,0.7473751725674453,0.17292633198862215,0.8270736680113778,0.897931311508335,24894,0.7473989553613777,0.17293183480898616,0.8270681651910139,0.8979272113762352
421,M,0.9883434118395926,0.9883434118395926,0.011656588160407384,308574903,229134152.0,24843,2.723184783959866,0.6300856294164786,0.3699143705835214,0.3106307611802117,24842,2.7230162250113605,0.6300466285481613,0.3699533714518387,0.31064326543756543
422,A,0.9837683004455761,0.9837683004455761,0.016231699554423933,305724628,399224568.0,24728,2.5523424570859143,0.5905564370923281,0.4094435629076719,0.4333953413134908,24727,2.5522791150079422,0.5905417811155091,0.40945821888449085,0.4334128685242852
423,S,0.9812221514958626,0.9812221514958626,0.018777848504137492,304144116,281767972.0,24664,2.6975475382972367,0.6241537293247216,0.3758462706752784,0.3841631527732728,24663,2.6975755802235533,0.6241602176155263,0.3758397823844737,0.38417872927056723
424,Q,0.9737428389560789,0.9737030553787397,0.02625716104392107,299500575,-194751788.0,24475,3.362215964772577,0.7779435221862946,0.2220564778137054,0.25548518896833505,24474,3.36222442795622,0.7779454803826036,0.22205451961739642,0.255495628013402
425,D,0.9520210057288352,0.9519812221514958,0.047978994271164865,286286556,1473754479.0,23929,0.6011604202381575,0.1390954238570748,0.8609045761429253,0.927326674746124,23928,0.601180994779188,0.139100184357615,0.860899815642385,0.9273236375794048
426,A,0.9119191597708466,0.9119191597708466,0.08808084022915341,262697581,80733868.0,22922,3.1093655958460484,0.7194394556272885,0.2805605443727115,0.42169095192391587,22921,3.1093088689217288,0.7194263302529014,0.28057366974709863,0.4217093495048209
427,T,0.788868555060471,0.7888287714831318,0.21113144493952896,196564878,-139243228.0,19828,3.6569798522219568,0.8461454637683564,0.15385453623164358,0.2825297559007464,19827,3.6569683222878,0.8461427959927934,0.1538572040072066,0.2825440056488627
428,T,0.5948042647994908,0.5946849140674729,0.4051957352005092,111713878,-57962503.0,14948,3.8717117715793834,0.8958297515776433,0.10417024842235667,0.14215948621889216,14947,3.8717340724348603,0.8958349115097355,0.10416508849026451,0.14216899712316852
429,N,0.44084182049649906,0.44080203691915976,0.559158179503501,61377660,54161522.0,11080,2.800558156251811,0.6479881420435336,0.3520118579564664,0.4954873646209386,11079,2.8005325622789745,0.6479822201558311,0.35201777984416893,0.49553208773354995
430,S,0.3552673456397199,0.3552673456397199,0.64473265436028,39867985,58969908.0,8930,2.6980645281377034,0.6242733495102305,0.3757266504897695,0.5387458006718925,8929,2.697953816165083,0.6242477331718302,0.37575226682816976,0.5388061373054094
431,T,0.35848981540420116,0.3584102482495226,0.6415101845957989,40576536,-4530894.0,9009,3.3270036048318685,0.7697961492620752,0.23020385073792482,0.36419136419136416,9008,3.326982019791512,0.7697911549540065,0.23020884504599348,0.36423179396092364
432,K,0.36839592616168043,0.3683561425843412,0.6316040738383195,42859911,-10739924.0,9259,3.4110521712718898,0.7892431563836066,0.21075684361639335,0.35511394319040934,9258,3.4109966486600367,0.7892303096608861,0.21076969033911386,0.35515230071289694
433,R,0.590786123488224,0.5906667727562063,0.40921387651177593,110209281,-10766107.0,14847,3.5699673892626542,0.8260126755662033,0.17398732443379672,0.20300397386677443,14846,3.5699575280647857,0.8260103938998609,0.17398960610013914,0.20301764785127308
434,D,0.7636457670273711,0.7635661998726926,0.2363542329726289,184176028,-85888008.0,19193,3.5655045822453846,0.8249800792528706,0.17501992074712935,0.19486271036315322,19192,3.5655020551120997,0.8249794945292868,0.17502050547071324,0.1948728636932055
435,E,0.805100254614895,0.8050604710375557,0.19489974538510502,204737730,39489110.0,20236,3.1437654306690805,0.7273988279416326,0.2726011720583674,0.30910258944455427,20235,3.1437693967636093,0.7273997456094978,0.2726002543905022,0.30911786508524836
436,L,0.8174729471674093,0.8173933800127308,0.1825270528325907,211058785,576190801.0,20546,1.3031391157325551,0.3015180000967872,0.6984819999032128,0.8029786819818943,20545,1.3031871354012199,0.30152911080191935,0.6984708891980806,0.8029690922365539
437,T,0.8178309993634627,0.8177514322087842,0.18216900063653724,211243735,188874337.0,20555,2.8398566407527195,0.6570809551672403,0.3429190448327597,0.33986864509851616,20554,2.839840047409214,0.6570771158290697,0.3429228841709303,0.33988518050014593
438,T,0.8159611712285169,0.8158816040738384,0.18403882877148314,210278778,61936415.0,20508,3.4217849381289773,0.7917264848012598,0.20827351519874016,0.1954359274429491,20507,3.4217956869173167,0.7917289718366994,0.20827102816330056,0.1954454576486078
439,A,0.814966581795035,0.8148870146403565,0.185033418204965,209766403,117674457.0,20483,2.8601253564907654,0.6617706943977525,0.3382293056022475,0.44456378460186496,20482,2.860207894508862,0.6617897918968975,0.33821020810310254,0.4445366663411776
440,T,0.8070098663271802,0.8069302991725016,0.19299013367281986,205689903,264141729.0,20283,2.6632735985935536,0.6162234863981381,0.38377651360186193,0.28698910417591084,20282,2.663125732692184,0.6161892734500919,0.3838107265499081,0.287003254116951
441,K,0.7974618077657543,0.7973822406110758,0.2025381922342457,200850903,-77016771.0,20043,3.7243463388604585,0.8617326010736238,0.13826739892637618,0.14648505712717658,20042,3.7243938871101143,0.861743602702668,0.13825639729733197,0.14644247081129627
442,E,0.7828214513049013,0.7825827498408657,0.21717854869509867,193464285,36367016.0,19671,3.576441496785747,0.8275106429967007,0.17248935700329926,0.1599816989476895,19670,3.5764888901619174,0.8275216087913946,0.17247839120860542,0.1599389933909507
443,S,0.7565642902609803,0.7564449395289624,0.24343570973901973,180756591,-74899448.0,19014,3.53869873647358,0.8187777905559545,0.18122220944404555,0.22851583044072787,19013,3.538683672755892,0.8187743051398723,0.18122569486012774,0.2285278493662231
444,L,0.7340865690642903,0.7338876511775939,0.26591343093570974,170136681,259789533.0,18447,2.28997547553943,0.5298504337099831,0.4701495662900169,0.5930503604922209,18446,2.29005875512128,0.5298697027908242,0.47013029720917576,0.593028298818172
445,F,0.6231301718650541,0.6230506047103755,0.3768698281349459,122625630,-63382441.0,15661,3.6635998106571375,0.8476771779222805,0.15232282207771952,0.26377625949811634,15660,3.663514868416646,0.8476575241384537,0.15234247586154626,0.2637931034482759
446,G,0.4834102482495226,0.48333068109484406,0.5165897517504774,73793026,-27589732.0,12149,3.6714759892271567,0.8494995540463387,0.1505004459536613,0.2745905012758252,12148,3.6716247110528326,0.8495339650366215,0.15046603496337851,0.2745307869608166
447,K,0.4096117122851687,0.4096117122851687,0.5903882877148313,52998660,-37087365.0,10296,3.9154915476107264,0.9059594379283099,0.09404056207169009,0.1312160062160062,10295,3.915451174174359,0.9059500963947441,0.09404990360525589,0.13122875182127247
448,E,0.34337205601527687,0.3432527052832591,0.6566279439847231,37216878,-24305948.0,8628,3.85382656817402,0.8916915051717115,0.10830849482828853,0.11798794622160408,8627,3.853773899611056,0.8916793188137233,0.10832068118627669,0.11800162281210154
449,D,0.2877148313176321,0.2877148313176321,0.7122851686823679,26147296,-14494844.0,7232,3.7596395972261747,0.8698986921308689,0.1301013078691311,0.1892975663716814,7231,3.759685938587839,0.8699094145123263,0.13009058548767372,0.1893237449868621
450,L,0.22163430935709738,0.22163430935709738,0.7783656906429026,15515235,-14055307.0,5571,3.9500921858464038,0.9139652717774682,0.08603472822253178,0.11739364566505116,5570,3.9502239842039777,0.9139957670459411,0.0860042329540589,0.11741472172351886
451,P,0.2011457670273711,0.2011457670273711,0.7988542329726289,12779040,-2888671.0,5056,3.4822328950589507,0.8057128250648752,0.19428717493512482,0.25276898734177217,5055,3.482529176437163,0.8057813781207585,0.19421862187924155,0.2526211671612265
452,K,0.18197008274984086,0.18197008274984086,0.8180299172501592,10458451,-4602297.0,4574,3.785227517485599,0.8758191793989689,0.12418082060103108,0.1265850459116747,4573,3.785105743382327,0.8757910035245448,0.12420899647545525,0.12661272687513667
453,Y,0.1725811584977721,0.1725811584977721,0.8274188415022279,9406953,1258079.0,4338,3.3617461322308366,0.7778348131723024,0.2221651868276976,0.3863531581373905,4337,3.3612412838397794,0.777718002253663,0.22228199774633695,0.38644224118053955
454,E,0.16725015913430935,0.16725015913430935,0.8327498408656906,8834706,-6333937.0,4204,4.0098952476635805,0.9278023973622092,0.07219760263779085,0.11774500475737393,4203,4.009826394661952,0.9277864662777218,0.07221353372227823,0.11777301927194861
455,I,0.15722469764481223,0.1571053469127944,0.8427753023551878,7795326,-1289807.0,3949,3.436187986232828,0.7950590363355828,0.20494096366441716,0.2648771840972398,3948,3.4363862057138914,0.7951049000049247,0.20489509999507527,0.26494427558257344
456,K,0.15221196690006367,0.15221196690006367,0.8477880330999363,7317225,3352023.0,3826,3.129809366671985,0.7241696987912414,0.2758303012087586,0.41244119184526923,3825,3.129367673215867,0.7240675005486004,0.27593249945139964,0.4125490196078431
457,Y,0.15165499681731381,0.15161521323997454,0.8483450031826862,7259955,-673467.0,3811,3.344465712672858,0.7738365005723263,0.22616349942767366,0.31015481500918396,3810,3.3449001234307865,0.7739370137572732,0.2260629862427268,0.30997375328083987
458,T,0.13983927434754934,0.13983927434754934,0.8601607256524507,6175855,1643291.0,3515,3.21477928728884,0.7438298871958958,0.2561701128041042,0.352773826458037,3514,3.214488651444952,0.7437626403936569,0.2562373596063431,0.3528742174160501
459,E,0.1344684914067473,0.1344684914067473,0.8655315085932527,5710510,-2764903.0,3380,3.8054089986506088,0.8804887344498462,0.11951126555015379,0.15946745562130177,3379,3.805324893464605,0.8804692743421912,0.11953072565780876,0.15951464930452797
460,N,0.11302514322087842,0.11302514322087842,0.8869748567791216,4034220,-443862.0,2841,3.1788240120422433,0.735510619855671,0.264489380144329,0.2734952481520591,2840,3.177865111970669,0.7352887512705113,0.2647112487294887,0.27359154929577467
461,D,0.09062698917886697,0.09058720560152769,0.9093730108211331,2591226,1805064.0,2277,3.014930136185953,0.6975891477122151,0.30241085228778486,0.36934563021519545,2276,3.0156232083862644,0.6977495095195139,0.30225049048048613,0.36906854130052724
462,I,0.08644971355824316,0.08640992998090388,0.9135502864417568,2357706,1680588.0,2172,3.023988804871456,0.6996851262862731,0.3003148737137269,0.2863720073664825,2171,3.024550353929767,0.6998150565039866,0.30018494349601343,0.2860432980193459
463,T,0.08454010184595799,0.08450031826861872,0.915459898154042,2254626,-365560.0,2124,3.6137001628155985,0.8361314865674039,0.16386851343259612,0.19491525423728814,2123,3.6142904666075912,0.8362680700040166,0.1637319299959834,0.19453603391427227
464,C,0.08430140038192234,0.08426161680458306,0.9156985996180776,2241903,-189412.0,2118,3.358901519643303,0.7771766317946671,0.22282336820533288,0.3404154863078376,2117,3.3578083499717426,0.7769236961493811,0.22307630385061894,0.34057628719886635
465,T,0.07932845321451305,0.07928866963717378,0.9206715467854869,1985028,499758.0,1993,3.4010967598805792,0.7869396910846149,0.21306030891538508,0.2107375815353738,1992,3.4013306310867018,0.786993803786397,0.21300619621360295,0.21084337349397592
466,V,0.07773711012094207,0.0776973265436028,0.9222628898790579,1906128,711949.0,1953,3.313106131826657,0.7665805767906934,0.23341942320930664,0.19918074756784435,1952,3.313560952735235,0.7666858124398278,0.2333141875601722,0.1992827868852459
467,T,0.07686187141947803,0.07682208784213876,0.9231381285805219,1863415,-76637.0,1931,3.168189170072566,0.7330499491234906,0.26695005087650936,0.2527187985499741,1930,3.1687176462067184,0.7331722269871084,0.2668277730128916,0.2528497409326425
468,P,0.06954169318905155,0.06950190961171228,0.9304583068109484,1525131,118895.0,1747,3.270201457485814,0.7566533699055077,0.2433466300944923,0.3274184315970235,1746,3.2698787681862505,0.7565787066319689,0.2434212933680311,0.32760595647193586
469,V,0.06472788033099937,0.06464831317632082,0.9352721196690006,1319500,1164402.0,1625,2.740318622760424,0.634050026422719,0.365949973577281,0.4756923076923077,1624,2.7390222549947123,0.6337500751654908,0.36624992483450924,0.47598522167487683
470,K,0.06337523870146404,0.06333545512412476,0.936624761298536,1266436,17226.0,1592,3.1774791495119965,0.735199447966477,0.26480055203352304,0.23115577889447236,1591,3.178147224764191,0.735354026024586,0.264645973975414,0.23067253299811438
471,Q,0.06261935073201783,0.06257956715467855,0.9373806492679821,1236378,-524694.0,1573,3.429501555464687,0.7935119419320339,0.2064880580679661,0.25111252383979654,1572,3.4281508512031102,0.7931994183934831,0.20680058160651693,0.25127226463104324
472,S,0.064966581795035,0.06492679821769573,0.935033418204965,1330896,1566909.0,1632,2.546751543546289,0.5892628215075989,0.4107371784924011,0.5502450980392157,1631,2.545582889949599,0.5889924205265941,0.41100757947340594,0.5505824647455548
473,W,0.018061744112030553,0.018061744112030553,0.9819382558879695,102831,30853.0,454,3.294718798367513,0.762326148430144,0.237673851569856,0.30837004405286345,453,3.298237294113571,0.7631402516888771,0.2368597483111229,0.3068432671081678
474,G,0.01746499045194144,0.01746499045194144,0.9825350095480586,96141,-50482.0,439,3.448669679516672,0.7979470282248069,0.2020529717751931,0.23462414578587698,438,3.450704827118172,0.7984179170403584,0.20158208295964164,0.23515981735159816
475,S,0.01965308720560153,0.01965308720560153,0.9803469127943985,121771,-12310.0,494,3.34725670132495,0.7744822745395965,0.2255177254604035,0.26720647773279355,493,3.348310006195657,0.7747259863384932,0.2252740136615068,0.26774847870182555
476,G,0.05697008274984087,0.05697008274984087,0.9430299172501592,1024596,1162365.0,1432,2.6995814317600852,0.6246243279599129,0.37537567204008715,0.5279329608938548,1431,2.6991132336737023,0.6245159971232808,0.37548400287671924,0.5283018867924528
477,G,0.057447485677912156,0.057447485677912156,0.9425525143220879,1041846,85495.0,1444,3.467621517930509,0.8023320707330929,0.19766792926690713,0.18767313019390583,1443,3.4664999821087057,0.8020725717786494,0.19792742822135057,0.1878031878031878
478,V,0.05732813494589434,0.05732813494589434,0.9426718650541057,1037520,1992970.0,1441,2.3569038551604464,0.5453362025963719,0.45466379740362806,0.6058292852185982,1440,2.354121658370715,0.544692462874505,0.455307537125495,0.60625
479,L,0.05752705283259071,0.05752705283259071,0.9424729471674093,1044735,2924145.0,1446,2.061572223094036,0.47700289727929046,0.5229971027207095,0.6590594744121715,1445,2.0601639811395627,0.47667706077216776,0.5233229392278322,0.6595155709342561
480,K,0.05947644812221515,0.05947644812221515,0.9405235518777848,1116765,638469.0,1495,2.9255158716284573,0.6769006349479078,0.32309936505209225,0.3625418060200669,1494,2.9264937069962396,0.6771268847480697,0.3228731152519303,0.36211512717536815
481,M,0.06253978357733928,0.06253978357733928,0.9374602164226608,1234806,1385335.0,1572,2.8252760331088185,0.653707320223811,0.34629267977618905,0.31743002544529264,1571,2.8245024950677955,0.6535283403740679,0.34647165962593207,0.3176320814767664
482,S,0.06242043284532145,0.06242043284532145,0.9375795671546785,1230096,647760.0,1569,2.991969930800329,0.6922766564163083,0.3077233435836917,0.39451880178457616,1568,2.9916111888999364,0.69219365135641,0.30780634864359,0.3947704081632653
483,I,0.06162476129853597,0.06162476129853597,0.938375238701464,1198926,1736725.0,1549,2.400431205154343,0.5554074830615392,0.4445925169384608,0.41510652033570045,1548,2.4011620372350997,0.5555765816825045,0.44442341831749554,0.41472868217054265
484,T,0.0626591343093571,0.0626591343093571,0.9373408656906429,1239525,1785731.0,1575,2.4274632804953526,0.561662116351942,0.43833788364805804,0.5885714285714285,1574,2.428519463696501,0.561906494133793,0.438093505866207,0.5883100381194409
485,N,0.06253978357733928,0.06253978357733928,0.9374602164226608,1234806,3239567.0,1572,1.838972371602112,0.4254981413914613,0.5745018586085386,0.7290076335877863,1571,1.839852580091378,0.42570180245891576,0.5742981975410842,0.728835136855506
486,N,0.06170432845321451,0.06170432845321451,0.9382956715467855,1202025,1729743.0,1551,2.7720973532355275,0.6414029322965341,0.3585970677034659,0.5209542230818827,1550,2.7732785777032833,0.641676241903224,0.35832375809677597,0.5206451612903226
487,E,0.062261298535964356,0.062261298535964356,0.9377387014640356,1223830,1060771.0,1565,2.727215711480395,0.6310182982235552,0.36898170177644485,0.3047923322683706,1564,2.726729680799856,0.6309058413131511,0.3690941586868489,0.30498721227621484
488,K,0.03775461489497135,0.03775461489497135,0.9622453851050287,449826,-100727.0,949,3.560156984312163,0.823742761598385,0.176257238401615,0.15384615384615385,948,3.5602680320772344,0.8237684556318426,0.17623154436815736,0.1540084388185654
489,L,0.037197644812221514,0.03715786123488224,0.9628023551877785,435711,-83190.0,934,3.45715065128041,0.7999093403173589,0.20009065968264106,0.1873661670235546,933,3.457584114248911,0.8000096342044816,0.19999036579551843,0.18756698821007503
490,D,0.033259070655633355,0.03321928707829408,0.9667409293443666,348195,-56258.0,835,3.500704281962146,0.8099867015611191,0.19001329843888093,0.18562874251497005,834,3.50105892785716,0.8100687588946118,0.18993124110538817,0.18585131894484413
491,E,0.029400063653723742,0.029400063653723742,0.9705999363462763,272691,-154424.0,739,3.520316095145273,0.8145244478522541,0.18547555214774591,0.21109607577807848,738,3.5217128127707755,0.8148476178807315,0.18515238211926854,0.21138211382113822
492,S,0.02717218332272438,0.02717218332272438,0.9728278166772756,232903,79971.0,683,3.1069948958093874,0.7188909272888682,0.28110907271113184,0.3191800878477306,682,3.1091315235353125,0.7193852963942803,0.2806147036057197,0.3181818181818182
493,G,0.027888287714831317,0.027888287714831317,0.9721117122851687,245350,-17900.0,701,3.322327833341899,0.7687142776095828,0.23128572239041723,0.25392296718972895,700,3.323688165460055,0.7690290288243855,0.2309709711756145,0.2542857142857143
494,E,0.027689369828134944,0.027689369828134944,0.972310630171865,241860,-101409.0,696,3.3781466047376645,0.781629525195908,0.218370474804092,0.2988505747126437,695,3.378556617872348,0.7817243933023831,0.21827560669761692,0.2992805755395683
495,V,0.028246339910884787,0.028246339910884787,0.9717536600891152,251695,-17262.0,710,3.2791987963091143,0.7587351580856359,0.24126484191436415,0.30140845070422534,709,3.2813802222365,0.7592398925188547,0.2407601074811453,0.3004231311706629
496,L,0.02697326543602801,0.02697326543602801,0.973026734563972,229503,99711.0,678,3.14402051133219,0.7274578480496745,0.2725421519503255,0.3023598820058997,677,3.146111942796881,0.7279417597249207,0.2720582402750793,0.30132939438700146
497,S,0.02645607893061744,0.02645607893061744,0.9735439210693826,220780,-95636.0,665,3.6067848425229867,0.834531432114672,0.16546856788532804,0.17593984962406015,664,3.6084336999099658,0.8349129417906265,0.16508705820937353,0.1746987951807229
498,T,0.025381922342457033,0.025381922342457033,0.9746180776575429,203203,-62537.0,638,3.727976447379983,0.8625725290964473,0.13742747090355267,0.164576802507837,637,3.7287433193847064,0.8627499665706225,0.13725003342937747,0.16483516483516483
499,V,0.025859325270528324,0.025819541693189053,0.9741406747294716,210276,198207.0,649,2.6786451123683985,0.6197801197889223,0.38021988021107767,0.46841294298921415,648,2.68108837555468,0.6203454376592432,0.3796545623407568,0.4675925925925926
500,E,0.026694780394653086,0.026694780394653086,0.9733052196053469,224785,149516.0,671,3.0447104065811823,0.7044796534636778,0.2955203465363222,0.4187779433681073,670,3.047378277051313,0.7050969405659984,0.29490305943400164,0.417910447761194
501,T,0.025222788033099935,0.025222788033099935,0.9747772119669,200661,-28977.0,634,3.342074377502398,0.7732831977135193,0.22671680228648072,0.32334384858044163,633,3.340440169652471,0.7729050776212715,0.22709492237872853,0.32385466034755134
502,S,0.025103437301082113,0.025103437301082113,0.9748965626989179,198765,-141530.0,631,3.6822037783999297,0.8519817307362896,0.14801826926371042,0.1600633914421553,630,3.68152382729635,0.8518244048649072,0.14817559513509282,0.16031746031746033
503,A,0.024108847867600255,0.024108847867600255,0.9758911521323997,183315,-104709.0,606,3.7218056500556482,0.8611447410377718,0.13885525896222817,0.20957095709570958,605,3.724223521927561,0.8617041839111442,0.13829581608885577,0.20826446280991737
504,K,0.022835773392743477,0.022835773392743477,0.9771642266072565,164451,34141.0,574,3.1198973190133774,0.7218762669152383,0.2781237330847617,0.31881533101045295,573,3.1195071060239177,0.7217859801309855,0.2782140198690145,0.3193717277486911
505,T,0.022756206238064926,0.022756206238064926,0.977243793761935,163306,57855.0,572,3.14457755582751,0.7275867360096521,0.27241326399034793,0.36538461538461536,571,3.1475370483709946,0.7282714981062232,0.27172850189377684,0.36427320490367776
506,V,0.02343252705283259,0.02343252705283259,0.9765674729471674,173166,15824.0,589,3.302502503403,0.7641271281930175,0.23587287180698246,0.19185059422750425,588,3.303854689487773,0.7644399945931718,0.2355600054068282,0.1921768707482993
507,K,0.023551877784850413,0.023551877784850413,0.9764481222151495,174936,-43764.0,592,3.488545672769594,0.8071734642916386,0.1928265357083614,0.32263513513513514,591,3.491682655878395,0.8078992938380652,0.19210070616193475,0.32148900169204736
508,N,0.023989497135582433,0.023989497135582433,0.9760105028644176,181503,-5174.0,603,3.279355861632306,0.7587714995794654,0.24122850042053456,0.33001658374792703,602,3.2787652069516606,0.7586348349548632,0.24136516504513683,0.33056478405315615
509,M,0.02084659452577976,0.02084659452577976,0.9791534054742203,137026,-54791.0,524,3.2917369348700527,0.7616362101822153,0.23836378981778472,0.32061068702290074,523,3.2869701133065523,0.7605332715264012,0.23946672847359884,0.32122370936902483
510,K,0.020647676639083387,0.020647676639083387,0.9793523233609166,134421,5174.0,519,3.5261242948065514,0.8158683387115557,0.18413166128844427,0.21965317919075145,518,3.528700488166717,0.8164644137279848,0.18353558627201516,0.21814671814671815
511,V,0.020090706556333545,0.020090706556333545,0.9799092934436665,127260,-114152.0,505,3.5911584670939454,0.8309158292897368,0.16908417071026316,0.21188118811881188,504,3.5908434357166885,0.8308429378925779,0.1691570621074221,0.2123015873015873
512,Y,0.019732654360280075,0.019732654360280075,0.98026734563972,122760,-31941.0,496,3.4949879786059466,0.8086640735046825,0.1913359264953175,0.2318548387096774,495,3.4977787789679464,0.8093098039057276,0.1906901960942724,0.23030303030303031
513,I,0.021164863144493954,0.021164863144493954,0.978835136855506,141246,-37826.0,532,3.297764206068904,0.7630307894224349,0.23696921057756515,0.25,531,3.3002005218180264,0.7635944998071598,0.23640550019284023,0.24858757062146894
514,K,0.020727243793761934,0.020727243793761934,0.9792727562062381,135460,-63062.0,521,3.7113257422119568,0.8587199186868195,0.14128008131318048,0.14395393474088292,520,3.7127956922393763,0.8590600330975979,0.14093996690240207,0.14423076923076922
515,T,0.020170273711012095,0.020170273711012095,0.9798297262889879,128271,-67208.0,507,3.628509715869565,0.8395580944907254,0.16044190550927462,0.14990138067061143,506,3.6295747203649396,0.8398045133278722,0.1601954866721278,0.15019762845849802
516,D,0.0198520050922979,0.0198520050922979,0.9801479949077021,124251,-1392.0,499,3.3986218968737805,0.7863670617042866,0.2136329382957134,0.17835671342685372,498,3.3999784563878497,0.7866809400206968,0.21331905997930323,0.178714859437751
517,G,0.019533736473583703,0.019533736473583703,0.9804662635264163,120295,-89068.0,491,3.3761834695209876,0.7811752984772823,0.2188247015227177,0.2525458248472505,490,3.3790129341812167,0.7818299749545649,0.21817002504543515,0.2510204081632653
518,I,0.020329408020369193,0.020329408020369193,0.9796705919796308,130305,-56184.0,511,3.5467752628780818,0.8206465228039657,0.17935347719603434,0.2054794520547945,510,3.547012198775215,0.8207013446084778,0.17929865539152223,0.20588235294117646
519,A,0.020568109484404837,0.020568109484404837,0.9794318905155952,133386,-25529.0,517,3.345708587447758,0.7741240747169241,0.22587592528307587,0.2437137330754352,516,3.343303973038246,0.773567699331513,0.22643230066848696,0.2441860465116279
520,I,0.020727243793761934,0.020727243793761934,0.9792727562062381,135460,-1978.0,521,3.3222088115461608,0.7686867385591577,0.2313132614408423,0.28790786948176583,520,3.3229304597838376,0.7688537122389213,0.2311462877610787,0.28846153846153844
521,T,0.020687460216422662,0.020687460216422662,0.9793125397835774,134940,-47595.0,520,3.6587077049735908,0.8465452512506327,0.15345474874936726,0.18269230769230768,519,3.6610197737243793,0.8470802135868927,0.15291978641310733,0.1811175337186898
522,G,0.020289624443029917,0.020289624443029917,0.97971037555697,129795,10552.0,510,3.323140007949579,0.7689021971190815,0.23109780288091852,0.2568627450980392,509,3.3235820564498217,0.7690044775111976,0.2309955224888024,0.25736738703339884
523,S,0.02048854232972629,0.02048854232972629,0.9795114576702737,132355,197966.0,515,2.3316364112889643,0.5394898665822738,0.4605101334177262,0.570873786407767,514,2.3296574176749623,0.5390319705760115,0.4609680294239885,0.5719844357976653
524,Q,0.020329408020369193,0.020329408020369193,0.9796705919796308,130305,-29345.0,511,3.5187144455639254,0.8141538610340137,0.18584613896598634,0.20939334637964774,510,3.515119188331842,0.8133219968398046,0.18667800316019545,0.20980392156862746
525,Y,0.01977243793761935,0.01977243793761935,0.9802275620623806,123256,139523.0,497,2.8255492683763013,0.6537705409117733,0.34622945908822667,0.49295774647887325,496,2.829185537033752,0.6546118942563032,0.3453881057436968,0.49193548387096775
526,P,0.018738064926798217,0.018738064926798217,0.9812619350732018,110685,1551.0,471,3.485811217831113,0.806540770994007,0.193459229005993,0.21656050955414013,470,3.481247433728247,0.8054848107830388,0.1945151892169612,0.2170212765957447
527,A,0.018618714194780395,0.018618714194780395,0.9813812858052197,109278,-39083.0,468,3.34152034065812,0.7731550056584655,0.2268449943415345,0.2692307692307692,467,3.3446129269499094,0.7738705627487021,0.22612943725129786,0.2676659528907923
528,G,0.01901654996817314,0.01901654996817314,0.9809834500318269,114003,103917.0,478,2.501946166657806,0.5788958334631922,0.4211041665368078,0.5271966527196653,477,2.505252252919492,0.5796607897949732,0.42033921020502685,0.5262054507337526
529,P,0.019175684277530237,0.019175684277530237,0.9808243157224698,115921,-37329.0,482,3.434962532780815,0.7947754931055456,0.20522450689445437,0.24481327800829875,481,3.435092889981555,0.7948056549217254,0.2051943450782746,0.24532224532224534
530,V,0.01921546785486951,0.01921546785486951,0.9807845321451305,116403,35132.0,483,3.1087396288801132,0.7192946205092134,0.28070537949078656,0.38716356107660455,482,3.1123441617575773,0.7201286308856767,0.2798713691143233,0.38589211618257263
531,T,0.01913590070019096,0.01913590070019096,0.980864099299809,115440,35215.0,481,3.1979878841268365,0.7399447223358263,0.2600552776641737,0.3471933471933472,480,3.2014649085485085,0.7407492300336257,0.2592507699663743,0.3458333333333333
532,K,0.01913590070019096,0.01913590070019096,0.980864099299809,115440,-41216.0,481,3.6478252774951407,0.8440272946258283,0.15597270537417174,0.23076923076923078,480,3.643296241847588,0.8429793744503606,0.15702062554963936,0.23125
533,E,0.019096117122851686,0.019096117122851686,0.9809038828771484,114960,27297.0,480,3.311051311311492,0.7661051360915305,0.23389486390846947,0.21458333333333332,479,3.312770536487961,0.7665029273408812,0.2334970726591188,0.2150313152400835
534,G,0.018976766390833864,0.018976766390833864,0.9810232336091661,113526,18021.0,477,3.0617158535786113,0.7084143434039258,0.29158565659607416,0.33962264150943394,476,3.0623564480580554,0.7085625630099397,0.2914374369900603,0.3403361344537815
535,D,0.016868236791852325,0.016868236791852325,0.9831317632081477,89676,59324.0,424,2.8197833805851253,0.6524364400973715,0.34756355990262855,0.44339622641509435,423,2.8167294213477443,0.6517298204659634,0.3482701795340366,0.4444444444444444
536,Y,0.016271483131763208,0.016271483131763208,0.9837285168682368,83436,-45058.0,409,3.6985146538000637,0.855755711941444,0.14424428805855605,0.16625916870415647,408,3.7012134899504248,0.8563801638275255,0.14361983617247454,0.1642156862745098
537,Y,0.016549968173138127,0.016549968173138127,0.9834500318268619,86320,-2269.0,416,3.359398944851206,0.7772917251504523,0.2227082748495477,0.22115384615384615,415,3.3573566050070536,0.7768191722066474,0.22318082779335258,0.2216867469879518
538,V,0.015276893698281349,0.015276893698281349,0.9847231063017187,73536,14763.0,384,3.068768448762489,0.7100461602757107,0.28995383972428934,0.2916666666666667,383,3.0721276684875205,0.7108234105332994,0.28917658946670055,0.2898172323759791
539,I,0.015356460852959898,0.015356460852959898,0.9846435391470401,74305,65563.0,386,2.7751147024226595,0.6421010811599317,0.3578989188400683,0.35751295336787564,385,2.775680772674409,0.6422320574833044,0.35776794251669564,0.35844155844155845
540,D,0.014719923615531509,0.014719923615531509,0.9852800763844685,68265,18272.0,370,2.976084932883689,0.6886012139823098,0.3113987860176902,0.34864864864864864,369,2.9800206394629143,0.6895118507381319,0.3104881492618681,0.34688346883468835
541,F,0.014521005728835136,0.014521005728835136,0.9854789942711648,66430,13736.0,365,3.0022709022084784,0.6946600767745358,0.3053399232254642,0.3863013698630137,364,3.003059068968945,0.6948424413912445,0.3051575586087555,0.3873626373626374
542,G,0.014242520687460217,0.014242520687460217,0.9857574793125398,63903,-807.0,358,3.3058213851578815,0.7648950451231505,0.23510495487684946,0.2122905027932961,357,3.3040804955526695,0.7644922411969882,0.23550775880301178,0.21288515406162464
543,K,0.014481222151495863,0.014481222151495863,0.9855187778485042,66066,58449.0,364,2.760953844942756,0.6388245672594216,0.3611754327405784,0.43131868131868134,363,2.753132807065818,0.6370149494904009,0.36298505050959906,0.4325068870523416
544,I,0.013526416295353278,0.013526416295353278,0.9864735837046468,57630,-40928.0,340,3.344833308403958,0.7739215542157534,0.22607844578424663,0.2911764705882353,339,3.3399051015630805,0.7727812745228295,0.22721872547717048,0.2920353982300885
545,S,0.007001909611712286,0.007001909611712286,0.9929980903882877,15400,29882.0,176,2.5425711593843583,0.58829557168989,0.41170442831011,0.5056818181818182,175,2.529921218241238,0.5853686509116187,0.4146313490883813,0.5085714285714286
546,D,0.00732017823042648,0.00732017823042648,0.9926798217695735,16836,20930.0,184,2.515704664944799,0.5820792502125982,0.4179207497874018,0.4782608695652174,183,2.523613263074182,0.5839091275163735,0.41609087248362653,0.47540983606557374
547,G,0.021284213876511776,0.021284213876511776,0.9787157861234882,142845,101528.0,535,2.882070877033084,0.666848409727695,0.333151590272305,0.4392523364485981,534,2.885242165364718,0.6675821767552828,0.33241782324471725,0.43820224719101125
548,K,0.02414863144493953,0.024108847867600255,0.9758513685550605,183315,-25333.0,606,3.434522322762246,0.7946736380980342,0.20532636190196585,0.19636963696369636,605,3.436289350745018,0.7950824898752912,0.20491751012470882,0.19669421487603306
549,L,0.024267982176957352,0.024228198599618077,0.9757320178230426,185136,19006.0,609,3.3051412634872817,0.7647376797862759,0.23526232021372406,0.32019704433497537,608,3.302413092557265,0.7641064404712943,0.23589355952870572,0.3207236842105263
550,M,0.025222788033099935,0.02514322087842139,0.9747772119669,199396,329696.0,632,2.356270121745562,0.5451895704912163,0.4548104295087837,0.41139240506329117,631,2.350636846252601,0.5438861532734184,0.4561138467265816,0.4120443740095087
551,K,0.025103437301082113,0.025103437301082113,0.9748965626989179,198765,6638.0,631,3.222787241508477,0.7456827533343007,0.2543172466656993,0.28526148969889065,630,3.2222105090323163,0.7455493100044953,0.2544506899955047,0.2857142857142857
552,A,0.024228198599618077,0.024228198599618077,0.9757718014003819,185136,-10463.0,609,2.997471695676029,0.693549644942473,0.30645035505752705,0.30870279146141216,608,2.996762022216463,0.6933854419654717,0.3066145580345283,0.3092105263157895
553,G,0.025421705919796308,0.025421705919796308,0.9745782940802037,203841,927446.0,639,0.8562263001311075,0.1981121113847273,0.8018878886152727,0.8826291079812206,638,0.8572857911165913,0.19835725451580744,0.8016427454841926,0.8824451410658307
554,I,0.025103437301082113,0.025103437301082113,0.9748965626989179,198765,-49345.0,631,3.272156401910746,0.7571057014533751,0.24289429854662492,0.24247226624405704,630,3.2634724478661554,0.7550964236833764,0.24490357631662363,0.24285714285714285
555,T,0.02498408656906429,0.02498408656906429,0.9750159134309357,196878,104280.0,628,2.9437235857777138,0.6811135033134864,0.3188864966865136,0.23885350318471338,627,2.944840168257868,0.6813718561725901,0.3186281438274099,0.23923444976076555
556,F,0.023472310630171866,0.023472310630171866,0.9765276893698281,173755,79132.0,590,3.1144228489067327,0.7206095938039664,0.2793904061960336,0.20847457627118643,589,3.1157179585064156,0.7209092539489871,0.2790907460510129,0.20882852292020374
557,T,0.02351209420751114,0.02351209420751114,0.9764879057924889,174345,109559.0,591,2.9856395188479965,0.6908119370102125,0.3091880629897875,0.25380710659898476,590,2.987045775741723,0.6911373142175266,0.30886268578247345,0.2542372881355932
558,F,0.023472310630171866,0.023472310630171866,0.9765276893698281,173755,453202.0,590,1.8707631940739358,0.432853845089871,0.567146154910129,0.6491525423728813,589,1.8728798848902137,0.4333436012287531,0.566656398771247,0.6485568760611206
559,D,0.023193825588796943,0.023193825588796943,0.9768061744112031,169653,131187.0,583,2.736868771500874,0.6332518060026174,0.36674819399738257,0.44596912521440824,582,2.7395669580039903,0.6338761075744802,0.3661238924255198,0.44501718213058417
560,L,0.023034691279439846,0.023034691279439846,0.9769653087205602,167331,250144.0,579,2.471289242981368,0.5718024892419629,0.42819751075803714,0.40932642487046633,578,2.4733321695766954,0.5722751779472062,0.42772482205279383,0.4083044982698962
561,N,0.022756206238064926,0.022756206238064926,0.977243793761935,163306,46062.0,572,3.037552396657225,0.7028234459176927,0.29717655408230725,0.3741258741258741,571,3.035989732619023,0.7024618795047646,0.2975381204952354,0.37478108581436076
562,L,0.022199236155315084,0.022199236155315084,0.977800763844685,155403,54210.0,558,2.934554020266342,0.6789918656300138,0.3210081343699862,0.3709677419354839,557,2.928289640783494,0.677542424698718,0.32245757530128205,0.37163375224416517
563,D,0.022159452577975813,0.022159452577975813,0.9778405474220242,154846,111030.0,557,2.8036114846278037,0.6486946157073609,0.35130538429263913,0.49012567324955114,556,2.8022131119852256,0.6483710627439896,0.3516289372560104,0.4910071942446043
564,K,0.02196053469127944,0.02196053469127944,0.9780394653087205,152076,29254.0,552,2.9021320453252533,0.6714901270010343,0.3285098729989657,0.3967391304347826,551,2.8989034606757977,0.6707431028538082,0.3292568971461918,0.397459165154265
565,A,0.019692870782940804,0.019692870782940804,0.9803071292170592,122265,59642.0,495,2.8121380399791396,0.6506674748489607,0.3493325251510393,0.3797979797979798,494,2.811646364591126,0.6505537118762275,0.34944628812377254,0.3805668016194332
566,I,0.015157542966263527,0.015157542966263527,0.9848424570337365,72390,-46770.0,381,3.6792159293509528,0.8512904075621461,0.14870959243785387,0.15485564304461943,380,3.680575985549999,0.8516050949352784,0.14839490506472164,0.15526315789473685
567,E,0.015038192234245703,0.015038192234245703,0.9849618077657543,71253,-22349.0,378,3.3503066090911817,0.7751879567488493,0.22481204325115067,0.17989417989417988,377,3.350924343636706,0.7753308870641998,0.22466911293580016,0.18037135278514588
568,D,0.01372533418204965,0.01372533418204965,0.9862746658179503,59340,17829.0,345,3.0330105115884174,0.7017725526660951,0.29822744733390494,0.336231884057971,344,3.037244219090443,0.7027521403429547,0.29724785965704525,0.33430232558139533
569,T,0.01499840865690643,0.01499840865690643,0.9850015913430936,70876,-46100.0,377,3.664413765961946,0.8478655094462989,0.1521344905537011,0.14323607427055704,376,3.662158663290996,0.8473437278198028,0.15265627218019717,0.14361702127659576
570,N,0.018897199236155314,0.018897199236155314,0.9811028007638447,112575,29055.0,475,3.0271819034328376,0.7004239397258486,0.2995760602741514,0.2294736842105263,474,3.0241503688002984,0.6997225086594397,0.30027749134056025,0.229957805907173
571,N,0.019255251432208784,0.019255251432208784,0.9807447485677913,116886,30393.0,484,3.1584571490286204,0.7307981714839094,0.26920182851609065,0.2665289256198347,483,3.1610383213586477,0.7313953985254885,0.2686046014745115,0.2650103519668737
572,I,0.017982176957352006,0.017982176957352006,0.982017823042648,101926,25269.0,452,2.877175960878756,0.6657158327743397,0.33428416722566034,0.3053097345132743,451,2.879081701772283,0.6661567796970295,0.33384322030297053,0.30598669623059865
573,I,0.017146721833227244,0.017146721833227244,0.9828532781667727,92665,11005.0,431,3.3523839697811946,0.7756686127533928,0.22433138724660717,0.28074245939675174,430,3.3485632079179855,0.7747845717005746,0.22521542829942542,0.2813953488372093
574,S,0.014879057924888606,0.014879057924888606,0.9851209420751114,69751,25717.0,374,3.0985276486015723,0.7169317907595419,0.28306820924045806,0.2807486631016043,373,3.1019081238672523,0.7177139590861458,0.28228604091385423,0.27882037533512066
575,I,0.014879057924888606,0.014879057924888606,0.9851209420751114,69751,98941.0,374,2.375370376212832,0.54960895324075,0.45039104675925,0.3716577540106952,373,2.3779015971421105,0.550194622616479,0.449805377383521,0.3699731903485255
576,E,0.013685550604710375,0.013685550604710375,0.9863144493952897,58996,34987.0,344,2.950784174929896,0.6827471698153735,0.31725283018462647,0.40406976744186046,343,2.951565703733571,0.6829279985535007,0.3170720014464993,0.40524781341107874
577,V,0.01372533418204965,0.01372533418204965,0.9862746658179503,59340,124904.0,345,2.1181801554921713,0.4901007395282394,0.5098992604717606,0.4260869565217391,344,2.117178961843665,0.48986908513082117,0.5101309148691788,0.4273255813953488
578,S,0.013645767027371102,0.013645767027371102,0.9863542329726289,58653,13902.0,343,3.199915988638562,0.7403908437125346,0.2596091562874654,0.3294460641399417,342,3.200469538281321,0.7405189230397714,0.2594810769602286,0.3304093567251462
579,Q,0.01316836409929981,0.01316836409929981,0.9868316359007002,54615,-3179.0,331,2.893528003114469,0.6694993390883519,0.3305006609116481,0.3685800604229607,330,2.89792142894323,0.6705158821062606,0.32948411789373944,0.36666666666666664
580,R,0.014680140038192234,0.014680140038192234,0.9853198599618078,67896,-26448.0,369,3.3989839275842915,0.7864508277231936,0.21354917227680636,0.2953929539295393,368,3.40342688869111,0.7874788321252276,0.21252116787477238,0.29347826086956524
581,M,0.014560789306174412,0.014560789306174412,0.9854392106938256,66795,-26685.0,366,3.4119071968288424,0.7894409906691803,0.21055900933081972,0.1912568306010929,365,3.4132717648753976,0.789756721985527,0.21024327801447296,0.1917808219178082
582,Y,0.01647040101845958,0.01647040101845958,0.9835295989815405,85491,-62167.0,414,3.610730276283647,0.8354443195283537,0.16455568047164626,0.20772946859903382,413,3.6112695724765307,0.8355691009178271,0.1644308990821729,0.20823244552058112
583,Q,0.015077975811584978,0.015077975811584978,0.984922024188415,71631,48259.0,379,3.0499799982067555,0.7056989221580845,0.2943010778419155,0.3482849604221636,378,3.054013718949714,0.7066322372559757,0.2933677627440243,0.34656084656084657
584,T,0.010463080840229153,0.010463080840229153,0.9895369191597708,34453,1957.0,263,3.313817400596143,0.7667451488876534,0.23325485111234656,0.20532319391634982,262,3.313176654976025,0.7665968943109805,0.23340310568901945,0.20610687022900764
585,S,0.00950827498408657,0.00950827498408657,0.9904917250159134,28441,2926.0,239,3.0491759432196788,0.7055128813518925,0.2944871186481075,0.2928870292887029,238,3.051088017854041,0.7059552937642194,0.2940447062357806,0.29411764705882354
586,P,0.014043602800763845,0.014043602800763845,0.9859563971992361,62128,3908.0,353,3.232294226838159,0.7478824626124184,0.2521175373875816,0.34560906515580736,352,3.231830735037371,0.7477752207077379,0.25222477929226206,0.3465909090909091
587,E,0.014043602800763845,0.014043602800763845,0.9859563971992361,62128,4924.0,353,2.870772432129707,0.6642341957344675,0.3357658042655325,0.32294617563739375,352,2.8737437730880107,0.6649216992960882,0.33507830070391176,0.32386363636363635
588,F,0.01408338637810312,0.01408338637810312,0.9859166136218969,62481,-25235.0,354,3.1319021433363905,0.724653921716394,0.275346078283606,0.2457627118644068,353,3.1311439899153277,0.7244785015325275,0.27552149846747254,0.24645892351274787
589,N,0.013566199872692553,0.013566199872692553,0.9864338001273074,57970,67835.0,341,2.470499080566759,0.5716196628743645,0.4283803371256355,0.49560117302052786,340,2.4658414263042556,0.5705419831535906,0.4294580168464094,0.4970588235294118
590,R,0.013566199872692553,0.013566199872692553,0.9864338001273074,57970,-7524.0,341,3.235397065327663,0.7486003918378433,0.2513996081621567,0.2903225806451613,340,3.236083077828798,0.748759120184561,0.25124087981543897,0.2911764705882353
591,Q,0.013486632718014004,0.013486632718014004,0.986513367281986,57291,37966.0,339,2.803546427965934,0.6486795630131833,0.3513204369868167,0.35693215339233036,338,2.807432286324891,0.6495786659768706,0.35042133402312936,0.35502958579881655
592,T,0.013446849140674729,0.013446849140674729,0.9865531508593253,56953,48011.0,338,2.600763051702562,0.6017599077548611,0.3982400922451389,0.47041420118343197,337,2.6011217066029646,0.6018428926848572,0.39815710731514276,0.47181008902077154
593,I,0.013446849140674729,0.013446849140674729,0.9865531508593253,56953,80843.0,338,2.232189412877474,0.5164799977857218,0.48352000221427816,0.5769230769230769,337,2.2364537185292743,0.5174666652078025,0.4825333347921975,0.5756676557863502
594,W,0.012651177593889243,0.012651177593889243,0.9873488224061108,50403,11624.0,318,3.1426512415322976,0.7271410288500417,0.2728589711499583,0.2830188679245283,317,3.132034385106859,0.72468451958095,0.27531548041904996,0.28391167192429023
595,E,0.012492043284532146,0.012492043284532146,0.9875079567154679,49141,41992.0,314,2.7115434729746446,0.6273920836818809,0.37260791631811907,0.32802547770700635,313,2.7060384168603777,0.6261183336348177,0.3738816663651823,0.329073482428115
596,N,0.0122533418204965,0.0122533418204965,0.9877466581795035,47278,45812.0,308,2.606239225387383,0.6030269750370075,0.39697302496299247,0.5097402597402597,307,2.6024396540495762,0.6021478370100928,0.3978521629899072,0.511400651465798
597,T,0.011974856779121579,0.011974856779121579,0.9880251432208784,45150,16135.0,301,3.0396998021340793,0.7033203087598567,0.29667969124014326,0.31893687707641194,300,3.0358753106256913,0.7024354047484013,0.29756459525159873,0.32
598,N,0.010940483768300445,0.010940483768300445,0.9890595162316995,37675,34942.0,275,2.67875343870456,0.6198051841430215,0.38019481585697845,0.38545454545454544,274,2.6805670836367055,0.6202248220667276,0.3797751779332724,0.38686131386861317
599,S,0.009826543602800764,0.009826543602800764,0.9901734563971992,30381,-6363.0,247,3.333452122293449,0.7712881957098652,0.22871180429013482,0.2388663967611336,246,3.3329632751943503,0.7711750871415675,0.22882491285843254,0.23983739837398374
600,P,0.008633036282622533,0.008633036282622533,0.9913669637173774,23436,1650.0,217,2.8824070225286693,0.6669261864718252,0.3330738135281748,0.2764976958525346,216,2.8796728984161923,0.6662935697201232,0.3337064302798768,0.2777777777777778
601,R,0.008752387014640357,0.008752387014640357,0.9912476129853597,24090,30006.0,220,2.69035730636105,0.6224900663071224,0.37750993369287755,0.4636363636363636,219,2.660538066103483,0.615590543778545,0.38440945622145495,0.4657534246575342
602,N,0.008076066199872693,0.008076066199872693,0.9919239338001273,20503,72580.0,203,1.3523685194169655,0.31290861155620653,0.6870913884437935,0.8078817733990148,202,1.3575355316169098,0.3141041456064043,0.6858958543935957,0.806930693069307
603,K,0.007678230426479949,0.007678230426479949,0.99232176957352,18528,21121.0,193,2.20767016931155,0.5108067790214094,0.48919322097859064,0.6010362694300518,192,2.190930078631711,0.506933486751776,0.49306651324822404,0.6041666666666666
604,G,0.0076384468491406746,0.0076384468491406746,0.9923615531508593,18336,68268.0,192,1.1071390197320756,0.256167848105055,0.743832151894945,0.828125,191,1.1115069606447894,0.2571784944686261,0.7428215055313738,0.8272251308900523
605,E,0.007081476766390834,0.007081476766390834,0.9929185232336092,15753,54078.0,178,1.3176620989826915,0.30487830201095284,0.6951216979890471,0.8089887640449438,177,1.2860422896700048,0.2975621670317311,0.7024378329682689,0.8135593220338984
606,L,0.0067234245703373646,0.0067234245703373646,0.9932765754296626,14196,30314.0,169,1.5620133899436655,0.3614158670967834,0.6385841329032166,0.6863905325443787,168,1.568067885546531,0.3628167454709581,0.6371832545290419,0.6845238095238095
607,E,0.00640515595162317,0.00640515595162317,0.9935948440483768,12880,23141.0,161,2.276382971966452,0.5267054245208999,0.47329457547910014,0.37888198757763975,160,2.2794397646396862,0.5274126997476326,0.4725873002523674,0.38125
608,G,0.006365372374283896,0.006365372374283896,0.9936346276257161,12720,36421.0,160,1.3995900456673374,0.32383464392269423,0.6761653560773058,0.6625,159,1.4046420807783946,0.32500357477951103,0.674996425220489,0.660377358490566
609,K,0.0060471037555697,0.0060471037555697,0.9939528962444303,11476,4643.0,152,2.7923521552134396,0.6460894521860882,0.35391054781391185,0.2565789473684211,151,2.78331778940454,0.6439990967681933,0.35600090323180666,0.2582781456953642
610,P,0.0005967536600891152,0.0005967536600891152,0.9994032463399108,105,83.0,15,1.9329145639793976,0.447234318004028,0.552765681995972,0.3333333333333333,14,1.9502120649147465,0.4512365828625783,0.5487634171374217,0.2857142857142857
611,I,0.0005967536600891152,0.0005967536600891152,0.9994032463399108,105,-5.0,15,2.289246428509158,0.5296817481108093,0.47031825188919074,0.4,14,2.35274578087187,0.5443741147972956,0.4556258852027044,0.35714285714285715
612,P,0.0005967536600891152,0.0005967536600891152,0.9994032463399108,105,75.0,15,1.3382689280764646,0.3096462733055586,0.6903537266944414,0.6,14,1.2870540281187268,0.2977962612661814,0.7022037387338186,0.6428571428571429
613,N,0.0005967536600891152,0.0005967536600891152,0.9994032463399108,105,151.0,15,1.8228156003525158,0.4217598165292988,0.5782401834707012,0.4666666666666667,14,1.8322488896002305,0.42394247413965414,0.5760575258603459,0.5
614,P,0.0005569700827498409,0.0005569700827498409,0.9994430299172502,91,438.0,14,0.7345299214394703,0.1699542207350429,0.8300457792649572,0.8571428571428571,13,0.7732283485249176,0.17890819364616695,0.821091806353833,0.8461538461538461
615,L,0.0005569700827498409,0.0005569700827498409,0.9994430299172502,91,56.0,14,1.753434386188785,0.40570651516924017,0.5942934848307598,0.5714285714285714,13,1.8230264907128848,0.42180861196405356,0.5781913880359464,0.5384615384615384
616,L,0.0005569700827498409,0.0005569700827498409,0.9994430299172502,91,-21.0,14,2.41379956460568,0.5585006301842669,0.4414993698157331,0.2857142857142857,13,2.4116022179746714,0.5579922120470915,0.4420077879529085,0.3076923076923077
617,G,0.0005569700827498409,0.0005569700827498409,0.9994430299172502,91,181.0,14,1.4345491399952024,0.33192341670195913,0.6680765832980409,0.7142857142857143,13,1.5058762556041068,0.348426957261387,0.651573042738613,0.6923076923076923
618,L,0.0005569700827498409,0.0005569700827498409,0.9994430299172502,91,51.0,14,1.6266888497018317,0.37638035941091386,0.6236196405890861,0.6428571428571429,13,1.3520301017579528,0.31283030908296244,0.6871696909170375,0.6923076923076923
619,D,0.0005569700827498409,0.0005569700827498409,0.9994430299172502,91,65.0,14,2.260820318171659,0.5231045654938367,0.47689543450616334,0.5,13,2.0349409139562287,0.4708409925568794,0.5291590074431206,0.5384615384615384
620,S,0.0005569700827498409,0.0005569700827498409,0.9994430299172502,91,131.0,14,1.483831706844689,0.3433263289595197,0.6566736710404804,0.6428571428571429,13,1.3520301017579528,0.31283030908296244,0.6871696909170375,0.6923076923076923
621,T,0.00023870146403564608,0.00023870146403564608,0.9997612985359644,15,18.0,6,1.4591479170272446,0.33761503777754837,0.6623849622224516,0.5,5,1.3709505944546687,0.3172080988752309,0.6827919011247692,0.6
622,R,3.9783577339274344e-05,3.9783577339274344e-05,0.9999602164226608,0,0.0,1,-0.0,-0.0,1.0,1.0,0,,,,
623,T,3.9783577339274344e-05,3.9783577339274344e-05,0.9999602164226608,0,0.0,1,-0.0,-0.0,1.0,1.0,0,,,,
624,G,3.9783577339274344e-05,3.9783577339274344e-05,0.9999602164226608,0,0.0,1,-0.0,-0.0,1.0,1.0,0,,,,
625,H,3.9783577339274344e-05,3.9783577339274344e-05,0.9999602164226608,0,0.0,1,-0.0,-0.0,1.0,1.0,0,,,,
626,H,3.9783577339274344e-05,3.9783577339274344e-05,0.9999602164226608,0,0.0,1,-0.0,-0.0,1.0,1.0,0,,,,
627,H,3.9783577339274344e-05,3.9783577339274344e-05,0.9999602164226608,0,0.0,1,-0.0,-0.0,1.0,1.0,0,,,,
628,H,3.9783577339274344e-05,3.9783577339274344e-05,0.9999602164226608,0,0.0,1,-0.0,-0.0,1.0,1.0,0,,,,
629,H,3.9783577339274344e-05,3.9783577339274344e-05,0.9999602164226608,0,0.0,1,-0.0,-0.0,1.0,1.0,0,,,,
630,H,3.9783577339274344e-05,3.9783577339274344e-05,0.9999602164226608,0,0.0,1,-0.0,-0.0,1.0,1.0,0,,,,
