target_position,query_residue,non_gap_coverage,canonical_coverage,gap_fraction,eligible_unordered_pairs,blosum62_sum,canonical_count,shannon_entropy_bits,shannon_entropy_normalized_log2_20,conservation_one_minus_normalized_entropy,consensus_fraction,non_query_canonical_count,non_query_shannon_entropy_bits,non_query_shannon_entropy_normalized_log2_20,non_query_conservation_one_minus_normalized_entropy,non_query_consensus_fraction
1,M,0.014084507042253521,0.014084507042253521,0.9859154929577465,3,7.0,3,0.9182958340544896,0.21247364923557852,0.7875263507644215,0.6666666666666666,2,1.0,0.23137821315975915,0.7686217868402409,0.5
2,N,0.03286384976525822,0.03286384976525822,0.9671361502347418,21,126.0,7,-0.0,-0.0,1.0,1.0,6,-0.0,-0.0,1.0,1.0
3,T,0.046948356807511735,0.046948356807511735,0.9530516431924883,45,63.0,10,0.9709505944546686,0.22465681361132717,0.7753431863886728,0.6,9,0.9910760598382222,0.2293134078307824,0.7706865921692176,0.5555555555555556
4,I,0.06572769953051644,0.06572769953051644,0.9342723004694836,91,255.0,14,1.2916919971380594,0.2988693862505649,0.7011306137494351,0.7142857142857143,13,1.3520301017579528,0.31283030908296244,0.6871696909170375,0.6923076923076923
5,S,0.07511737089201878,0.07511737089201878,0.9248826291079812,120,22.0,16,2.5550365325772657,0.5911797874656345,0.4088202125343655,0.3125,15,2.5492553971685,0.5898421586847197,0.4101578413152803,0.3333333333333333
6,V,0.07981220657276995,0.07981220657276995,0.92018779342723,136,282.0,17,1.8210319581338212,0.42134712057982093,0.5786528794201791,0.5294117647058824,16,1.875,0.4338341496745484,0.5661658503254516,0.5
7,K,0.09389671361502347,0.09389671361502347,0.9061032863849765,190,127.0,20,2.3261207468426806,0.5382136619983039,0.4617863380016961,0.35,19,2.365062381295304,0.5472239077954725,0.4527760922045275,0.3157894736842105
8,A,0.09859154929577464,0.09859154929577464,0.9014084507042254,210,666.0,21,0.5489544344250401,0.12701609614339196,0.8729839038566081,0.9047619047619048,20,0.5689955935892812,0.1316531837404644,0.8683468162595356,0.9
9,M,0.11267605633802817,0.11267605633802817,0.8873239436619719,276,23.0,24,2.8553885422075336,0.6606746987728287,0.3393253012271713,0.25,23,2.8598809775139515,0.6617141504267635,0.3382858495732365,0.2608695652173913
10,S,0.1267605633802817,0.1267605633802817,0.8732394366197183,351,263.0,27,2.5259686330010966,0.5844541088013931,0.41554589119860685,0.25925925925925924,26,2.5357983743913257,0.5867284968000869,0.4132715031999131,0.2692307692307692
11,K,0.1267605633802817,0.1267605633802817,0.8732394366197183,351,558.0,27,1.7824858951808387,0.4124284014094162,0.5875715985905838,0.5555555555555556,26,1.817576127248412,0.4205475166045726,0.5794524833954273,0.5384615384615384
12,S,0.13615023474178403,0.13615023474178403,0.863849765258216,406,311.0,29,2.471109238269861,0.571760840073454,0.42823915992654604,0.3448275862068966,28,2.5027361715940035,0.579078623393717,0.42092137660628304,0.32142857142857145
13,S,0.19248826291079812,0.19248826291079812,0.8075117370892019,820,223.0,41,3.071630677474388,0.7107084176407243,0.28929158235927566,0.36585365853658536,40,3.111368485198107,0.7199028805867246,0.2800971194132754,0.35
14,D,0.20187793427230047,0.20187793427230047,0.7981220657276995,903,1150.0,43,2.5916062567502207,0.5996412249005181,0.4003587750994819,0.27906976744186046,42,2.6084004416290667,0.6035270333892602,0.39647296661073983,0.2619047619047619
15,T,0.3286384976525822,0.3286384976525822,0.6713615023474179,2415,1127.0,70,2.870294054390636,0.6641235095479859,0.33587649045201406,0.32857142857142857,69,2.8791210168726358,0.6661658763546993,0.33383412364530074,0.3333333333333333
16,T,0.39906103286384975,0.39906103286384975,0.6009389671361502,3570,381.0,85,2.9437847153235155,0.6811276473585653,0.31887235264143465,0.3176470588235294,84,2.9527393746866255,0.683199560441456,0.316800439558544,0.32142857142857145
17,E,0.47417840375586856,0.47417840375586856,0.5258215962441315,5050,6668.0,101,2.3625672400063693,0.5466465864624576,0.45335341353754244,0.40594059405940597,100,2.3685081946974043,0.5480211939433324,0.4519788060566676,0.41
18,I,0.5164319248826291,0.5164319248826291,0.4835680751173709,5995,4410.0,110,2.5462800727321744,0.5891537334330721,0.4108462665669279,0.34545454545454546,109,2.5419319585915954,0.5881476745526103,0.4118523254473897,0.3486238532110092
19,T,0.5492957746478874,0.5492957746478874,0.4507042253521127,6786,2513.0,117,2.8580141478064283,0.6612822067047632,0.33871779329523677,0.28205128205128205,116,2.865984019746808,0.6631262614334403,0.33687373856655967,0.28448275862068967
20,S,0.8215962441314554,0.8215962441314554,0.1784037558685446,15225,17988.0,175,2.1870820364285337,0.5060431336226414,0.4939568663773586,0.5542857142857143,174,2.1833729012015803,0.505184920541461,0.494815079458539,0.5574712643678161
21,Q,0.8591549295774648,0.8591549295774648,0.14084507042253522,16653,10198.0,183,2.570072344824494,0.5946587468368039,0.40534125316319614,0.2896174863387978,182,2.5700118734439727,0.5946447550768315,0.40535524492316855,0.29120879120879123
22,S,0.9248826291079812,0.9248826291079812,0.07511737089201878,19306,17788.0,197,2.716235891413372,0.6284778070756316,0.3715221929243684,0.2436548223350254,196,2.7194858044506907,0.629229766147131,0.370770233852869,0.24489795918367346
23,T,0.9248826291079812,0.9248826291079812,0.07511737089201878,19306,8679.0,197,2.702997070655987,0.6254146323844456,0.3745853676155544,0.3096446700507614,196,2.7081167642231074,0.6265992179339314,0.37340078206606864,0.30612244897959184
24,T,0.9530516431924883,0.9530516431924883,0.046948356807511735,20503,11435.0,203,2.730193351352717,0.6317072592166462,0.36829274078335383,0.33004926108374383,202,2.728015881342396,0.6312034400964491,0.36879655990355087,0.3316831683168317
25,K,0.9436619718309859,0.9436619718309859,0.056338028169014086,20100,25064.0,201,2.5305899008641446,0.5855233695020778,0.41447663049792216,0.4129353233830846,200,2.531524276807701,0.5857395637383174,0.41426043626168263,0.415
26,L,0.9765258215962441,0.9765258215962441,0.023474178403755867,21528,80364.0,208,1.2010215984962422,0.27789023142633823,0.7221097685736617,0.7788461538461539,207,1.1882764316017047,0.2749412774838572,0.7250587225161428,0.782608695652174
27,R,0.9812206572769953,0.9812206572769953,0.018779342723004695,21736,104004.0,209,0.23143332097949765,0.05354862827386517,0.9464513717261348,0.9665071770334929,208,0.2323091175098826,0.05375126851015715,0.9462487314898429,0.9663461538461539
28,N,0.9812206572769953,0.9812206572769953,0.018779342723004695,21736,116604.0,209,0.3168506276352936,0.07331233206080244,0.9266876679391975,0.9617224880382775,208,0.3181025765203786,0.07360200575680076,0.9263979942431992,0.9615384615384616
29,V,0.9859154929577465,0.9859154929577465,0.014084507042253521,21945,86133.0,210,0.20574832606316115,0.04760568004510573,0.9523943199548943,0.9714285714285714,209,0.20653218632476994,0.047787048231803714,0.9522129517681963,0.9712918660287081
30,M,0.9906103286384976,0.9906103286384976,0.009389671361502348,22155,101485.0,211,0.31795610250533307,0.07356811486092518,0.9264318851390748,0.9620853080568721,210,0.3192039961620153,0.07385685026542171,0.9261431497345782,0.9619047619047619
31,Y,0.9953051643192489,0.9953051643192489,0.004694835680751174,22366,156562.0,212,-0.0,-0.0,1.0,1.0,211,-0.0,-0.0,1.0,1.0
32,Y,0.9953051643192489,0.9953051643192489,0.004694835680751174,22366,151372.0,212,0.2041999400623511,0.04724741725895672,0.9527525827410432,0.9716981132075472,211,0.2049709381239943,0.04742580941280936,0.9525741905871906,0.9715639810426541
33,G,0.9953051643192489,0.9953051643192489,0.004694835680751174,22366,123035.0,212,0.25483828287161225,0.058964026535534904,0.9410359734644651,0.9669811320754716,211,0.2558159196920899,0.059190230396176206,0.9408097696038238,0.966824644549763
34,D,0.9953051643192489,0.9953051643192489,0.004694835680751174,22366,124304.0,212,0.34835208418494695,0.08060108278919102,0.919398917210809,0.9528301886792453,211,0.349671866757936,0.08090645172268862,0.9190935482773114,0.95260663507109
35,W,0.9953051643192489,0.9953051643192489,0.004694835680751174,22366,243283.0,212,0.04324154504802915,0.010005151427480216,0.9899948485725197,0.9952830188679245,211,0.04341407633805841,0.010045071409081336,0.9899549285909187,0.995260663507109
36,S,0.9953051643192489,0.9953051643192489,0.004694835680751174,22366,86136.0,212,0.17814781209923547,0.04121952244184163,0.9587804775581583,0.9764150943396226,211,0.17882853183636532,0.041377026158281316,0.9586229738417187,0.976303317535545
37,I,0.9953051643192489,0.9953051643192489,0.004694835680751174,22366,83085.0,212,0.40257841681164075,0.09314787473856219,0.9068521252614378,0.9386792452830188,211,0.40405263282610937,0.09348897620580143,0.9065110237941986,0.9383886255924171
38,W,0.9953051643192489,0.9953051643192489,0.004694835680751174,22366,186356.0,212,0.7924890624776274,0.18336470322472617,0.8166352967752738,0.8773584905660378,211,0.795348068083654,0.18402621483326234,0.8159737851667377,0.8767772511848341
39,G,0.9906103286384976,0.9906103286384976,0.009389671361502348,22155,83932.0,211,1.0598954166047898,0.2452367076302348,0.7547632923697651,0.8199052132701422,210,1.0635748017555853,0.2460880371919524,0.7539119628080476,0.819047619047619
40,G,0.9906103286384976,0.9906103286384976,0.009389671361502348,22155,109209.0,211,0.5868888728599025,0.1357932987256693,0.8642067012743306,0.9146919431279621,210,0.5890694767637461,0.13629784296054984,0.8637021570394502,0.9142857142857143
41,Q,0.9953051643192489,0.9953051643192489,0.004694835680751174,22366,77447.0,212,1.072701139470321,0.24819967290508047,0.7518003270949195,0.6132075471698113,211,1.071008246693183,0.24780797439923521,0.7521920256007648,0.6161137440758294
42,G,0.9953051643192489,0.9953051643192489,0.004694835680751174,22366,71748.0,212,1.2589438633396246,0.2912921815679664,0.7087078184320337,0.7688679245283019,211,1.2631084367306857,0.2922557731177628,0.7077442268822371,0.7677725118483413
43,N,0.9953051643192489,0.9953051643192489,0.004694835680751174,22366,73031.0,212,1.4368973389734978,0.3324667387857007,0.6675332612142992,0.7216981132075472,211,1.4414710246481042,0.33352499000464547,0.6664750099953545,0.7203791469194313
44,F,0.9953051643192489,0.9953051643192489,0.004694835680751174,22366,121447.0,212,0.39666612482940244,0.09177989918403312,0.9082201008159669,0.9481132075471698,211,0.3981808667567338,0.09213037746457721,0.9078696225354228,0.9478672985781991
45,Y,0.9953051643192489,0.9953051643192489,0.004694835680751174,22366,112253.0,212,0.8884089954117486,0.20555848591342704,0.7944415140865729,0.8632075471698113,211,0.8916111154830596,0.20629938673385,0.7937006132661499,0.8625592417061612
46,P,0.9953051643192489,0.9953051643192489,0.004694835680751174,22366,143373.0,212,0.22884877813422105,0.05295062136849023,0.9470493786315097,0.9669811320754716,211,0.22970324194646458,0.05314832567857681,0.9468516743214231,0.966824644549763
47,K,0.9953051643192489,0.9953051643192489,0.004694835680751174,22366,83973.0,212,0.8815602875497217,0.2039738441258581,0.7960261558741419,0.8584905660377359,211,0.8846923808742247,0.2046985422827312,0.7953014577172688,0.8578199052132701
48,D,0.9953051643192489,0.9953051643192489,0.004694835680751174,22366,116085.0,212,0.48746225290110967,0.11278814505908938,0.8872118549409106,0.9339622641509434,211,0.489304229420425,0.1132143382948108,0.8867856617051892,0.933649289099526
49,I,0.9953051643192489,0.9953051643192489,0.004694835680751174,22366,83367.0,212,0.4239431574389087,0.09809121024952115,0.9019087897504788,0.9386792452830188,211,0.4255186281482933,0.09845573984714409,0.9015442601528559,0.9383886255924171
50,P,0.9953051643192489,0.9953051643192489,0.004694835680751174,22366,130733.0,212,0.4996219809430366,0.11560164120593905,0.8843983587940609,0.9245283018867925,211,0.5014519937210822,0.11602506629258276,0.8839749337074172,0.9241706161137441
51,A,0.9953051643192489,0.9953051643192489,0.004694835680751174,22366,76210.0,212,0.430110237904967,0.09951813830817018,0.9004818616918299,0.9433962264150944,211,0.4317492955091454,0.09989738052789089,0.9001026194721091,0.943127962085308
52,D,0.9953051643192489,0.9953051643192489,0.004694835680751174,22366,99238.0,212,1.0006801527744154,0.23153558569337904,0.7684644143066209,0.8254716981132075,211,1.0041078726586385,0.23232868539540277,0.7676713146045973,0.8246445497630331
53,K,0.9953051643192489,0.9953051643192489,0.004694835680751174,22366,75194.0,212,1.070093208009044,0.24759625438352706,0.7524037456164729,0.8018867924528302,211,1.0606994335309734,0.24542273962996536,0.7545772603700347,0.8056872037914692
54,L,0.9953051643192489,0.9953051643192489,0.004694835680751174,22366,74043.0,212,0.6745357093613454,0.15607286714447874,0.8439271328555212,0.8915094339622641,211,0.6769453881365401,0.15663041431377228,0.8433695856862278,0.8909952606635071
55,T,0.9953051643192489,0.9953051643192489,0.004694835680751174,22366,111830.0,212,-0.0,-0.0,1.0,1.0,211,-0.0,-0.0,1.0,1.0
56,H,0.9953051643192489,0.9953051643192489,0.004694835680751174,22366,176607.0,212,0.04324154504802915,0.010005151427480216,0.9899948485725197,0.9952830188679245,211,0.04341407633805841,0.010045071409081336,0.9899549285909187,0.995260663507109
57,L,0.9953051643192489,0.9953051643192489,0.004694835680751174,22366,85810.0,212,0.2534274536123899,0.05863759138246252,0.9413624086175375,0.9575471698113207,211,0.25433120515816454,0.05884669980026423,0.9411533001997358,0.957345971563981
58,N,0.9953051643192489,0.9953051643192489,0.004694835680751174,22366,123000.0,212,0.2571506649266739,0.05949906136357775,0.9405009386364223,0.9669811320754716,211,0.25813926090381056,0.05972780093430456,0.9402721990656955,0.966824644549763
59,F,0.9953051643192489,0.9953051643192489,0.004694835680751174,22366,113342.0,212,0.7405385167377591,0.17134447877876108,0.828655521221239,0.8301886792452831,211,0.7427724090413723,0.17186135278836245,0.8281386472116375,0.8293838862559242
60,A,0.9953051643192489,0.9953051643192489,0.004694835680751174,22366,85756.0,212,0.1858030790723033,0.042990784435330984,0.957009215564669,0.9716981132075472,211,0.18648688821930176,0.04314900297390578,0.9568509970260942,0.9715639810426541
61,F,0.9953051643192489,0.9953051643192489,0.004694835680751174,22366,134196.0,212,-0.0,-0.0,1.0,1.0,211,-0.0,-0.0,1.0,1.0
62,M,0.9953051643192489,0.9953051643192489,0.004694835680751174,22366,66567.0,212,1.142962895925613,0.2644567125671721,0.7355432874328278,0.7830188679245284,211,1.1333559308722476,0.26223387015923616,0.7377661298407638,0.7867298578199052
63,D,0.9953051643192489,0.9953051643192489,0.004694835680751174,22366,118545.0,212,0.3990826856102463,0.09233903869949671,0.9076609613005033,0.9528301886792453,211,0.4006428975738766,0.09270003775579198,0.9072999622442081,0.95260663507109
64,F,0.9953051643192489,0.9953051643192489,0.004694835680751174,22366,112231.0,212,0.5689468206223764,0.13164189873853147,0.8683581012614685,0.9245283018867925,211,0.571105387142978,0.13214134400305474,0.8678586559969452,0.9241706161137441
65,N,0.9953051643192489,0.9953051643192489,0.004694835680751174,22366,86175.0,212,0.9601751085467554,0.22216360093602605,0.777836399063974,0.7122641509433962,211,0.9558202956006583,0.22115599209791312,0.7788440079020869,0.7156398104265402
66,S,0.9906103286384976,0.9906103286384976,0.009389671361502348,22155,56470.0,211,1.2200464565141802,0.2822921690801468,0.7177078309198532,0.7535545023696683,210,1.2239069709304378,0.283185408007658,0.716814591992342,0.7523809523809524
67,S,0.9953051643192489,0.9953051643192489,0.004694835680751174,22366,55337.0,212,1.9473854386274394,0.45058256312295075,0.5494174368770492,0.6037735849056604,211,1.9418758775634848,0.44930777072867834,0.5506922292713217,0.6066350710900474
68,G,0.9906103286384976,0.9906103286384976,0.009389671361502348,22155,124650.0,211,0.23745791903524238,0.05494258900700914,0.9450574109929909,0.9715639810426541,210,0.23839000688351045,0.055158253827849335,0.9448417461721507,0.9714285714285714
69,E,0.9953051643192489,0.9953051643192489,0.004694835680751174,22366,51594.0,212,1.947189166593161,0.4505371500503662,0.5494628499496338,0.5047169811320755,211,1.939377618446795,0.4487297279982486,0.5512702720017514,0.5071090047393365
70,L,0.9906103286384976,0.9906103286384976,0.009389671361502348,22155,70005.0,211,0.6580701670198146,0.15226309937878896,0.847736900621211,0.8767772511848341,210,0.6602981210232284,0.152778599395101,0.847221400604899,0.8761904761904762
71,I,0.9906103286384976,0.9906103286384976,0.009389671361502348,22155,6077.0,211,2.530478039579591,0.5854974872379362,0.41450251276206385,0.2938388625592417,210,2.531204783989574,0.5856656400609418,0.4143343599390582,0.29523809523809524
72,Y,0.9906103286384976,0.9906103286384976,0.009389671361502348,22155,103966.0,211,0.8798099190702307,0.2035688469947023,0.7964311530052977,0.8672985781990521,210,0.8610858969623102,0.19923651621620783,0.8007634837837921,0.8714285714285714
73,C,0.9859154929577465,0.9859154929577465,0.014084507042253521,21945,82616.0,210,0.7326747184423812,0.1695249671805278,0.8304750328194722,0.8904761904761904,209,0.7167194119382732,0.165833256871191,0.834166743128809,0.8947368421052632
74,D,0.9906103286384976,0.9906103286384976,0.009389671361502348,22155,130626.0,211,0.08679559342327756,0.020082609316418906,0.9799173906835811,0.990521327014218,210,0.0871433206501837,0.020163065820847446,0.9798369341791525,0.9904761904761905
75,K,0.9906103286384976,0.9906103286384976,0.009389671361502348,22155,47236.0,211,1.6947272457345763,0.39212296191122636,0.6078770380887737,0.6872037914691943,210,1.7002128408911317,0.39339220911666795,0.606607790883332,0.6857142857142857
76,D,0.9906103286384976,0.9906103286384976,0.009389671361502348,22155,90976.0,211,0.9537892578116374,0.22068605420342952,0.7793139457965705,0.8672985781990521,210,0.9573505199082962,0.22151005266394802,0.778489947336052,0.8666666666666667
77,A,0.9906103286384976,0.9906103286384976,0.009389671361502348,22155,86314.0,211,0.08679559342327756,0.020082609316418906,0.9799173906835811,0.990521327014218,210,0.0871433206501837,0.020163065820847446,0.9798369341791525,0.9904761904761905
78,A,0.9906103286384976,0.9906103286384976,0.009389671361502348,22155,76854.0,211,0.4017585326437645,0.092958171404801,0.907041828595199,0.9478672985781991,210,0.40330294641553727,0.09331551510369311,0.9066844848963069,0.9476190476190476
79,I,0.9906103286384976,0.9906103286384976,0.009389671361502348,22155,52725.0,211,1.5506588426490797,0.3587886722325242,0.6412113277674758,0.7203791469194313,210,1.5401204131309418,0.3563503092411074,0.6436496907588927,0.7238095238095238
80,G,0.9906103286384976,0.9906103286384976,0.009389671361502348,22155,66344.0,211,1.4636155705263245,0.33864875546118245,0.6613512445388176,0.7393364928909952,210,1.4685046599939433,0.3397799842461783,0.6602200157538217,0.7380952380952381
81,H,0.9906103286384976,0.9906103286384976,0.009389671361502348,22155,43886.0,211,1.4518765528518907,0.3359326025274211,0.6640673974725789,0.7582938388625592,210,1.4417017346148788,0.33357837126451595,0.666421628735484,0.7619047619047619
82,P,0.9953051643192489,0.9953051643192489,0.004694835680751174,22366,94153.0,212,1.2093973206816278,0.2798281910595153,0.7201718089404847,0.8066037735849056,211,1.2136556651014319,0.28081347918238836,0.7191865208176116,0.8056872037914692
83,L,0.9906103286384976,0.9906103286384976,0.009389671361502348,22155,54296.0,211,1.295033887058735,0.29964262676898745,0.7003573732310125,0.7440758293838863,210,1.288775947869643,0.2981946759813529,0.701805324018647,0.7476190476190476
84,G,0.9906103286384976,0.9906103286384976,0.009389671361502348,22155,95649.0,211,0.8082937423678747,0.18702156181729357,0.8129784381827064,0.8815165876777251,210,0.8112741819184159,0.18771117059492848,0.8122888294050715,0.8809523809523809
85,N,0.9859154929577465,0.9859154929577465,0.014084507042253521,21945,48551.0,210,1.9116565132233627,0.4423156682048372,0.5576843317951627,0.6285714285714286,209,1.905400942828783,0.44086826550464425,0.5591317344953557,0.631578947368421
86,L,0.9765258215962441,0.9765258215962441,0.023474178403755867,21528,8706.0,208,2.8606121219357115,0.661883321316632,0.33811667868336803,0.3173076923076923,207,2.8512858731267534,0.6597254305317319,0.34027456946826806,0.3188405797101449
87,G,0.9812206572769953,0.9812206572769953,0.018779342723004695,21736,67188.0,209,1.4478193267726511,0.3349938488068215,0.6650061511931785,0.7559808612440191,208,1.4528343399034789,0.3361542135840051,0.6638457864159949,0.7548076923076923
88,V,0.9624413145539906,0.9624413145539906,0.03755868544600939,20910,66087.0,205,0.7985418002134781,0.18476517486677194,0.8152348251332281,0.8926829268292683,204,0.8016512955742586,0.1854846443471779,0.8145153556528221,0.8921568627450981
89,T,0.9577464788732394,0.9577464788732394,0.04225352112676056,20706,30235.0,204,1.8522737467353128,0.42857578980234895,0.571424210197651,0.6225490196078431,203,1.846352563977684,0.42720575711609643,0.5727942428839036,0.625615763546798
90,Y,0.9624413145539906,0.9624413145539906,0.03755868544600939,20910,159089.0,205,1.019261074987933,0.23583480627400322,0.7641651937259968,0.8292682926829268,204,1.0079900672387334,0.23322694064048363,0.7667730593595163,0.8333333333333334
91,G,0.9624413145539906,0.9624413145539906,0.03755868544600939,20910,57084.0,205,1.4911281742842,0.3450145725580521,0.6549854274419479,0.6634146341463415,204,1.4955267936275178,0.34603231724207895,0.653967682757921,0.6617647058823529
92,D,0.9671361502347418,0.9671361502347418,0.03286384976525822,21115,23774.0,206,2.387099281673699,0.5523227664286051,0.4476772335713949,0.46116504854368934,205,2.384328262001955,0.5516816128483264,0.4483183871516736,0.4634146341463415
93,V,0.9953051643192489,0.9953051643192489,0.004694835680751174,22366,36516.0,212,1.5542005714952705,0.3596081511244522,0.6403918488755478,0.6792452830188679,211,1.543696467643068,0.35717773034428507,0.6428222696557149,0.6824644549763034
94,N,0.9953051643192489,0.9953051643192489,0.004694835680751174,22366,52958.0,212,1.7516767685766808,0.40529984074673336,0.5947001592532666,0.5990566037735849,211,1.7564642286594774,0.4064075547062645,0.5935924452937356,0.5971563981042654
95,G,0.9859154929577465,0.9859154929577465,0.014084507042253521,21945,47563.0,210,1.4020432719466938,0.3244022670356883,0.6755977329643117,0.6714285714285714,209,1.3947347476699699,0.32271123374770516,0.6772887662522948,0.6746411483253588
96,G,0.9906103286384976,0.9906103286384976,0.009389671361502348,22155,130830.0,211,0.04341407633805841,0.010045071409081336,0.9899549285909187,0.995260663507109,210,0.043588095738005976,0.010085335706896336,0.9899146642931037,0.9952380952380953
97,I,0.9906103286384976,0.9906103286384976,0.009389671361502348,22155,60588.0,211,1.5930708334821042,0.3686018828880175,0.6313981171119825,0.5497630331753555,210,1.5965334063504235,0.36940304681122466,0.6305969531887754,0.5476190476190477
98,L,0.9953051643192489,0.9953051643192489,0.004694835680751174,22366,76013.0,212,0.6665005537706512,0.15421370720144326,0.8457862927985568,0.8915094339622641,211,0.6688721512397289,0.15476244318617266,0.8452375568138273,0.8909952606635071
99,N,0.9953051643192489,0.9953051643192489,0.004694835680751174,22366,86192.0,212,1.0542705088032998,0.24393522651393765,0.7560647734860624,0.8254716981132075,211,1.0579522114175175,0.24478709228620096,0.755212907713799,0.8246445497630331
100,A,0.9953051643192489,0.9953051643192489,0.004694835680751174,22366,79341.0,212,0.42899986526465406,0.09926122227071309,0.9007387777292869,0.9481132075471698,211,0.4306678476679819,0.099647157058777,0.900352842941223,0.9478672985781991
101,F,0.9953051643192489,0.9953051643192489,0.004694835680751174,22366,48702.0,212,1.7193283486543058,0.3978151211465527,0.6021848788534473,0.4056603773584906,211,1.7144564774527846,0.39668787629320024,0.6033121237067998,0.4075829383886256
102,Q,0.9953051643192489,0.9953051643192489,0.004694835680751174,22366,90139.0,212,0.7134502298432677,0.16507683935955475,0.8349231606404452,0.9056603773584906,211,0.7161522993375573,0.165702039370977,0.8342979606290231,0.9052132701421801
103,V,0.9906103286384976,0.9906103286384976,0.009389671361502348,22155,38356.0,211,2.232234565795534,0.5164904451872215,0.48350955481277846,0.5734597156398105,210,2.2257757380963485,0.5149960131750773,0.48500398682492274,0.5761904761904761
104,L,0.9953051643192489,0.9953051643192489,0.004694835680751174,22366,80476.0,212,0.5811343899237801,0.13446183674625098,0.865538163253749,0.910377358490566,211,0.5832449818385627,0.1349501817322028,0.8650498182677973,0.909952606635071
105,K,0.9953051643192489,0.9953051643192489,0.004694835680751174,22366,88565.0,212,0.7632561084339134,0.17660083455271028,0.8233991654472897,0.7783018867924528,211,0.756516177668407,0.1750413614153669,0.8249586385846331,0.7819905213270142
106,S,0.9953051643192489,0.9953051643192489,0.004694835680751174,22366,39009.0,212,1.8132939022212913,0.4195567030294494,0.5804432969705506,0.6650943396226415,211,1.8044453460757695,0.41750933991945477,0.5824906600805453,0.6682464454976303
107,E,0.9953051643192489,0.9953051643192489,0.004694835680751174,22366,35558.0,212,2.2691178148230677,0.5250244254427386,0.47497557455726136,0.3160377358490566,211,2.2704735081387954,0.5253381033397244,0.4746618966602756,0.3175355450236967
108,N,0.9953051643192489,0.9953051643192489,0.004694835680751174,22366,120185.0,212,0.27479219423965784,0.0635809268934215,0.9364190731065785,0.9575471698113207,211,0.27579720048034845,0.06381346344160689,0.9361865365583931,0.957345971563981
109,P,0.9953051643192489,0.9953051643192489,0.004694835680751174,22366,118729.0,212,0.6650838784247206,0.15388591939127436,0.8461140806087256,0.8867924528301887,211,0.6674123923804094,0.15442468678965918,0.8455753132103409,0.8862559241706162
110,N,0.9953051643192489,0.9953051643192489,0.004694835680751174,22366,129798.0,212,0.16333808959458046,0.03779287531132268,0.9622071246886773,0.9811320754716981,211,0.16398165220310773,0.03794178167774015,0.9620582183222599,0.981042654028436
111,L,0.9953051643192489,0.9953051643192489,0.004694835680751174,22366,69148.0,212,1.115346632533854,0.2580669108894376,0.7419330891105624,0.7216981132075472,211,1.1183963812111164,0.25877255628896895,0.7412274437110311,0.7203791469194313
112,K,0.9953051643192489,0.9953051643192489,0.004694835680751174,22366,102424.0,212,0.38465989817194945,0.08900191991324058,0.9109980800867594,0.9433962264150944,211,0.3860835513224168,0.08933132223535496,0.910668677764645,0.943127962085308
113,I,0.9953051643192489,0.9953051643192489,0.004694835680751174,22366,77339.0,212,0.9199705478484188,0.21286114152077185,0.7871388584792282,0.8207547169811321,211,0.9229764620389003,0.21355664457507703,0.7864433554249229,0.8199052132701422
114,G,0.9953051643192489,0.9953051643192489,0.004694835680751174,22366,117997.0,212,0.2718612811362556,0.06290277745662975,0.9370972225433702,0.9622641509433962,211,0.27288607878814375,0.06313989330617396,0.936860106693826,0.9620853080568721
115,V,0.9953051643192489,0.9953051643192489,0.004694835680751174,22366,77710.0,212,0.9808627190083377,0.22695026327917212,0.7730497367208279,0.7405660377358491,211,0.9834521341851191,0.22754939753590456,0.7724506024640955,0.7393364928909952
116,S,0.9953051643192489,0.9953051643192489,0.004694835680751174,22366,87360.0,212,0.12962772529478184,0.029993031454670735,0.9700069685453293,0.9858490566037735,211,0.13014439546857304,0.030112577676275485,0.9698874223237245,0.985781990521327
117,L,0.9953051643192489,0.9953051643192489,0.004694835680751174,22366,58188.0,212,1.5335037655258623,0.3548193611411363,0.6451806388588637,0.46226415094339623,211,1.5354768235660647,0.35527588378493885,0.6447241162150612,0.4597156398104265
118,G,0.9953051643192489,0.9953051643192489,0.004694835680751174,22366,134196.0,212,-0.0,-0.0,1.0,1.0,211,-0.0,-0.0,1.0,1.0
119,G,0.9953051643192489,0.9953051643192489,0.004694835680751174,22366,134196.0,212,-0.0,-0.0,1.0,1.0,211,-0.0,-0.0,1.0,1.0
120,W,0.9953051643192489,0.9953051643192489,0.004694835680751174,22366,242861.0,212,0.04324154504802915,0.010005151427480216,0.9899948485725197,0.9952830188679245,211,0.04341407633805841,0.010045071409081336,0.9899549285909187,0.995260663507109
121,S,0.9953051643192489,0.9953051643192489,0.004694835680751174,22366,81112.0,212,0.39946686595746056,0.09242792966176624,0.9075720703382337,0.9339622641509434,211,0.4008918027282278,0.092757628985652,0.907242371014348,0.933649289099526
122,K,0.9953051643192489,0.9953051643192489,0.004694835680751174,22366,100140.0,212,0.45455742628642315,0.10517468507265153,0.8948253149273485,0.9386792452830188,211,0.4562779883173599,0.1055727856410002,0.8944272143589997,0.9383886255924171
123,S,0.9953051643192489,0.9953051643192489,0.004694835680751174,22366,86531.0,212,0.15390412733042952,0.035610061979626836,0.9643899380203732,0.9811320754716981,211,0.15450297921732575,0.03574862325916424,0.9642513767408357,0.981042654028436
124,G,0.9953051643192489,0.9953051643192489,0.004694835680751174,22366,111294.0,212,0.5286843862219359,0.12232604860949553,0.8776739513905045,0.9198113207547169,211,0.5306170716859696,0.12277322991876348,0.8772267700812365,0.919431279620853
125,D,0.9953051643192489,0.9953051643192489,0.004694835680751174,22366,111571.0,212,0.6120549397442694,0.1416161783136331,0.8583838216863668,0.910377358490566,211,0.6143120745491966,0.14213843013165786,0.8578615698683422,0.909952606635071
126,F,0.9953051643192489,0.9953051643192489,0.004694835680751174,22366,132937.0,212,0.07701687574298335,0.01782002709255869,0.9821799729074413,0.9905660377358491,211,0.07731692043749558,0.017889450897842992,0.982110549102157,0.990521327014218
127,S,0.9953051643192489,0.9953051643192489,0.004694835680751174,22366,74763.0,212,0.562297118065542,0.13010330244288723,0.8698966975571127,0.9150943396226415,211,0.5643538610013079,0.1305791879482937,0.8694208120517063,0.9146919431279621
128,T,0.9953051643192489,0.9953051643192489,0.004694835680751174,22366,9478.0,212,2.575688813763209,0.595958275384111,0.40404172461588905,0.33490566037735847,211,2.58038414818153,0.5970446734720096,0.4029553265279904,0.33175355450236965
129,I,0.9953051643192489,0.9953051643192489,0.004694835680751174,22366,68672.0,212,1.2014629369773022,0.2779923475354845,0.7220076524645155,0.75,211,1.1941367273318142,0.2762972222384777,0.7237027777615224,0.7535545023696683
130,A,0.9953051643192489,0.9953051643192489,0.004694835680751174,22366,69661.0,212,0.7987140391452916,0.1848050272030515,0.8151949727969485,0.8867924528301887,211,0.8016758713982343,0.18549033065741632,0.8145096693425837,0.8862559241706162
131,A,0.9953051643192489,0.9953051643192489,0.004694835680751174,22366,64241.0,212,0.8604727058658992,0.19909463715599476,0.8009053628440053,0.8679245283018868,211,0.8635797895824602,0.19981354863447043,0.8001864513655296,0.8672985781990521
132,T,0.9953051643192489,0.9953051643192489,0.004694835680751174,22366,64386.0,212,1.4628124453328248,0.3384629297889669,0.661537070211033,0.49528301886792453,211,1.4498333320569683,0.33545984575080107,0.6645401542491989,0.4976303317535545
133,P,0.9953051643192489,0.9953051643192489,0.004694835680751174,22366,60803.0,212,1.534540085507622,0.35505914300677766,0.6449408569932223,0.660377358490566,211,1.5389673167827556,0.356083507868463,0.643916492131537,0.6587677725118484
134,S,0.9953051643192489,0.9953051643192489,0.004694835680751174,22366,29927.0,212,2.323607326204994,0.5376321112222372,0.4623678887777628,0.5,211,2.3211507801650835,0.537063719988978,0.46293628001102205,0.5023696682464455
135,I,0.9953051643192489,0.9953051643192489,0.004694835680751174,22366,20917.0,212,2.089629124981916,0.48349465310490675,0.5165053468950933,0.5566037735849056,211,2.082090214441895,0.4817503134549854,0.5182496865450146,0.5592417061611374
136,R,0.9953051643192489,0.9953051643192489,0.004694835680751174,22366,105569.0,212,0.15034333722588483,0.03478617272780034,0.9652138272721996,0.9811320754716981,211,0.15092531333029507,0.03492082931894045,0.9650791706810595,0.981042654028436
137,A,0.9953051643192489,0.9953051643192489,0.004694835680751174,22366,44718.0,212,1.252636871514048,0.2898328810689512,0.7101671189310488,0.7405660377358491,211,1.2565143158496244,0.2907300372109433,0.7092699627890566,0.7393364928909952
138,K,0.9953051643192489,0.9953051643192489,0.004694835680751174,22366,79014.0,212,1.174170410284589,0.27167745147670946,0.7283225485232905,0.7641509433962265,211,1.1669285562510883,0.2700018442304743,0.7299981557695256,0.7677725118483413
139,F,0.9953051643192489,0.9953051643192489,0.004694835680751174,22366,84996.0,212,0.8742597070419681,0.2022846488529451,0.7977153511470549,0.7688679245283019,211,0.8766011327728507,0.202826403754803,0.797173596245197,0.7677725118483413
140,V,0.9953051643192489,0.9953051643192489,0.004694835680751174,22366,80536.0,212,0.5423905010390677,0.12549734496524598,0.874502655034754,0.9056603773584906,211,0.5442818609181714,0.12593496443451505,0.874065035565485,0.9052132701421801
141,E,0.9953051643192489,0.9953051643192489,0.004694835680751174,22366,23867.0,212,2.602873247550008,0.6022481610994603,0.39775183890053967,0.29245283018867924,211,2.605550207740332,0.6028675513649974,0.39713244863500263,0.2938388625592417
142,N,0.9953051643192489,0.9953051643192489,0.004694835680751174,22366,124719.0,212,0.2953040600207747,0.06832692574642912,0.9316730742535708,0.9575471698113207,211,0.29640627889549903,0.06858195518017379,0.9314180448198262,0.957345971563981
143,V,0.9953051643192489,0.9953051643192489,0.004694835680751174,22366,60089.0,212,1.48856788459085,0.3444221773036335,0.6555778226963664,0.6650943396226415,211,1.4928260772465052,0.345407430311589,0.654592569688411,0.6635071090047393
144,M,1.0,1.0,0.0,22578,41497.0,213,1.9754921990610366,0.4570858551297859,0.5429141448702142,0.5586854460093896,212,1.9808361305105824,0.45832232443983006,0.54167767556017,0.5566037735849056
145,K,1.0,1.0,0.0,22578,81234.0,213,1.0473997063771383,0.24234547252559865,0.7576545274744013,0.8403755868544601,212,1.0511537647920197,0.24321407985373128,0.7567859201462688,0.839622641509434
146,F,1.0,1.0,0.0,22578,133562.0,213,0.086109015450176,0.01992375013180782,0.9800762498681922,0.9906103286384976,212,0.08645083800713431,0.02000284042425453,0.9799971595757455,0.9905660377358491
147,I,1.0,1.0,0.0,22578,75718.0,213,1.1932073960847185,0.27608219523509114,0.7239178047649089,0.5539906103286385,212,1.1948036332961256,0.2764515297488457,0.7235484702511543,0.5518867924528302
148,K,1.0,1.0,0.0,22578,84101.0,213,1.019357150867496,0.23585703613934425,0.7641429638606557,0.8356807511737089,212,1.0229407016103755,0.23668619170699906,0.7633138082930009,0.8349056603773585
149,Y,1.0,1.0,0.0,22578,117521.0,213,0.7475607746136512,0.17296927625843206,0.8270307237415679,0.8826291079812206,212,0.7502352470208027,0.17358809090514385,0.8264119090948562,0.8820754716981132
150,T,1.0,1.0,0.0,22578,89692.0,213,0.6572330621832723,0.1520694115574824,0.8479305884425176,0.9107981220657277,212,0.6596958146032782,0.15263923881187827,0.8473607611881218,0.910377358490566
151,N,1.0,1.0,0.0,22578,107288.0,213,0.721873646093363,0.16702583436020269,0.8329741656397973,0.8873239436619719,212,0.7244631506583392,0.16762498929941594,0.8323750107005841,0.8867924528301887
152,M,1.0,1.0,0.0,22578,97990.0,213,0.5126481369626007,0.11861560991008603,0.881384390089914,0.9248826291079812,212,0.514533582163462,0.11905186085167196,0.880948139148328,0.9245283018867925
153,D,1.0,1.0,0.0,22578,134408.0,213,0.04307048235072913,0.00996557124624065,0.9900344287537594,0.9953051643192489,212,0.04324154504802915,0.010005151427480216,0.9899948485725197,0.9952830188679245
154,F,1.0,1.0,0.0,22578,120708.0,213,0.23098464182857795,0.05344481369364333,0.9465551863063567,0.9624413145539906,212,0.2318130500245902,0.05363648930180355,0.9463635106981965,0.9622641509433962
155,V,1.0,1.0,0.0,22578,85364.0,213,0.3371845889440186,0.0780171676948749,0.9219828323051251,0.9530516431924883,212,0.3384470583825419,0.07830927561772924,0.9216907243822707,0.9528301886792453
156,D,1.0,1.0,0.0,22578,135468.0,213,-0.0,-0.0,1.0,1.0,212,-0.0,-0.0,1.0,1.0
157,I,1.0,1.0,0.0,22578,58066.0,213,1.5338777642697914,0.35490589630223063,0.6450941036977693,0.4507042253521127,212,1.5311980102634495,0.3542858596085355,0.6457141403914646,0.4528301886792453
158,D,1.0,1.0,0.0,22578,134408.0,213,0.04307048235072913,0.00996557124624065,0.9900344287537594,0.9953051643192489,212,0.04324154504802915,0.010005151427480216,0.9899948485725197,0.9952830188679245
159,W,1.0,1.0,0.0,22578,241401.0,213,0.11972577651745439,0.02770193623977325,0.9722980637602268,0.9859154929577465,212,0.12019376303063088,0.027810218122974892,0.9721897818770251,0.9858490566037735
160,E,1.0,1.0,0.0,22578,112890.0,213,-0.0,-0.0,1.0,1.0,212,-0.0,-0.0,1.0,1.0
161,Y,1.0,1.0,0.0,22578,145318.0,213,0.38473681068167803,0.0890197157923112,0.9109802842076888,0.9248826291079812,212,0.3860189005698934,0.08931636345975667,0.9106836365402433,0.9245283018867925
162,P,1.0,1.0,0.0,22578,156350.0,213,0.04307048235072913,0.00996557124624065,0.9900344287537594,0.9953051643192489,212,0.04324154504802915,0.010005151427480216,0.9899948485725197,0.9952830188679245
163,G,1.0,1.0,0.0,22578,41624.0,213,1.5403700467993449,0.356408069033247,0.643591930966753,0.6948356807511737,212,1.53346857129387,0.3548112179626244,0.6451887820373756,0.6981132075471698
164,D,1.0,1.0,0.0,22578,41199.0,213,1.6327345438483303,0.3777792013198411,0.6222207986801589,0.647887323943662,212,1.6296417540888675,0.3770635971516178,0.6229364028483821,0.6509433962264151
165,Y,0.9906103286384976,0.9906103286384976,0.009389671361502348,22155,49522.0,211,1.3434613795196118,0.3108476934423928,0.6891523065576072,0.8009478672985783,210,1.3278062189728028,0.30722543036834304,0.692774569631657,0.8047619047619048
166,R,0.9906103286384976,0.9906103286384976,0.009389671361502348,22155,105988.0,211,0.16398165220310773,0.03794178167774015,0.9620582183222599,0.981042654028436,210,0.16463071481020372,0.03809196062399883,0.9619080393760011,0.9809523809523809
167,E,0.9859154929577465,0.9859154929577465,0.014084507042253521,21945,31774.0,210,2.128381212917433,0.49246104196763657,0.5075389580323635,0.29523809523809524,209,2.128879078997465,0.4925762373316272,0.5074237626683729,0.2966507177033493
168,P,0.9859154929577465,0.9859154929577465,0.014084507042253521,21945,40371.0,210,1.407559666112391,0.3256786404608322,0.6743213595391677,0.48095238095238096,209,1.4092237825793283,0.32606368075544195,0.673936319244558,0.4784688995215311
169,D,0.9906103286384976,0.9906103286384976,0.009389671361502348,22155,128562.0,211,0.10760938360997835,0.024898466898899865,0.9751015331011001,0.985781990521327,210,0.10802319526362832,0.024994213899906078,0.9750057861000939,0.9857142857142858
170,K,0.9906103286384976,0.9906103286384976,0.009389671361502348,22155,31652.0,211,1.3199953200888657,0.3054181585414061,0.6945818414585939,0.7156398104265402,210,1.3149578610727013,0.3042526002753804,0.6957473997246195,0.719047619047619
171,T,0.9906103286384976,0.9906103286384976,0.009389671361502348,22155,65464.0,211,0.9407321011541508,0.21766491262707324,0.7823350873729268,0.8625592417061612,210,0.9239240912956588,0.21377590533924373,0.7862240946607563,0.8666666666666667
172,D,0.9906103286384976,0.9906103286384976,0.009389671361502348,22155,122244.0,211,0.24275958081927723,0.05616927803737651,0.9438307219626235,0.966824644549763,210,0.24368323818634052,0.05638299222853946,0.9436170077714605,0.9666666666666667
173,N,0.9812206572769953,0.9812206572769953,0.018779342723004695,21736,120015.0,209,0.337115694619726,0.07800122704922324,0.9219987729507768,0.9569377990430622,208,0.33843039139771264,0.07830541924056068,0.9216945807594393,0.9567307692307693
174,I,0.9859154929577465,0.9859154929577465,0.014084507042253521,21945,34239.0,210,1.9100099007922975,0.44193467796277064,0.5580653220372294,0.638095238095238,209,1.8908789069819985,0.43750818279897324,0.5624918172010267,0.6411483253588517
175,N,0.9812206572769953,0.9812206572769953,0.018779342723004695,21736,98543.0,209,0.8346641257389674,0.1931230940020348,0.8068769059979652,0.8803827751196173,208,0.8377910315211416,0.1938465918746332,0.8061534081253667,0.8798076923076923
176,D,0.9906103286384976,0.9906103286384976,0.009389671361502348,22155,131460.0,211,0.04341407633805841,0.010045071409081336,0.9899549285909187,0.995260663507109,210,0.043588095738005976,0.010085335706896336,0.9899146642931037,0.9952380952380953
177,E,0.9953051643192489,0.9953051643192489,0.004694835680751174,22366,95895.0,212,0.5233567834409059,0.12109335739759583,0.8789066426024041,0.9339622641509434,211,0.5253688762187037,0.12155891182923434,0.8784410881707656,0.933649289099526
178,G,0.9953051643192489,0.9953051643192489,0.004694835680751174,22366,130428.0,212,0.10719901066193527,0.024803515539452554,0.9751964844605474,0.9858490566037735,211,0.10760938360997835,0.024898466898899865,0.9751015331011001,0.985781990521327
179,T,0.9953051643192489,0.9953051643192489,0.004694835680751174,22366,99493.0,212,0.3537541928062991,0.08185101302929441,0.9181489869707056,0.9528301886792453,211,0.3550995777898159,0.0821623058027925,0.9178376941972075,0.95260663507109
180,P,0.9859154929577465,0.9859154929577465,0.014084507042253521,21945,116341.0,210,0.6888978424089878,0.15939595182620495,0.8406040481737951,0.8904761904761904,209,0.6913912532717723,0.15997287277630917,0.8400271272236908,0.8899521531100478
181,N,0.9859154929577465,0.9859154929577465,0.014084507042253521,21945,65787.0,210,1.6264438401729657,0.3763236695439177,0.6236763304560823,0.6904761904761905,209,1.6316618381617893,0.37753100059484296,0.6224689994051571,0.6889952153110048
182,A,0.9812206572769953,0.9812206572769953,0.018779342723004695,21736,67229.0,209,0.7927535134271047,0.18342589141288462,0.8165741085871154,0.8516746411483254,208,0.7954483433751722,0.1840494163510379,0.8159505836489621,0.8509615384615384
183,S,0.9812206572769953,0.9812206572769953,0.018779342723004695,21736,19452.0,209,2.3125884581978804,0.5350825852317079,0.46491741476829207,0.4449760765550239,208,2.3069055926022415,0.5337676939445619,0.4662323060554381,0.44711538461538464
184,A,0.9906103286384976,0.9906103286384976,0.009389671361502348,22155,108531.0,211,0.9079341560157426,0.21007618268563652,0.7899238173143635,0.8578199052132701,210,0.8928566816151032,0.20658758359985457,0.7934124164001455,0.861904761904762
185,G,1.0,1.0,0.0,22578,30652.0,213,1.660072455816905,0.3841045985426487,0.6158954014573512,0.5727699530516432,212,1.6416559472770391,0.3798434197040531,0.6201565802959469,0.5754716981132075
186,D,1.0,1.0,0.0,22578,127503.0,213,0.18331831095114043,0.042415863227339985,0.95758413677266,0.9765258215962441,212,0.18402098425884172,0.042578446521710965,0.9574215534782891,0.9764150943396226
187,K,1.0,1.0,0.0,22578,94064.0,213,0.6519470816911725,0.15084635083642303,0.8491536491635769,0.9061032863849765,212,0.6543496401593959,0.15140225052181241,0.8485977494781876,0.9056603773584906
188,E,1.0,1.0,0.0,22578,60520.0,213,1.6778704481143425,0.38822266619826096,0.611777333801739,0.49295774647887325,212,1.679094156569092,0.3885058056739494,0.6114941943260506,0.49528301886792453
189,N,1.0,1.0,0.0,22578,123824.0,213,0.35475817767021117,0.08208331325314583,0.9179166867468542,0.9577464788732394,212,0.35613706451247173,0.08240235762685759,0.9175976423731425,0.9575471698113207
190,Y,1.0,1.0,0.0,22578,112232.0,213,0.9800737637387085,0.22676771621862232,0.7732322837813776,0.6384976525821596,212,0.98163462143313,0.22712886468295423,0.7728711353170458,0.6367924528301887
191,I,1.0,1.0,0.0,22578,72884.0,213,0.8304751170446434,0.19215384865543145,0.8078461513445685,0.8732394366197183,212,0.8334677163225462,0.1928462709290558,0.8071537290709442,0.8726415094339622
192,L,1.0,1.0,0.0,22578,33718.0,213,1.7740431318013397,0.4104749299045371,0.5895250700954628,0.6056338028169014,212,1.7709604320417305,0.4097616603424507,0.5902383396575492,0.6084905660377359
193,L,1.0,1.0,0.0,22578,87985.0,213,0.086109015450176,0.01992375013180782,0.9800762498681922,0.9906103286384976,212,0.08645083800713431,0.02000284042425453,0.9799971595757455,0.9905660377358491
194,L,1.0,1.0,0.0,22578,83549.0,213,0.4167832018615335,0.09643455252172482,0.9035654474782752,0.9295774647887324,212,0.418250998106877,0.09677416859425501,0.903225831405745,0.9292452830188679
195,Q,1.0,1.0,0.0,22578,69366.0,213,1.3819511817440606,0.31975339510595835,0.6802466048940417,0.7276995305164319,212,1.3863006817041115,0.32075977463485333,0.6792402253651466,0.7264150943396226
196,D,1.0,1.0,0.0,22578,86054.0,213,1.1500544680773739,0.26609754786014006,0.7339024521398599,0.6713615023474179,212,1.1527599016482084,0.26672352624558215,0.7332764737544178,0.6698113207547169
197,L,1.0,1.0,0.0,22578,65147.0,213,1.1245248690612268,0.2601905548570988,0.7398094451429011,0.6995305164319249,212,1.1273905462505356,0.26085361012465375,0.7391463898753463,0.6981132075471698
198,K,1.0,1.0,0.0,22578,95659.0,213,0.6327501719962418,0.1464046041730207,0.8535953958269793,0.863849765258216,212,0.6215674706662239,0.1438171707209819,0.8561828292790181,0.8679245283018868
199,E,1.0,1.0,0.0,22578,33001.0,213,1.9911661763901927,0.4607124719973126,0.5392875280026874,0.539906103286385,212,1.9885700816356304,0.4601117922318086,0.5398882077681915,0.5424528301886793
200,A,1.0,1.0,0.0,22578,52723.0,213,1.3727232411232404,0.3176182506939686,0.6823817493060313,0.7464788732394366,212,1.37720315706026,0.3186548056385821,0.6813451943614179,0.7452830188679245
201,L,1.0,1.0,0.0,22578,71791.0,213,0.9196466743123627,0.21278620424070946,0.7872137957592905,0.7699530516431925,212,0.9222007948373964,0.21337717208398643,0.7866228279160136,0.7688679245283019
202,N,1.0,1.0,0.0,22578,93451.0,213,1.0426011599856568,0.24123519343577346,0.7587648065642265,0.7887323943661971,212,1.0345280599728603,0.2393672539801526,0.7606327460198474,0.7924528301886793
203,K,1.0,1.0,0.0,22578,64065.0,213,1.4626078050054008,0.33841558047566705,0.661584419524333,0.7464788732394366,212,1.4675117047343176,0.3395502360324585,0.6604497639675415,0.7452830188679245
204,Q,0.9953051643192489,0.9953051643192489,0.004694835680751174,22366,88389.0,212,0.6433806403514124,0.14886426294609145,0.8511357370539085,0.9056603773584906,211,0.6457506264831813,0.14941262610247352,0.8505873738975265,0.9052132701421801
205,G,0.9953051643192489,0.9953051643192489,0.004694835680751174,22366,112906.0,212,0.4891369878933952,0.11317564224912054,0.8868243577508794,0.9245283018867925,211,0.4909173087612529,0.11358756971037648,0.8864124302896235,0.9241706161137441
206,K,0.9953051643192489,0.9953051643192489,0.004694835680751174,22366,4334.0,212,2.5916807728826003,0.5996584663100797,0.4003415336899203,0.3632075471698113,211,2.5928285112241496,0.5999240279567223,0.4000759720432777,0.36492890995260663
207,E,0.9859154929577465,0.9859154929577465,0.014084507042253521,21945,51336.0,210,1.9218372984579855,0.44467128010098744,0.5553287198990126,0.3904761904761905,209,1.9245155345273874,0.4452909655771457,0.5547090344228542,0.3923444976076555
208,L,0.9859154929577465,0.9859154929577465,0.014084507042253521,21945,44311.0,210,1.8600126277954865,0.4303663982739078,0.5696336017260921,0.44285714285714284,209,1.863269000994606,0.43111985208610143,0.5688801479138985,0.44019138755980863
209,G,0.9953051643192489,0.9953051643192489,0.004694835680751174,22366,32404.0,212,1.877098047853628,0.43431959223804456,0.5656804077619555,0.4481132075471698,211,1.8804858262015598,0.4351034503387703,0.5648965496612297,0.44549763033175355
210,K,0.9953051643192489,0.9953051643192489,0.004694835680751174,22366,102458.0,212,0.4155731691803364,0.09615457732208453,0.9038454226779155,0.9386792452830188,211,0.417108971698922,0.09650992856460112,0.9034900714353988,0.9383886255924171
211,V,0.9953051643192489,0.9953051643192489,0.004694835680751174,22366,21337.0,212,2.2345534835701257,0.5170269922383709,0.4829730077616291,0.419811320754717,211,2.2188046039863565,0.5133830446210101,0.48661695537898986,0.4218009478672986
212,Y,0.9906103286384976,0.9906103286384976,0.009389671361502348,22155,151736.0,211,0.08679559342327756,0.020082609316418906,0.9799173906835811,0.990521327014218,210,0.0871433206501837,0.020163065820847446,0.9798369341791525,0.9904761904761905
213,E,0.9953051643192489,0.9953051643192489,0.004694835680751174,22366,102306.0,212,0.2212265460738455,0.05118700293407151,0.9488129970659285,0.9716981132075472,211,0.22207823895070905,0.05138406611008109,0.9486159338899189,0.9715639810426541
214,L,1.0,1.0,0.0,22578,89252.0,213,0.04307048235072913,0.00996557124624065,0.9900344287537594,0.9953051643192489,212,0.04324154504802915,0.010005151427480216,0.9899948485725197,0.9952830188679245
215,S,1.0,1.0,0.0,22578,73020.0,213,0.6220403090607189,0.1439265752238135,0.8560734247761865,0.8450704225352113,212,0.6238259731050347,0.1443397389796909,0.8556602610203091,0.8443396226415094
216,V,1.0,1.0,0.0,22578,77920.0,213,0.5236740315428672,0.12116676169655596,0.8788332383034441,0.9248826291079812,212,0.5256114856804279,0.12161504637298375,0.8783849536270163,0.9245283018867925
217,A,1.0,1.0,0.0,22578,90312.0,213,-0.0,-0.0,1.0,1.0,212,-0.0,-0.0,1.0,1.0
218,L,0.9953051643192489,0.9953051643192489,0.004694835680751174,22366,76501.0,212,0.777190827849218,0.17982502503190606,0.820174974968094,0.8679245283018868,211,0.779903210722098,0.18045261133443816,0.8195473886655619,0.8672985781990521
219,P,0.9953051643192489,0.9953051643192489,0.004694835680751174,22366,125162.0,212,0.635425781453624,0.14702368190838316,0.8529763180916168,0.910377358490566,211,0.637793678541534,0.14757156170552996,0.85242843829447,0.909952606635071
220,A,1.0,1.0,0.0,22578,72081.0,213,0.749099182101439,0.17332523023406798,0.826674769765932,0.8732394366197183,212,0.7517079326296097,0.1739288382698557,0.8260711617301443,0.8726415094339622
221,G,1.0,1.0,0.0,22578,24650.0,213,2.0420058100392957,0.47247565558873883,0.5275243444112612,0.3568075117370892,212,2.036652829366326,0.47123709248554835,0.5287629075144517,0.3584905660377358
222,V,0.9859154929577465,0.9859154929577465,0.014084507042253521,21945,40647.0,210,1.9646483401473205,0.45457682243057373,0.5454231775694263,0.5380952380952381,209,1.9519233317652482,0.4516325327286869,0.548367467271313,0.5406698564593302
223,S,0.9953051643192489,0.9953051643192489,0.004694835680751174,22366,17489.0,212,2.628081106478794,0.6080807104559861,0.3919192895440139,0.4386792452830189,211,2.634881784356037,0.6096542391514977,0.39034576084850225,0.43601895734597157
224,K,1.0,1.0,0.0,22578,28625.0,213,1.8446934506749764,0.42682187444468633,0.5731781255553137,0.431924882629108,212,1.8475103564468207,0.42747364506881513,0.5725263549311849,0.4339622641509434
225,I,1.0,1.0,0.0,22578,67056.0,213,1.2542959769686255,0.290216761924475,0.709783238075525,0.7464788732394366,212,1.2452273838755112,0.2881184870587173,0.7118815129412828,0.75
226,E,1.0,1.0,0.0,22578,23073.0,213,2.5853908412276025,0.5982031131628492,0.40179688683715076,0.3051643192488263,212,2.5894723787152065,0.5991474920136757,0.4008525079863243,0.3018867924528302
227,K,1.0,1.0,0.0,22578,16640.0,213,2.9310969856253575,0.6781919831319515,0.3218080168680485,0.39906103286384975,212,2.9271051238838117,0.6772683532950118,0.3227316467049882,0.4009433962264151
228,G,0.971830985915493,0.971830985915493,0.028169014084507043,21321,120207.0,207,0.19728595741224308,0.04564767230755715,0.9543523276924428,0.9758454106280193,206,0.19807199597385855,0.0458295445054184,0.9541704554945816,0.9757281553398058
229,I,0.9906103286384976,0.9906103286384976,0.009389671361502348,22155,71305.0,211,1.1343193596198633,0.26245678658136623,0.7375432134186337,0.7251184834123223,210,1.1375065364810073,0.26319422986852187,0.7368057701314781,0.7238095238095238
230,D,0.9953051643192489,0.9953051643192489,0.004694835680751174,22366,122051.0,212,0.4002269149339471,0.0926037884358596,0.9073962115641404,0.9481132075471698,211,0.4017585326437645,0.092958171404801,0.907041828595199,0.9478672985781991
231,V,1.0,1.0,0.0,22578,68038.0,213,1.2434741988851115,0.2877128382483001,0.7122871617516999,0.7183098591549296,212,1.2470818373130856,0.2885475671814912,0.7114524328185088,0.7169811320754716
232,D,1.0,1.0,0.0,22578,9957.0,213,2.3264458655494167,0.5382888873837334,0.46171111261626663,0.4460093896713615,212,2.3224345832514945,0.5373607640531607,0.4626392359468393,0.4481132075471698
233,K,1.0,1.0,0.0,22578,24003.0,213,2.53017956089816,0.5854284257739603,0.41457157422603974,0.352112676056338,212,2.534981539911564,0.5865394990977124,0.4134605009022876,0.3490566037735849
234,L,1.0,1.0,0.0,22578,75195.0,213,0.6272814227736462,0.1451392547496777,0.8548607452503223,0.892018779342723,212,0.6294607439395221,0.14564350218693933,0.8543564978130607,0.8915094339622641
235,F,1.0,1.0,0.0,22578,117390.0,213,0.44543132243650435,0.10306310347074692,0.8969368965292531,0.9436619718309859,212,0.4471368439164614,0.10345772398328497,0.896542276016715,0.9433962264150944
236,N,1.0,1.0,0.0,22578,31981.0,213,2.324898039301562,0.537930754112223,0.462069245887777,0.3380281690140845,212,2.3264783521486097,0.5382964040750062,0.46170359592499377,0.33962264150943394
237,I,1.0,1.0,0.0,22578,67237.0,213,1.3629452963364095,0.3153558473008169,0.6846441526991831,0.6572769953051644,212,1.3602378621241482,0.31472940601053623,0.6852705939894638,0.660377358490566
238,V,1.0,1.0,0.0,22578,81786.0,213,0.7107227235691542,0.16444575383146834,0.8355542461685317,0.8544600938967136,212,0.7130021053472976,0.16497315311440408,0.8350268468855959,0.8537735849056604
239,D,1.0,1.0,0.0,22578,132931.0,213,0.086109015450176,0.01992375013180782,0.9800762498681922,0.9906103286384976,212,0.08645083800713431,0.02000284042425453,0.9799971595757455,0.9905660377358491
240,F,1.0,1.0,0.0,22578,131879.0,213,0.12911544787895674,0.029874501621555024,0.970125498378445,0.9859154929577465,212,0.12962772529478184,0.029993031454670735,0.9700069685453293,0.9858490566037735
241,A,1.0,1.0,0.0,22578,69561.0,213,0.6542784483084629,0.151385778278552,0.848614221721448,0.8873239436619719,212,0.6565491076008688,0.15191115936832347,0.8480888406316766,0.8867924528301887
242,N,1.0,1.0,0.0,22578,131261.0,213,0.1497662112724676,0.03465263835593053,0.9653473616440694,0.9812206572769953,212,0.15034333722588483,0.03478617272780034,0.9652138272721996,0.9811320754716981
243,I,1.0,1.0,0.0,22578,68253.0,213,1.4163888665734619,0.32772152508714414,0.6722784749128559,0.5446009389671361,212,1.4189210161114967,0.32830740932270797,0.671692590677292,0.5424528301886793
244,M,1.0,1.0,0.0,22578,112254.0,213,0.04307048235072913,0.00996557124624065,0.9900344287537594,0.9953051643192489,212,0.04324154504802915,0.010005151427480216,0.9899948485725197,0.9952830188679245
245,T,1.0,1.0,0.0,22578,106653.0,213,0.2463117372484683,0.056991169644826686,0.9430088303551734,0.9671361502347418,212,0.24724563912426883,0.05720725419211596,0.9427927458078841,0.9669811320754716
246,Y,1.0,1.0,0.0,22578,156138.0,213,0.04307048235072913,0.00996557124624065,0.9900344287537594,0.9953051643192489,212,0.04324154504802915,0.010005151427480216,0.9899948485725197,0.9952830188679245
247,D,1.0,1.0,0.0,22578,134408.0,213,0.04307048235072913,0.00996557124624065,0.9900344287537594,0.9953051643192489,212,0.04324154504802915,0.010005151427480216,0.9899948485725197,0.9952830188679245
248,M,1.0,1.0,0.0,22578,69807.0,213,1.314345283431686,0.3041108631553807,0.6958891368446193,0.5774647887323944,212,1.3167965170014067,0.3046780251987799,0.69532197480122,0.5754716981132075
249,A,1.0,1.0,0.0,22578,48221.0,213,1.850452129588145,0.4281543072817761,0.5718456927182238,0.5586854460093896,212,1.8417884866171006,0.42614972905168175,0.5738502709483182,0.5613207547169812
250,G,1.0,1.0,0.0,22578,133772.0,213,0.04307048235072913,0.00996557124624065,0.9900344287537594,0.9953051643192489,212,0.04324154504802915,0.010005151427480216,0.9899948485725197,0.9952830188679245
251,A,1.0,1.0,0.0,22578,76396.0,213,0.5370908434154101,0.1242711196539256,0.8757288803460744,0.9154929577464789,212,0.5390219655832471,0.12471793925051292,0.8752820607494871,0.9150943396226415
252,W,0.9953051643192489,0.9953051643192489,0.004694835680751174,22366,239741.0,212,0.10719901066193527,0.024803515539452554,0.9751964844605474,0.9858490566037735,211,0.10760938360997835,0.024898466898899865,0.9751015331011001,0.985781990521327
253,S,1.0,1.0,0.0,22578,26378.0,213,2.220566345941618,0.5137906733266672,0.48620932667333283,0.39906103286384975,212,2.2202463477014622,0.5137166327056457,0.4862833672943543,0.4009433962264151
254,T,1.0,1.0,0.0,22578,22601.0,213,2.4157247844544933,0.558946084112825,0.441053915887175,0.4694835680751174,212,2.4108646485397207,0.5578215545491514,0.4421784454508486,0.4716981132075472
255,T,0.9953051643192489,0.9953051643192489,0.004694835680751174,22366,17221.0,212,2.4509403197400434,0.5670941917426601,0.43290580825733993,0.4669811320754717,211,2.4490872476031416,0.5666654312227676,0.4333345687772324,0.46919431279620855
256,S,1.0,1.0,0.0,22578,71793.0,213,0.7528387761467871,0.17419049082222351,0.8258095091777765,0.863849765258216,212,0.7553913966371271,0.17478111159015336,0.8252188884098466,0.8632075471698113
257,G,1.0,1.0,0.0,22578,44994.0,213,1.3972353530201844,0.3232898193454556,0.6767101806545444,0.49295774647887325,212,1.3982391513077592,0.32352207639960745,0.6764779236003926,0.49528301886792453
258,H,1.0,1.0,0.0,22578,172642.0,213,0.19270798231264277,0.04458842860912176,0.9554115713908783,0.9765258215962441,212,0.19345494652299267,0.04476125985340681,0.9552387401465932,0.9764150943396226
259,Q,0.9953051643192489,0.9953051643192489,0.004694835680751174,22366,98338.0,212,0.9624744553495145,0.22269561969068305,0.7773043803093169,0.7264150943396226,211,0.9575085105802258,0.221546608263315,0.778453391736685,0.7298578199052133
260,T,1.0,1.0,0.0,22578,77046.0,213,0.9448190677195425,0.21861054764821722,0.7813894523517828,0.7746478873239436,212,0.9475334211167503,0.21923858988714728,0.7807614101128527,0.7735849056603774
261,A,1.0,1.0,0.0,22578,64707.0,213,0.8288879756002373,0.19178661870399297,0.8082133812960071,0.8450704225352113,212,0.8316493361848338,0.19242553738194668,0.8075744626180533,0.8443396226415094
262,L,1.0,1.0,0.0,22578,88232.0,213,0.1605260434756787,0.037142229105008355,0.9628577708949917,0.9765258215962441,212,0.16112120608774108,0.03727993676672684,0.9627200632332732,0.9764150943396226
263,Y,1.0,1.0,0.0,22578,153611.0,213,0.12911544787895674,0.029874501621555024,0.970125498378445,0.9859154929577465,212,0.12962772529478184,0.029993031454670735,0.9700069685453293,0.9858490566037735
264,T,1.0,1.0,0.0,22578,40923.0,213,1.725460776046269,0.3992340312388371,0.6007659687611628,0.6338028169014085,212,1.7221489142312116,0.3984677385698371,0.6015322614301629,0.6367924528301887
265,N,1.0,1.0,0.0,22578,125683.0,213,0.3395229077273167,0.07855820371675232,0.9214417962832477,0.9577464788732394,212,0.3408299300887145,0.07886062021529239,0.9211393797847076,0.9575471698113207
266,P,1.0,1.0,0.0,22578,136567.0,213,0.4787184208966908,0.11076501283373782,0.8892349871662621,0.9389671361502347,212,0.4805469310238144,0.11118809023969621,0.8888119097603038,0.9386792452830188
267,N,1.0,1.0,0.0,22578,16746.0,213,2.0935938292491736,0.4844119992939717,0.5155880007060283,0.3145539906103286,212,2.09524923447582,0.48479502399736846,0.5152049760026316,0.3160377358490566
268,A,1.0,1.0,0.0,22578,82844.0,213,1.0231393010688605,0.23673214329483783,0.7632678567051622,0.8169014084507042,212,1.0117103657041562,0.23408773665183413,0.7659122633481659,0.8207547169811321
269,P,1.0,1.0,0.0,22578,119259.0,213,0.7294306436259301,0.1687743589461408,0.8312256410538592,0.8873239436619719,212,0.7320557944056826,0.16938176164283486,0.8306182383571652,0.8867924528301887
270,E,1.0,1.0,0.0,22578,27553.0,213,2.542706134740582,0.5883268020466337,0.4116731979533663,0.5492957746478874,212,2.5354177371991464,0.5866404256466984,0.4133595743533016,0.5518867924528302
271,E,0.9953051643192489,0.9953051643192489,0.004694835680751174,22366,34153.0,212,2.4014375169926216,0.5556403216965615,0.4443596783034385,0.5660377358490566,211,2.3908382514940016,0.553187882584685,0.446812117415315,0.5687203791469194
272,Y,0.9906103286384976,0.9906103286384976,0.009389671361502348,22155,10287.0,211,2.9434695337543006,0.6810547212102595,0.31894527878974055,0.2985781990521327,210,2.9380850849619393,0.6798088770698327,0.32019112293016727,0.3
273,K,0.9577464788732394,0.9577464788732394,0.04225352112676056,20706,19161.0,204,2.6915940561870073,0.6227762232719781,0.3772237767280219,0.3382352941176471,203,2.6885404574835565,0.6220696870602668,0.3779303129397332,0.3399014778325123
274,G,0.9624413145539906,0.9624413145539906,0.03755868544600939,20910,77572.0,205,1.121981936228486,0.25960217560207394,0.7403978243979261,0.8195121951219512,204,1.1260703748729082,0.26054815123023367,0.7394518487697663,0.8186274509803921
275,L,0.9671361502347418,0.9671361502347418,0.03286384976525822,21115,49284.0,206,1.2386677118693812,0.2866007218710248,0.7133992781289752,0.49514563106796117,205,1.2397457832542795,0.28685016410172126,0.7131498358982787,0.4926829268292683
276,S,1.0,1.0,0.0,22578,83890.0,213,0.32257623883324715,0.07463711374903244,0.9253628862509675,0.9577464788732394,212,0.32380332407722007,0.0749210345401776,0.9250789654598224,0.9575471698113207
277,V,1.0,1.0,0.0,22578,79023.0,213,0.8555960580512334,0.19796628709842795,0.802033712901572,0.8262910798122066,212,0.8583300374231799,0.1985988703603246,0.8014011296396755,0.8254716981132075
278,D,1.0,1.0,0.0,22578,124351.0,213,0.36746369523826566,0.0850230932053122,0.9149769067946878,0.9483568075117371,212,0.36883530157520367,0.08534045302871153,0.9146595469712885,0.9481132075471698
279,E,1.0,1.0,0.0,22578,55885.0,213,1.7634212666595221,0.4080172617275994,0.5919827382724006,0.6572769953051644,212,1.7595618467765208,0.4071242760512373,0.5928757239487628,0.660377358490566
280,S,1.0,1.0,0.0,22578,57437.0,213,1.4932962074500082,0.3455162081980279,0.6544837918019721,0.6619718309859155,212,1.4895456896886667,0.3446484200999848,0.6553515799000151,0.6650943396226415
281,V,1.0,1.0,0.0,22578,77392.0,213,0.8066809903097911,0.18664840612782446,0.8133515938721756,0.8685446009389671,212,0.8095245682844696,0.187306348118586,0.812693651881414,0.8679245283018868
282,K,1.0,1.0,0.0,22578,47053.0,213,1.9841169531454739,0.4590814353187853,0.5409185646812147,0.5915492957746479,212,1.9898921370637228,0.46041768705445874,0.5395823129455413,0.589622641509434
283,Y,1.0,1.0,0.0,22578,134429.0,213,0.6346033343882721,0.14683338557598355,0.8531666144240164,0.8732394366197183,212,0.6366720101630791,0.14731203208036525,0.8526879679196347,0.8726415094339622
284,Y,1.0,1.0,0.0,22578,60553.0,213,0.9012267894345218,0.2085242441910662,0.7914757558089338,0.8356807511737089,212,0.8907764063014537,0.206106253214902,0.7938937467850979,0.839622641509434
285,I,1.0,1.0,0.0,22578,8124.0,213,2.6140065072220606,0.6048241548290235,0.3951758451709765,0.38967136150234744,212,2.6131261370345817,0.6046204563481254,0.39537954365187455,0.3915094339622642
286,S,1.0,1.0,0.0,22578,22768.0,213,2.6181976450814735,0.6057938928180406,0.39420610718195936,0.3615023474178404,212,2.6235950861954875,0.6070427430986363,0.39295725690136374,0.3584905660377358
287,Q,0.9906103286384976,0.9906103286384976,0.009389671361502348,22155,40264.0,211,2.0950129450291493,0.4847403517674093,0.5152596482325906,0.4218009478672986,210,2.0964233483268813,0.4850666883622732,0.5149333116377268,0.4238095238095238
288,G,0.9953051643192489,0.9953051643192489,0.004694835680751174,22366,114766.0,212,0.4703137999605449,0.10882036665924728,0.8911796333407527,0.9339622641509434,211,0.47207450419104235,0.10922775525800262,0.8907722447419973,0.933649289099526
289,A,1.0,1.0,0.0,22578,67293.0,213,0.7525555805387951,0.17412496552847165,0.8258750344715283,0.8685446009389671,212,0.7551438499768177,0.17472383468621733,0.8252761653137827,0.8679245283018868
290,E,1.0,1.0,0.0,22578,2691.0,213,2.6789839173803154,0.6198585118871892,0.3801414881128108,0.27699530516431925,212,2.6763395803801537,0.6192466699170996,0.38075333008290035,0.2783018867924528
291,R,1.0,1.0,0.0,22578,28050.0,213,1.9146954050736282,0.4430188015711374,0.5569811984288626,0.5539906103286385,212,1.9009652079508221,0.43984193309453123,0.5601580669054688,0.5566037735849056
292,E,1.0,1.0,0.0,22578,46944.0,213,1.909263865175362,0.44176206157477055,0.5582379384252294,0.4413145539906103,212,1.9126828922938572,0.4425531499601928,0.5574468500398072,0.4386792452830189
293,K,1.0,1.0,0.0,22578,112890.0,213,-0.0,-0.0,1.0,1.0,212,-0.0,-0.0,1.0,1.0
294,I,1.0,1.0,0.0,22578,84581.0,213,0.5134203530850682,0.11879428389667572,0.8812057161033243,0.92018779342723,212,0.5152747204331175,0.11922334410020917,0.8807766558997908,0.9198113207547169
295,V,1.0,1.0,0.0,22578,83848.0,213,0.33952290772731675,0.07855820371675233,0.9214417962832476,0.9577464788732394,212,0.34082993008871454,0.0788606202152924,0.9211393797847076,0.9575471698113207
296,V,1.0,1.0,0.0,22578,76180.0,213,1.1730249480553883,0.27141241647287506,0.7285875835271249,0.5774647887323944,212,1.1722013769184598,0.2712218600548026,0.7287781399451974,0.5801886792452831
297,G,1.0,1.0,0.0,22578,133772.0,213,0.04307048235072913,0.00996557124624065,0.9900344287537594,0.9953051643192489,212,0.04324154504802915,0.010005151427480216,0.9899948485725197,0.9952830188679245
298,A,1.0,1.0,0.0,22578,71813.0,213,0.7111419915608934,0.16454276331023204,0.8354572366897679,0.8826291079812206,212,0.7136446772555318,0.16512183025435798,0.834878169745642,0.8820754716981132
299,A,1.0,1.0,0.0,22578,81380.0,213,0.27379520819680025,0.06335024604427988,0.9366497539557201,0.9577464788732394,212,0.2747921942396579,0.06358092689342151,0.9364190731065785,0.9575471698113207
300,Y,1.0,1.0,0.0,22578,96876.0,213,1.1520036525006725,0.2665485466691217,0.7334514533308782,0.7323943661971831,212,1.146949178706251,0.2653790515541056,0.7346209484458943,0.7358490566037735
301,Y,1.0,1.0,0.0,22578,158046.0,213,-0.0,-0.0,1.0,1.0,212,-0.0,-0.0,1.0,1.0
302,T,1.0,1.0,0.0,22578,85771.0,213,0.7268197107797406,0.16817024596950933,0.8318297540304906,0.8356807511737089,212,0.7290233679373004,0.16868012422504222,0.8313198757749578,0.8349056603773585
303,R,1.0,1.0,0.0,22578,112890.0,213,-0.0,-0.0,1.0,1.0,212,-0.0,-0.0,1.0,1.0
304,G,1.0,1.0,0.0,22578,132934.0,213,0.07671934408867366,0.017751184750026044,0.982248815249974,0.9906103286384976,212,0.07701687574298335,0.01782002709255869,0.9821799729074413,0.9905660377358491
305,W,1.0,1.0,0.0,22578,244133.0,213,0.07671934408867366,0.017751184750026044,0.982248815249974,0.9906103286384976,212,0.07701687574298335,0.01782002709255869,0.9821799729074413,0.9905660377358491
306,E,1.0,1.0,0.0,22578,53151.0,213,2.0595521062783195,0.47653548626009595,0.5234645137399041,0.5727699530516432,212,2.0560563851429925,0.4757266525500992,0.5242733474499008,0.5754716981132075
307,Q,1.0,1.0,0.0,22578,42695.0,213,1.9603839143242485,0.453590127203479,0.546409872796521,0.596244131455399,212,1.9458937285869622,0.45023741391923267,0.5497625860807673,0.5990566037735849
308,V,1.0,1.0,0.0,22578,86314.0,213,0.11972577651745439,0.02770193623977325,0.9722980637602268,0.9859154929577465,212,0.12019376303063088,0.027810218122974892,0.9721897818770251,0.9858490566037735
309,S,0.8215962441314554,0.8215962441314554,0.1784037558685446,15225,26329.0,175,1.747836319267287,0.4044112444477952,0.5955887555522048,0.6057142857142858,174,1.7451324744906984,0.4037856336747268,0.5962143663252732,0.6091954022988506
310,D,0.4272300469483568,0.4272300469483568,0.5727699530516432,4095,7501.0,91,2.0833098190625354,0.4820325033928706,0.5179674966071294,0.37362637362637363,90,2.085510718592672,0.4825417435934977,0.5174582564065022,0.37777777777777777
311,K,0.9061032863849765,0.9061032863849765,0.09389671361502347,18528,12620.0,193,2.388633133847196,0.55267766640376,0.44732233359623996,0.43523316062176165,192,2.3908688224235544,0.5531949560317395,0.4468050439682605,0.4375
312,G,0.9765258215962441,0.9765258215962441,0.023474178403755867,21528,124053.0,208,0.15270098129326254,0.035331680199376894,0.9646683198006231,0.9807692307692307,207,0.1533030024715269,0.03547097478388803,0.964529025216112,0.9806763285024155
313,T,0.9812206572769953,0.9812206572769953,0.018779342723004695,21736,19972.0,209,2.5373861839566856,0.5870958813401579,0.4129041186598421,0.4449760765550239,208,2.5439480033230373,0.5886141433802214,0.41138585661977856,0.4423076923076923
314,D,0.9812206572769953,0.9812206572769953,0.018779342723004695,21736,69596.0,209,1.366264174940801,0.31612376350199517,0.6838762364980049,0.6650717703349283,208,1.3699954298281265,0.31698709459066815,0.6830129054093319,0.6634615384615384
315,P,0.9906103286384976,0.9906103286384976,0.009389671361502348,22155,17071.0,211,2.4388923200800665,0.5643065471091852,0.43569345289081485,0.35545023696682465,210,2.4418257393034586,0.5649852764075421,0.43501472359245785,0.35714285714285715
316,N,1.0,1.0,0.0,22578,965.0,213,2.940263345571112,0.6803128791173794,0.31968712088262063,0.2863849765258216,212,2.9404603344671147,0.6803584580561488,0.3196415419438512,0.28773584905660377
317,N,1.0,1.0,0.0,22578,-2018.0,213,2.418631537375913,0.55961864340988,0.44038135659012,0.38497652582159625,212,2.419400485071502,0.5597965611536987,0.4402034388463013,0.3867924528301887
318,P,1.0,1.0,0.0,22578,148828.0,213,0.19625205509275295,0.04540844983629179,0.9545915501637082,0.9765258215962441,212,0.19701573662753735,0.04558514910523331,0.9544148508947667,0.9764150943396226
319,G,0.9906103286384976,0.9906103286384976,0.009389671361502348,22155,131460.0,211,0.04341407633805841,0.010045071409081336,0.9899549285909187,0.995260663507109,210,0.043588095738005976,0.010085335706896336,0.9899146642931037,0.9952380952380953
320,L,0.9953051643192489,0.9953051643192489,0.004694835680751174,22366,85297.0,212,0.26427224513576325,0.061146839867230754,0.9388531601327692,0.9669811320754716,211,0.2652945926778719,0.06138338881475213,0.9386166111852479,0.966824644549763
321,F,0.9953051643192489,0.9953051643192489,0.004694835680751174,22366,117692.0,212,0.5326249762945358,0.12323781529928876,0.8767621847007112,0.9150943396226415,211,0.5345410929659842,0.12368116295093412,0.8763188370490659,0.9146919431279621
322,G,0.9953051643192489,0.9953051643192489,0.004694835680751174,22366,48062.0,212,1.1302709256426797,0.26152006716163023,0.7384799328383698,0.7122641509433962,211,1.1256978948490852,0.2604619674678838,0.7395380325321161,0.7156398104265402
323,E,0.9953051643192489,0.9953051643192489,0.004694835680751174,22366,9626.0,212,2.731223355613174,0.6319455797619776,0.3680544202380224,0.3443396226415094,211,2.727127609310505,0.6309979133009104,0.3690020866990896,0.3459715639810427
324,A,0.9953051643192489,0.9953051643192489,0.004694835680751174,22366,79250.0,212,0.4486842541268169,0.10381576099278218,0.8961842390072178,0.9386792452830188,211,0.4503769812186086,0.10420742116264807,0.895792578837352,0.9383886255924171
325,A,0.9812206572769953,0.9812206572769953,0.018779342723004695,21736,24703.0,209,2.2611410862488084,0.5231787842383662,0.47682121576163383,0.4688995215311005,208,2.258208657863126,0.522500284198268,0.477499715801732,0.47115384615384615
326,V,0.9671361502347418,0.9671361502347418,0.03286384976525822,21115,20495.0,206,2.2588744538691676,0.5226543348884748,0.4773456651115252,0.5631067961165048,205,2.2540062391589686,0.5215279360675509,0.4784720639324491,0.5658536585365853
327,V,0.9530516431924883,0.9530516431924883,0.046948356807511735,20503,14201.0,203,2.5576330390104025,0.5917805624845915,0.40821943751540846,0.29064039408866993,202,2.5557701244214295,0.5913495246357257,0.40865047536427435,0.29207920792079206
328,N,0.9530516431924883,0.9530516431924883,0.046948356807511735,20503,54112.0,203,1.5356694525779067,0.3553204539415015,0.6446795460584984,0.7142857142857143,202,1.540861609133957,0.35652180584788623,0.6434781941521137,0.7128712871287128
329,K,0.9483568075117371,0.9483568075117371,0.051643192488262914,20301,56859.0,202,1.3830579210617455,0.3200094704717179,0.6799905295282821,0.7425742574257426,201,1.387796340751715,0.3211058375527841,0.6788941624472159,0.7412935323383084
330,D,0.9530516431924883,0.9530516431924883,0.046948356807511735,20503,100806.0,203,0.6119285772410586,0.14158694078342982,0.8584130592165702,0.8817733990147784,202,0.6140569451756919,0.14207939875309178,0.8579206012469083,0.8811881188118812
331,A,0.9530516431924883,0.9530516431924883,0.046948356807511735,20503,68649.0,203,0.6061143238339916,0.1402416492192446,0.8597583507807554,0.896551724137931,202,0.6083329456419535,0.1407549899688481,0.859245010031152,0.8960396039603961
332,D,0.9624413145539906,0.9624413145539906,0.03755868544600939,20910,119390.0,205,0.16796112425195997,0.03886254480972279,0.9611374551902772,0.9804878048780488,204,0.16864476376098123,0.03902072409776554,0.9609792759022344,0.9803921568627451
333,L,0.9624413145539906,0.9624413145539906,0.03755868544600939,20910,-1747.0,205,1.9382333486415504,0.44846496889533843,0.5515350311046616,0.35609756097560974,204,1.9378434744455708,0.4483747605005156,0.5516252394994844,0.35784313725490197
334,S,0.9624413145539906,0.9624413145539906,0.03755868544600939,20910,47717.0,205,1.3966149892078292,0.32314628067504386,0.6768537193249562,0.5365853658536586,204,1.3990436237166728,0.3237082137881182,0.6762917862118818,0.5343137254901961
335,P,0.9671361502347418,0.9671361502347418,0.03286384976525822,21115,16876.0,206,1.9131414222461762,0.44265924380124055,0.5573407561987594,0.48058252427184467,205,1.917298465591106,0.4436210930624181,0.556378906937582,0.47804878048780486
336,T,0.9812206572769953,0.9812206572769953,0.018779342723004695,21736,59582.0,209,1.2428597950740299,0.2875706785923335,0.7124293214076665,0.6172248803827751,208,1.2454779610024747,0.28817646514661277,0.7118235348533872,0.6153846153846154
337,P,0.9906103286384976,0.9906103286384976,0.009389671361502348,22155,35647.0,211,2.043438337481247,0.47280711122855984,0.5271928887714401,0.5829383886255924,210,2.036824086873962,0.47127671774165536,0.5287232822583446,0.5857142857142857
338,G,0.9906103286384976,0.9906103286384976,0.009389671361502348,22155,122502.0,211,0.26883511683424166,0.06220258896770192,0.9377974110322981,0.9620853080568721,210,0.26984910103534726,0.062437202820325964,0.9375627971796741,0.9619047619047619
339,A,0.9906103286384976,0.9906103286384976,0.009389671361502348,22155,69478.0,211,0.6984906239330164,0.16161551247446665,0.8383844875255333,0.8815165876777251,210,0.7009481914910107,0.16218414006475476,0.8378158599352452,0.8809523809523809
340,L,0.9906103286384976,0.9906103286384976,0.009389671361502348,22155,-5508.0,211,3.0325628918972267,0.7016689832217722,0.2983310167782278,0.2985781990521327,210,3.030658758215731,0.7012284081729304,0.2987715918270696,0.3
341,N,0.9812206572769953,0.9812206572769953,0.018779342723004695,21736,110321.0,209,0.5276295189631165,0.12208197530802915,0.8779180246919709,0.9234449760765551,208,0.5296124052212094,0.12254077198732574,0.8774592280126743,0.9230769230769231
342,E,0.9765258215962441,0.9765258215962441,0.023474178403755867,21528,68191.0,208,1.2282589955770404,0.2841923716940161,0.7158076283059839,0.7307692307692307,207,1.2320003686684815,0.28505804391467776,0.7149419560853223,0.7294685990338164
343,A,0.9812206572769953,0.9812206572769953,0.018779342723004695,21736,8599.0,209,2.512462907341408,0.5813291781308285,0.4186708218691715,0.3684210526315789,208,2.513829560180726,0.5816453918227996,0.4183546081772004,0.3701923076923077
344,P,0.9765258215962441,0.9765258215962441,0.023474178403755867,21528,78108.0,208,1.2930157984281845,0.2991756850276526,0.7008243149723474,0.75,207,1.2972516339472437,0.3001557650812912,0.6998442349187088,0.748792270531401
345,M,0.971830985915493,0.971830985915493,0.028169014084507043,21321,45857.0,207,1.8961178195180586,0.4387203530204671,0.5612796469795329,0.5217391304347826,206,1.8903932124499085,0.43739580366599684,0.5626041963340032,0.5242718446601942
346,K,0.9765258215962441,0.9765258215962441,0.023474178403755867,21528,13810.0,208,2.078701761170422,0.4809662991916567,0.5190337008083433,0.4423076923076923,207,2.083037163534419,0.4819694168439669,0.5180305831560331,0.4396135265700483
347,N,0.9812206572769953,0.9812206572769953,0.018779342723004695,21736,11618.0,209,2.7983628820582016,0.6474802034232205,0.35251979657677945,0.3444976076555024,208,2.7960580521647755,0.6469469160008424,0.3530530839991576,0.34615384615384615
348,G,0.9859154929577465,0.9859154929577465,0.014084507042253521,21945,128332.0,210,0.0871433206501837,0.020163065820847446,0.9798369341791525,0.9904761904761905,209,0.08749405934231667,0.020244219112719165,0.9797557808872809,0.9904306220095693
349,E,0.9859154929577465,0.9859154929577465,0.014084507042253521,21945,91405.0,210,1.154266768429306,0.2670721823888623,0.7329278176111377,0.780952380952381,209,1.1449752439819778,0.26492232606470933,0.7350776739352907,0.784688995215311
350,G,0.9953051643192489,0.9953051643192489,0.004694835680751174,22366,80719.0,212,1.0563522180315479,0.24441688867548786,0.7555831113245122,0.8349056603773585,211,1.0601217069053661,0.2452890662756375,0.7547109337243625,0.8341232227488151
351,G,0.9906103286384976,0.9906103286384976,0.009389671361502348,22155,124625.0,211,0.2072645507937113,0.04795650141400906,0.9520434985859909,0.976303317535545,210,0.20808637291080634,0.04814665314699768,0.9518533468530023,0.9761904761904762
352,R,0.9953051643192489,0.9953051643192489,0.004694835680751174,22366,86909.0,212,0.7111583382362255,0.1645465455747615,0.8354534544252386,0.9009433962264151,211,0.7138137475253344,0.16516094943128334,0.8348390505687167,0.9004739336492891
353,A,0.9953051643192489,0.9953051643192489,0.004694835680751174,22366,45722.0,212,1.4595642279232566,0.3377113630487866,0.6622886369512134,0.7688679245283019,211,1.4646796087294058,0.3388949507193451,0.6611050492806549,0.7677725118483413
354,G,0.9953051643192489,0.9953051643192489,0.004694835680751174,22366,80997.0,212,1.0431478627932245,0.2413616885545179,0.7586383114454821,0.7783018867924528,211,1.0463733457591247,0.24210799503974512,0.7578920049602549,0.7772511848341233
355,G,0.9953051643192489,0.9953051643192489,0.004694835680751174,22366,126890.0,212,0.2064496988916883,0.04776796243692915,0.9522320375630708,0.9764150943396226,211,0.2072645507937113,0.04795650141400906,0.9520434985859909,0.976303317535545
356,V,1.0,1.0,0.0,22578,59778.0,213,1.2587871675017408,0.29125592556498725,0.7087440744350127,0.7652582159624414,212,1.2628992575920845,0.2922073736224429,0.7077926263775571,0.7641509433962265
357,W,1.0,1.0,0.0,22578,218539.0,213,0.4657846767550783,0.10777242622478603,0.892227573775214,0.9389671361502347,212,0.4675521786551188,0.10818138765617387,0.8918186123438261,0.9386792452830188
358,G,0.9906103286384976,0.9906103286384976,0.009389671361502348,22155,30356.0,211,1.7903098034122158,0.4142386833159182,0.5857613166840818,0.5165876777251185,210,1.7782355488989707,0.4114449638814074,0.5885550361185926,0.5190476190476191
359,Y,0.9953051643192489,0.9953051643192489,0.004694835680751174,22366,148234.0,212,0.2978507858736468,0.06891618262367442,0.9310838173763256,0.9622641509433962,211,0.29899875653376906,0.06918179802377335,0.9308182019762267,0.9620853080568721
360,N,1.0,1.0,0.0,22578,64722.0,213,1.482362404067756,0.3429863643084023,0.6570136356915977,0.7230046948356808,212,1.4723630238227954,0.3406727255746183,0.6593272744253817,0.7264150943396226
361,A,1.0,1.0,0.0,22578,38724.0,213,2.026710121162849,0.468936566427459,0.531063433572541,0.47417840375586856,212,2.0192784188287147,0.46721703242065177,0.5327829675793483,0.47641509433962265
362,L,1.0,1.0,0.0,22578,67460.0,213,1.1162028323367672,0.2582650168699434,0.7417349831300566,0.6854460093896714,212,1.1125724408350708,0.25742502337121054,0.7425749766287895,0.6886792452830188
363,D,1.0,1.0,0.0,22578,60851.0,213,1.658592916807192,0.38376226545028114,0.6162377345497189,0.6901408450704225,212,1.6638855077060832,0.3849868556754522,0.6150131443245478,0.6886792452830188
364,K,0.9859154929577465,0.9859154929577465,0.014084507042253521,21945,10090.0,210,2.5144639806294697,0.581792182892622,0.418207817107378,0.3523809523809524,209,2.5171999758575905,0.5824252325797182,0.41757476742028177,0.35406698564593303
365,L,1.0,1.0,0.0,22578,86325.0,213,0.23916126246827799,0.05533670556694233,0.9446632944330576,0.971830985915493,212,0.24009447060214734,0.055552629597463175,0.9444473704025368,0.9716981132075472
366,K,1.0,1.0,0.0,22578,60673.0,213,1.0866392458880725,0.2514246470628504,0.7485753529371496,0.812206572769953,212,1.0903457179521068,0.2522822439461532,0.7477177560538468,0.8113207547169812
367,S,0.9906103286384976,0.9906103286384976,0.009389671361502348,22155,25229.0,211,2.295823315032541,0.5312034963627441,0.4687965036372559,0.5734597156398105,210,2.2916929732977733,0.5302478252724144,0.46975217472758557,0.5761904761904761
368,K,0.9953051643192489,0.9953051643192489,0.004694835680751174,22366,36653.0,212,2.1019534264830013,0.48634622796467003,0.51365377203533,0.5754716981132075,211,2.108125224344362,0.4877742475258149,0.5122257524741851,0.5734597156398105
369,Y,0.9906103286384976,0.9906103286384976,0.009389671361502348,22155,14587.0,211,2.2509105796683357,0.5208116679060573,0.47918833209394274,0.38388625592417064,210,2.252345815855797,0.5211437502905742,0.47885624970942575,0.38571428571428573
370,T,0.9953051643192489,0.9953051643192489,0.004694835680751174,22366,70238.0,212,1.5594023610984262,0.36081173190806337,0.6391882680919366,0.7075471698113207,211,1.5497529607933176,0.3585790709074041,0.6414209290925958,0.7109004739336493
371,G,0.9859154929577465,0.9859154929577465,0.014084507042253521,21945,21093.0,210,1.855798387153905,0.4293913148044335,0.5706086851955665,0.4,209,1.8583279995644015,0.4299766120039609,0.570023387996039,0.39712918660287083
372,L,1.0,1.0,0.0,22578,82813.0,213,0.4104692860071022,0.09497364995328544,0.9050263500467146,0.9530516431924883,212,0.412077437978942,0.09534574128301906,0.9046542587169809,0.9528301886792453
373,K,1.0,1.0,0.0,22578,39874.0,213,1.3506232609304574,0.3125047967660964,0.6874952032339037,0.6572769953051644,212,1.3541299768924993,0.3133161744394524,0.6866838255605476,0.6556603773584906
374,E,1.0,1.0,0.0,22578,104334.0,213,0.29901386716037637,0.06918529429355748,0.9308147057064425,0.9624413145539906,212,0.3001631679287084,0.06945121745171727,0.9305487825482828,0.9622641509433962
375,Y,1.0,1.0,0.0,22578,150485.0,213,0.1626999554140801,0.03764522496488234,0.9623547750351177,0.9812206572769953,212,0.16333808959458046,0.03779287531132268,0.9622071246886773,0.9811320754716981
376,W,0.9953051643192489,0.9953051643192489,0.004694835680751174,22366,227580.0,212,0.3037239580332531,0.07027510670354378,0.9297248932964562,0.9622641509433962,211,0.3048997636325204,0.07054716250212549,0.9294528374978746,0.9620853080568721
377,D,1.0,1.0,0.0,22578,131247.0,213,0.12911544787895674,0.029874501621555024,0.970125498378445,0.9859154929577465,212,0.12962772529478184,0.029993031454670735,0.9700069685453293,0.9858490566037735
378,D,1.0,1.0,0.0,22578,102895.0,213,0.7725652029282102,0.17875475620293602,0.821245243797064,0.8779342723004695,212,0.7753212293202718,0.17939244066495236,0.8206075593350477,0.8773584905660378
379,S,1.0,1.0,0.0,22578,22845.0,213,2.2296090357471114,0.5158829547360202,0.4841170452639798,0.4272300469483568,212,2.2238709953573044,0.5145552972035882,0.48544470279641183,0.42924528301886794
380,A,1.0,1.0,0.0,22578,81672.0,213,0.4130529329893693,0.095571449575478,0.904428550424522,0.9436619718309859,212,0.41460572621721725,0.09593073209794405,0.904069267902056,0.9433962264150944
381,K,1.0,1.0,0.0,22578,104200.0,213,0.3136554194440917,0.07257303049884872,0.9274269695011512,0.9577464788732394,212,0.3148404253513233,0.07284721504824772,0.9271527849517522,0.9575471698113207
382,A,1.0,1.0,0.0,22578,83039.0,213,0.3418244335285987,0.07909072664419403,0.920909273355806,0.9577464788732394,212,0.34314231214377605,0.07939565504333523,0.9206043449566648,0.9575471698113207
383,P,1.0,1.0,0.0,22578,144141.0,213,0.3025579399404865,0.0700053155207275,0.9299946844792725,0.9624413145539906,212,0.3037239580332531,0.07027510670354378,0.9297248932964562,0.9622641509433962
384,Y,1.0,1.0,0.0,22578,145439.0,213,0.39805304981813866,0.09210080340971352,0.9078991965902865,0.9342723004694836,212,0.3994668659574606,0.09242792966176626,0.9075720703382337,0.9339622641509434
385,L,1.0,1.0,0.0,22578,66146.0,213,1.1946200964652707,0.27640906332487347,0.7235909366751265,0.6666666666666666,212,1.1974878211690203,0.27707259234266113,0.7229274076573389,0.6650943396226415
386,Y,1.0,1.0,0.0,22578,151961.0,213,0.19270798231264277,0.04458842860912176,0.9554115713908783,0.9765258215962441,212,0.1934549465229927,0.044761259853406815,0.9552387401465932,0.9764150943396226
387,N,1.0,1.0,0.0,22578,54060.0,213,1.3739648995092766,0.31790554339268445,0.6820944566073155,0.6854460093896714,212,1.368820527733689,0.3167152478434195,0.6832847521565806,0.6886792452830188
388,S,1.0,1.0,0.0,22578,34632.0,213,2.3782730414771502,0.5502805667430088,0.44971943325699115,0.4460093896713615,212,2.363244271548889,0.5468032368110186,0.4531967631889814,0.4481132075471698
389,E,1.0,1.0,0.0,22578,14306.0,213,2.5620423515204784,0.5928007813344358,0.4071992186655642,0.3286384976525822,212,2.566521848120805,0.5938372392536746,0.4061627607463254,0.32547169811320753
390,T,1.0,1.0,0.0,22578,90054.0,213,0.739183784105193,0.17103102316292876,0.8289689768370713,0.892018779342723,212,0.7418909465981046,0.17165740158327175,0.8283425984167283,0.8915094339622641
391,G,0.9953051643192489,0.9953051643192489,0.004694835680751174,22366,104868.0,212,0.5140326800691448,0.11893596302012087,0.8810640369798791,0.910377358490566,211,0.5158252544016781,0.11935072566613848,0.8806492743338615,0.909952606635071
392,A,0.9953051643192489,0.9953051643192489,0.004694835680751174,22366,34054.0,212,2.003298820110396,0.46351970142219723,0.5364802985778028,0.5707547169811321,211,2.0009649919232553,0.4629797044264347,0.5370202955735652,0.5734597156398105
393,F,1.0,1.0,0.0,22578,118482.0,213,0.4463400314495557,0.10327335893846891,0.8967266410615311,0.9389671361502347,212,0.44801581332457024,0.10366109835435529,0.8963389016456447,0.9386792452830188
394,F,1.0,1.0,0.0,22578,98182.0,213,1.2515801382755996,0.2895883760204525,0.7104116239795475,0.4835680751173709,212,1.2525222930696995,0.2898063701132313,0.7101936298867687,0.4811320754716981
395,T,1.0,1.0,0.0,22578,97321.0,213,0.46033524740769544,0.10651154699964822,0.8934884530003517,0.9107981220657277,212,0.461869236550458,0.10686647866650709,0.8931335213334929,0.910377358490566
396,Y,1.0,1.0,0.0,22578,121808.0,213,0.8573419616938343,0.19837025116360205,0.8016297488363979,0.7934272300469484,212,0.8598071830421641,0.1989406496742219,0.8010593503257781,0.7924528301886793
397,D,1.0,1.0,0.0,22578,110320.0,213,0.6704897919144966,0.15513672999503497,0.844863270004965,0.8497652582159625,212,0.6725417979235905,0.1556115194788122,0.8443884805211879,0.8490566037735849
398,N,1.0,1.0,0.0,22578,125284.0,213,0.3324347621670964,0.07691816126241227,0.9230818387375878,0.9577464788732394,212,0.3337083498796251,0.07721284171163939,0.9227871582883607,0.9575471698113207
399,I,1.0,1.0,0.0,22578,10933.0,213,2.420476100281928,0.5600454350791345,0.4399545649208655,0.41784037558685444,212,2.409984536001539,0.5576179156826874,0.44238208431731263,0.419811320754717
400,R,1.0,1.0,0.0,22578,86113.0,213,0.9620795932496842,0.22260425720357982,0.7773957427964202,0.7981220657276995,212,0.9650791275150826,0.2232982840822192,0.7767017159177808,0.7971698113207547
401,S,1.0,1.0,0.0,22578,87775.0,213,0.086109015450176,0.01992375013180782,0.9800762498681922,0.9906103286384976,212,0.08645083800713431,0.02000284042425453,0.9799971595757455,0.9905660377358491
402,I,1.0,1.0,0.0,22578,77056.0,213,1.0814741908549172,0.2502295658584071,0.749770434141593,0.676056338028169,212,1.0839037215083742,0.25079170631982084,0.7492082936801792,0.6745283018867925
403,Q,1.0,1.0,0.0,22578,13183.0,213,2.5281193522356022,0.5849517383748815,0.41504826162511854,0.4084507042253521,212,2.525615269871596,0.5843723482718928,0.41562765172810723,0.41037735849056606
404,E,1.0,1.0,0.0,22578,31227.0,213,1.5644004028032874,0.3619681698670321,0.6380318301329679,0.5023474178403756,212,1.5647375579760203,0.36204618022845664,0.6379538197715433,0.5047169811320755
405,K,1.0,1.0,0.0,22578,109334.0,213,0.17747271236974826,0.04106331907272824,0.9589366809272718,0.9765258215962441,212,0.17814781209923547,0.04121952244184163,0.9587804775581583,0.9764150943396226
406,A,1.0,1.0,0.0,22578,49701.0,213,1.3948446465681532,0.32273666195839507,0.6772633380416049,0.7183098591549296,212,1.3991662965418021,0.3237365976071999,0.6762634023928,0.7169811320754716
407,K,1.0,1.0,0.0,22578,42562.0,213,2.154031697994441,0.49839600537143575,0.5016039946285642,0.39436619718309857,212,2.1555294092277038,0.4987425431204174,0.5012574568795827,0.39622641509433965
408,Y,1.0,1.0,0.0,22578,157198.0,213,0.04307048235072913,0.00996557124624065,0.9900344287537594,0.9953051643192489,212,0.04324154504802915,0.010005151427480216,0.9899948485725197,0.9952830188679245
409,V,1.0,1.0,0.0,22578,86963.0,213,0.27084485307586936,0.06266759814821216,0.9373324018517879,0.9624413145539906,212,0.2718612811362556,0.06290277745662975,0.9370972225433702,0.9622641509433962
410,K,1.0,1.0,0.0,22578,64932.0,213,1.3320647640072065,0.30821076490906374,0.6917892350909363,0.7511737089201878,212,1.3363956947386566,0.30921284792302534,0.6907871520769746,0.75
411,E,1.0,1.0,0.0,22578,62099.0,213,1.783149973476033,0.41258205465875647,0.5874179453412436,0.4225352112676056,212,1.7856001156868724,0.4131489641854878,0.5868510358145123,0.42452830188679247
412,N,1.0,1.0,0.0,22578,73198.0,213,1.3713227051944252,0.31729419719329327,0.6827058028067068,0.6995305164319249,212,1.3753525231202113,0.31822660926432084,0.6817733907356791,0.6981132075471698
413,N,1.0,1.0,0.0,22578,54396.0,213,1.865939832894642,0.43173782439878183,0.5682621756012182,0.6103286384976526,212,1.8713710915563808,0.43299449932314343,0.5670055006768566,0.6084905660377359
414,L,1.0,1.0,0.0,22578,87153.0,213,0.11972577651745439,0.02770193623977325,0.9722980637602268,0.9859154929577465,212,0.12019376303063088,0.027810218122974892,0.9721897818770251,0.9858490566037735
415,G,1.0,1.0,0.0,22578,132928.0,213,0.086109015450176,0.01992375013180782,0.9800762498681922,0.9906103286384976,212,0.08645083800713431,0.02000284042425453,0.9799971595757455,0.9905660377358491
416,G,1.0,1.0,0.0,22578,133772.0,213,0.04307048235072913,0.00996557124624065,0.9900344287537594,0.9953051643192489,212,0.04324154504802915,0.010005151427480216,0.9899948485725197,0.9952830188679245
417,I,1.0,1.0,0.0,22578,63134.0,213,1.4796340734143985,0.34235508803691944,0.6576449119630805,0.6197183098591549,212,1.470358415277739,0.34020890283137833,0.6597910971686216,0.6226415094339622
418,I,1.0,1.0,0.0,22578,87805.0,213,0.18331831095114043,0.042415863227339985,0.95758413677266,0.9765258215962441,212,0.18402098425884172,0.042578446521710965,0.9574215534782891,0.9764150943396226
419,G,1.0,1.0,0.0,22578,52531.0,213,1.3723055606787524,0.3175216085390512,0.6824783914609488,0.7417840375586855,212,1.3600203974379304,0.3146790894200138,0.6853209105799862,0.7452830188679245
420,W,1.0,1.0,0.0,22578,246450.0,213,0.04307048235072913,0.00996557124624065,0.9900344287537594,0.9953051643192489,212,0.04324154504802915,0.010005151427480216,0.9899948485725197,0.9952830188679245
421,M,1.0,1.0,0.0,22578,94052.0,213,0.5785708082192742,0.13386867979217337,0.8661313202078267,0.92018779342723,212,0.5807324890349377,0.1343688456367233,0.8656311543632766,0.9198113207547169
422,A,1.0,1.0,0.0,22578,49897.0,213,1.2113279874353542,0.2802749052831994,0.7197250947168006,0.6901408450704225,212,1.207655611358504,0.2794251974684872,0.7205748025315128,0.6933962264150944
423,S,1.0,1.0,0.0,22578,84871.0,213,0.2784936760854324,0.0644373691489401,0.9355626308510598,0.9671361502347418,212,0.27957937955952045,0.06468857727879593,0.935311422721204,0.9669811320754716
424,Q,1.0,1.0,0.0,22578,85627.0,213,0.775546220541784,0.1794444987317625,0.8205555012682375,0.8826291079812206,212,0.7783526997693511,0.18009385688070692,0.8199061431192931,0.8820754716981132
425,D,1.0,1.0,0.0,22578,134408.0,213,0.04307048235072913,0.00996557124624065,0.9900344287537594,0.9953051643192489,212,0.04324154504802915,0.010005151427480216,0.9899948485725197,0.9952830188679245
426,A,0.9953051643192489,0.9953051643192489,0.004694835680751174,22366,52948.0,212,1.125403652741809,0.26039388625486587,0.7396061137451342,0.7169811320754716,211,1.1209443117672577,0.25936209190830406,0.7406379080916959,0.7203791469194313
427,T,0.9953051643192489,0.9953051643192489,0.004694835680751174,22366,10750.0,212,2.7045265366714646,0.6257685174981953,0.3742314825018047,0.3113207547169811,211,2.7093294893600794,0.6268798161091779,0.37312018389082213,0.3080568720379147
428,T,0.9906103286384976,0.9906103286384976,0.009389671361502348,22155,72244.0,211,1.2006556231909056,0.2778055527141288,0.7221944472858712,0.8199052132701422,210,1.2050052950397299,0.2788119720143411,0.7211880279856588,0.819047619047619
429,N,0.9859154929577465,0.9859154929577465,0.014084507042253521,21945,33821.0,210,1.910888773965984,0.4421380300672923,0.5578619699327076,0.5714285714285714,209,1.9073773832131962,0.44132557074920653,0.5586744292507935,0.5741626794258373
430,S,0.9859154929577465,0.9859154929577465,0.014084507042253521,21945,55937.0,210,1.1595198041193473,0.26828762040048854,0.7317123795995115,0.8,209,1.1635232963815632,0.26921394128651893,0.7307860587134811,0.7990430622009569
431,T,0.9812206572769953,0.9812206572769953,0.018779342723004695,21736,58798.0,209,1.4821487207945168,0.3429369226544581,0.6570630773455419,0.7272727272727273,208,1.4870593837492057,0.3440731430743438,0.6559268569256562,0.7259615384615384
432,K,0.9812206572769953,0.9812206572769953,0.018779342723004695,21736,84415.0,209,0.7412625360531361,0.1715120010742462,0.8284879989257539,0.8995215311004785,208,0.7440899659613264,0.17216620675423772,0.8278337932457622,0.8990384615384616
433,R,0.9765258215962441,0.9765258215962441,0.023474178403755867,21528,90710.0,208,0.552160270297617,0.12775785671927228,0.8722421432807277,0.9230769230769231,207,0.5542684494422778,0.12824564344278455,0.8717543565572154,0.9227053140096618
434,D,0.9906103286384976,0.9906103286384976,0.009389671361502348,22155,113349.0,211,0.599545852731862,0.13872184811244234,0.8612781518875576,0.919431279620853,210,0.601822323860266,0.13924857393444223,0.8607514260655578,0.919047619047619
435,E,0.9906103286384976,0.9906103286384976,0.009389671361502348,22155,88568.0,211,0.7836909271395853,0.18132900639107224,0.8186709936089278,0.8957345971563981,210,0.7866644265786149,0.18201700937810647,0.8179829906218935,0.8952380952380953
436,L,0.9906103286384976,0.9906103286384976,0.009389671361502348,22155,82407.0,211,0.2617169267908412,0.060555594874528336,0.9394444051254717,0.966824644549763,210,0.26273085723395956,0.06079019628872535,0.9392098037112746,0.9666666666666667
437,T,0.9953051643192489,0.9953051643192489,0.004694835680751174,22366,101926.0,212,0.36674894517499473,0.08485771561281676,0.9151422843871833,0.9528301886792453,211,0.36815591666262854,0.0851832581615922,0.9148167418384078,0.95260663507109
438,T,0.9859154929577465,0.9859154929577465,0.014084507042253521,21945,52785.0,210,1.4648715553449325,0.33893936298426774,0.6610606370157323,0.680952380952381,209,1.456478257879164,0.33699733681411986,0.6630026631858801,0.6842105263157895
439,A,0.9906103286384976,0.9906103286384976,0.009389671361502348,22155,58240.0,211,1.0454369374575083,0.24189133056012915,0.7581086694398709,0.8151658767772512,210,1.0490075307594107,0.24271748805824353,0.7572825119417564,0.8142857142857143
440,T,0.9859154929577465,0.9859154929577465,0.014084507042253521,21945,44812.0,210,1.2607681913844972,0.29171429133120624,0.7082857086687937,0.7476190476190476,209,1.2539369666248426,0.2901336947526246,0.7098663052473754,0.7511961722488039
441,K,0.9953051643192489,0.9953051643192489,0.004694835680751174,22366,94719.0,212,0.482859313078876,0.11172312506773904,0.8882768749322609,0.9386792452830188,211,0.4847140072747059,0.11215226089672796,0.8878477391032721,0.9383886255924171
442,E,1.0,1.0,0.0,22578,20552.0,213,2.6158000510242405,0.6052391417891956,0.3947608582108044,0.29577464788732394,212,2.6186241362074094,0.6058925735726882,0.3941074264273118,0.2971698113207547
443,S,1.0,1.0,0.0,22578,90267.0,213,1.019213934843536,0.23582389907162457,0.7641761009283754,0.8262910798122066,212,1.0035519916844553,0.23220006664886675,0.7677999333511333,0.8301886792452831
444,L,1.0,1.0,0.0,22578,81347.0,213,0.44375885964682216,0.10267613201889407,0.897323867981106,0.9342723004694836,212,0.44538826922873226,0.10305314189646181,0.8969468581035382,0.9339622641509434
445,F,0.9906103286384976,0.9906103286384976,0.009389671361502348,22155,79092.0,211,1.2867738902333221,0.29773144346281816,0.7022685565371818,0.7488151658767772,210,1.2909086731804642,0.2986881421529313,0.7013118578470687,0.7476190476190476
446,G,0.9953051643192489,0.9953051643192489,0.004694835680751174,22366,119173.0,212,0.39320951345064,0.09098011461962736,0.9090198853803726,0.9528301886792453,211,0.39474189047512526,0.09133467327743984,0.9086653267225602,0.95260663507109
447,K,0.9906103286384976,0.9906103286384976,0.009389671361502348,22155,21696.0,211,2.5779795449491236,0.5964883006727373,0.4035116993272627,0.3033175355450237,210,2.5682030423329305,0.5942262309664508,0.4057737690335492,0.3047619047619048
448,E,0.9953051643192489,0.9953051643192489,0.004694835680751174,22366,8198.0,212,2.8981064220370674,0.6705586854777595,0.32944131452224046,0.22169811320754718,211,2.9014842652696804,0.6713402448092552,0.32865975519074475,0.22274881516587677
449,D,1.0,1.0,0.0,22578,12652.0,213,2.5416665973572337,0.5880862757443618,0.4119137242556382,0.43661971830985913,212,2.5338055410378737,0.58626739857964,0.41373260142035995,0.4386792452830189
450,L,1.0,1.0,0.0,22578,64586.0,213,1.1646985278757978,0.26948586424970405,0.730514135750296,0.704225352112676,212,1.1677993760488663,0.27020333295926835,0.7297966670407317,0.7028301886792453
451,P,1.0,1.0,0.0,22578,53438.0,213,1.8801537980536296,0.4350266262591835,0.5649733737408165,0.6384976525821596,212,1.8859603162872725,0.4363701280727633,0.5636298719272367,0.6367924528301887
452,K,1.0,1.0,0.0,22578,10767.0,213,3.0152268938443716,0.6976578109689615,0.3023421890310385,0.27699530516431925,212,3.0101673678081418,0.6964871468752634,0.30351285312473664,0.2783018867924528
453,Y,1.0,1.0,0.0,22578,29827.0,213,2.3025648882054486,0.5327633495173772,0.46723665048262275,0.4788732394366197,212,2.3002154537773243,0.5322197415774619,0.4677802584225381,0.4811320754716981
454,E,0.9953051643192489,0.9953051643192489,0.004694835680751174,22366,10912.0,212,2.683826914367616,0.620979075876449,0.37902092412355104,0.2688679245283019,211,2.6875211064830187,0.6218338314471797,0.37816616855282026,0.26540284360189575
455,I,0.9953051643192489,0.9953051643192489,0.004694835680751174,22366,56421.0,212,1.379974798086196,0.3192961029866835,0.6807038970133166,0.75,211,1.3845425655086334,0.3203529848510164,0.6796470151489836,0.7488151658767772
456,K,0.9953051643192489,0.9953051643192489,0.004694835680751174,22366,11296.0,212,2.5832878615407058,0.5977165294805838,0.40228347051941615,0.33490566037735847,211,2.580792056035582,0.597139054462414,0.402860945537586,0.33649289099526064
457,Y,1.0,1.0,0.0,22578,70255.0,213,1.6227347685015712,0.37546547116810897,0.6245345288318911,0.7136150234741784,212,1.628086600733337,0.37670376854702575,0.6232962314529742,0.7122641509433962
458,T,1.0,1.0,0.0,22578,23829.0,213,2.4004592746819258,0.5554139777386755,0.4445860222613245,0.460093896713615,212,2.3997938077494942,0.5552600031889325,0.44473999681106746,0.46226415094339623
459,E,1.0,1.0,0.0,22578,29252.0,213,2.4182373089919773,0.5595274275508281,0.44047257244917193,0.4694835680751174,212,2.406882309529163,0.5569001280646921,0.44309987193530787,0.4716981132075472
460,N,1.0,1.0,0.0,22578,39477.0,213,1.4147539588724778,0.3273432430646093,0.6726567569353907,0.7746478873239436,212,1.3995184222269494,0.32381807181903693,0.6761819281809631,0.7783018867924528
461,D,0.9859154929577465,0.9859154929577465,0.014084507042253521,21945,50606.0,210,1.6533242686718124,0.3825432150589495,0.6174567849410505,0.5523809523809524,209,1.6527741146830122,0.3824159214120582,0.6175840785879418,0.5550239234449761
462,I,1.0,1.0,0.0,22578,65279.0,213,1.4311813341597062,0.331144179805473,0.6688558201945269,0.6619718309859155,212,1.428672030954439,0.3305635817135622,0.6694364182864379,0.6650943396226415
463,T,1.0,1.0,0.0,22578,5221.0,213,2.786118841208648,0.6446471991295958,0.3553528008704042,0.2535211267605634,212,2.787635572931643,0.644998137805505,0.35500186219449503,0.25471698113207547
464,C,1.0,1.0,0.0,22578,26478.0,213,2.092096399281175,0.4840655266236443,0.5159344733763557,0.5023474178403756,212,2.0826824841196476,0.4818873517547326,0.5181126482452674,0.5047169811320755
465,T,0.9953051643192489,0.9953051643192489,0.004694835680751174,22366,40935.0,212,1.9136928388763272,0.4427868295958315,0.5572131704041685,0.6320754716981132,211,1.9196164070676893,0.44415741421947885,0.5558425857805211,0.6303317535545023
466,V,0.9906103286384976,0.9906103286384976,0.009389671361502348,22155,62532.0,211,1.592657111591787,0.36850615665629083,0.6314938433437092,0.5829383886255924,210,1.5965219495837668,0.36940039596502705,0.630599604034973,0.580952380952381
467,T,0.9906103286384976,0.9906103286384976,0.009389671361502348,22155,16719.0,211,2.5715927184529317,0.595010528170287,0.404989471829713,0.2938388625592417,210,2.57538517685185,0.5958880204181114,0.4041119795818886,0.2904761904761905
468,P,0.9812206572769953,0.9812206572769953,0.018779342723004695,21736,52535.0,209,1.72968834991446,0.40021219972646,0.59978780027354,0.631578947368421,208,1.7348071079542051,0.4013965688152934,0.5986034311847066,0.6298076923076923
469,V,0.971830985915493,0.971830985915493,0.028169014084507043,21321,62765.0,207,1.5677819074214845,0.36275057636338204,0.637249423636618,0.714975845410628,206,1.5545273305328475,0.35968375604670055,0.6403162439532994,0.7184466019417476
470,K,0.9671361502347418,0.9671361502347418,0.03286384976525822,21115,28902.0,206,2.295509676472127,0.5311309272330575,0.46886907276694245,0.47572815533980584,205,2.2925525873723456,0.530446721240996,0.469553278759004,0.47804878048780486
471,Q,0.9014084507042254,0.9014084507042254,0.09859154929577464,18336,41941.0,192,1.8361315353433363,0.4248408337740263,0.5751591662259736,0.6458333333333334,191,1.8257100176715122,0.42242952163670683,0.5775704783632931,0.6492146596858639
472,S,0.9577464788732394,0.9577464788732394,0.04225352112676056,20706,32682.0,204,2.357419105539104,0.5454554203083155,0.4545445796916845,0.4950980392156863,203,2.3559947039173,0.5451258448062407,0.4548741551937593,0.4975369458128079
473,W,0.5023474178403756,0.5023474178403756,0.49765258215962443,5671,5475.0,107,2.472048949804942,0.5719782688493266,0.42802173115067343,0.3925233644859813,106,2.4825428097667137,0.5744063194164302,0.42559368058356983,0.3867924528301887
474,G,0.7370892018779343,0.7370892018779343,0.26291079812206575,12246,28339.0,157,1.6068294830537146,0.371785334641388,0.628214665358612,0.7261146496815286,156,1.6141586940245056,0.37348115437968055,0.6265188456203195,0.7243589743589743
475,S,0.6854460093896714,0.6854460093896714,0.3145539906103286,10585,2989.0,146,2.784606956321679,0.6442973819059455,0.35570261809405446,0.2191780821917808,145,2.787933221297959,0.6450670071526531,0.3549329928473469,0.2206896551724138
476,G,0.7605633802816901,0.7605633802816901,0.23943661971830985,13041,29987.0,162,1.8634635337713437,0.431164862732384,0.5688351372676159,0.6419753086419753,161,1.871050843272695,0.4329204008474968,0.5670795991525033,0.639751552795031
477,G,0.6338028169014085,0.6338028169014085,0.36619718309859156,9045,-2591.0,135,2.514873018373322,0.5818868253149094,0.41811317468509057,0.3333333333333333,134,2.5214873893114085,0.5834172466437397,0.41658275335626027,0.3358208955223881
478,V,0.7370892018779343,0.7370892018779343,0.26291079812206575,12246,17275.0,157,1.778902467446536,0.4115992743032661,0.5884007256967339,0.6560509554140127,156,1.7715069226681934,0.40988810636711026,0.5901118936328897,0.6602564102564102
479,L,0.8262910798122066,0.8262910798122066,0.17370892018779344,15400,69415.0,176,1.102634806600625,0.25512567131900926,0.7448743286809907,0.8125,175,1.0848894947891203,0.2510197927801005,0.7489802072198994,0.8171428571428572
480,K,0.9859154929577465,0.9859154929577465,0.014084507042253521,21945,43810.0,210,1.95483225942691,0.4523055952132532,0.5476944047867468,0.6095238095238096,209,1.9428288531605868,0.4495282685195207,0.5504717314804792,0.6124401913875598
481,M,0.9906103286384976,0.9906103286384976,0.009389671361502348,22155,65788.0,211,1.4163297800814372,0.32770785376019756,0.6722921462398024,0.7203791469194313,210,1.3991758235234728,0.32373880194319565,0.6762611980568043,0.7238095238095238
482,S,0.9859154929577465,0.9859154929577465,0.014084507042253521,21945,65179.0,210,1.308863273903708,0.3028424455862724,0.6971575544137276,0.7428571428571429,209,1.3000237437454252,0.3007971708930771,0.6992028291069229,0.7464114832535885
483,I,0.9859154929577465,0.9859154929577465,0.014084507042253521,21945,58748.0,210,1.625195384813935,0.37603480417373547,0.6239651958262645,0.5904761904761905,209,1.6293233925224455,0.37698993522124036,0.6230100647787596,0.5885167464114832
484,T,0.9953051643192489,0.9953051643192489,0.004694835680751174,22366,26115.0,212,1.9241681865908844,0.4452105968322529,0.5547894031677472,0.41037735849056606,211,1.9271742333722477,0.44590613056519934,0.5540938694348007,0.41232227488151657
485,N,0.9953051643192489,0.9953051643192489,0.004694835680751174,22366,128539.0,212,0.16333808959458046,0.03779287531132268,0.9622071246886773,0.9811320754716981,211,0.16398165220310773,0.03794178167774015,0.9620582183222599,0.981042654028436
486,N,0.9953051643192489,0.9953051643192489,0.004694835680751174,22366,69846.0,212,1.314491086902132,0.304144598901845,0.695855401098155,0.6886792452830188,211,1.3181633669070465,0.3049942844876044,0.6950057155123956,0.6872037914691943
487,E,0.9953051643192489,0.9953051643192489,0.004694835680751174,22366,75842.0,212,0.8981531552244849,0.20781307219964112,0.7921869278003588,0.8537735849056604,211,0.901326111754158,0.20854722521191046,0.7914527747880895,0.8530805687203792
488,K,0.9953051643192489,0.9953051643192489,0.004694835680751174,22366,15457.0,212,2.228395256518864,0.5156021126670178,0.48439788733298217,0.42924528301886794,211,2.233152229479752,0.5167027725707575,0.4832972274292425,0.4265402843601896
489,L,0.9953051643192489,0.9953051643192489,0.004694835680751174,22366,12144.0,212,2.228806699722648,0.5156973116603262,0.4843026883396738,0.4339622641509434,211,2.2315607120159786,0.5163345301037771,0.48366546989622294,0.43601895734597157
490,D,0.9953051643192489,0.9953051643192489,0.004694835680751174,22366,19678.0,212,2.8735691087768322,0.664881285779865,0.33511871422013495,0.2830188679245283,211,2.877916126244243,0.6658870909140489,0.33411290908595115,0.2843601895734597
491,E,0.9953051643192489,0.9953051643192489,0.004694835680751174,22366,92646.0,212,0.6547954221902438,0.1515053947715687,0.8484946052284312,0.9150943396226415,211,0.6572905457142786,0.15208271199417278,0.8479172880058272,0.9146919431279621
492,S,0.9953051643192489,0.9953051643192489,0.004694835680751174,22366,64791.0,212,1.232207155181768,0.28510588980862756,0.7148941101913724,0.6745283018867925,211,1.2290216327986592,0.2843688293316434,0.7156311706683566,0.6777251184834123
493,G,0.9953051643192489,0.9953051643192489,0.004694835680751174,22366,49798.0,212,1.8316105135167156,0.42379476782212655,0.5762052321778734,0.5283018867924528,211,1.8294778582142766,0.4233013178489625,0.5766986821510375,0.5308056872037915
494,E,0.9953051643192489,0.9953051643192489,0.004694835680751174,22366,31964.0,212,2.440797667357239,0.5647474029576262,0.43525259704237385,0.4858490566037736,211,2.4474126414612876,0.566277963845919,0.433722036154081,0.4834123222748815
495,V,0.9953051643192489,0.9953051643192489,0.004694835680751174,22366,71860.0,212,0.6859310391576767,0.15870949819112004,0.84129050180888,0.8962264150943396,211,0.6884309012148939,0.15928791180706484,0.8407120881929352,0.8957345971563981
496,L,0.9953051643192489,0.9953051643192489,0.004694835680751174,22366,81803.0,212,0.4136927308408968,0.0957194848591479,0.9042805151408521,0.9481132075471698,211,0.4152881675834486,0.09608863416184896,0.903911365838151,0.9478672985781991
497,S,0.9953051643192489,0.9953051643192489,0.004694835680751174,22366,39892.0,212,1.9784243452797385,0.4577642898825923,0.5422357101174077,0.5283018867924528,211,1.9775889936250661,0.45757100770937414,0.5424289922906258,0.5308056872037915
498,T,0.9906103286384976,0.9906103286384976,0.009389671361502348,22155,28103.0,211,2.1605283029460156,0.4998991782167359,0.5001008217832641,0.4597156398104265,210,2.1479029398089318,0.4969779442535844,0.5030220557464156,0.46190476190476193
499,V,0.9953051643192489,0.9953051643192489,0.004694835680751174,22366,40131.0,212,1.679446697725068,0.38858737601668436,0.6114126239833156,0.5330188679245284,211,1.6830898760663353,0.3894303281115092,0.6105696718884908,0.5308056872037915
500,E,0.9953051643192489,0.9953051643192489,0.004694835680751174,22366,100022.0,212,0.48206014427975746,0.11153821481898597,0.888461785181014,0.9339622641509434,211,0.48387651838854506,0.1119584842147069,0.8880415157852931,0.933649289099526
501,T,0.9953051643192489,0.9953051643192489,0.004694835680751174,22366,-6250.0,212,2.952843857621856,0.6832237355163153,0.3167762644836847,0.330188679245283,211,2.9520995023351264,0.6830515079201158,0.3169484920798842,0.33175355450236965
502,S,0.9953051643192489,0.9953051643192489,0.004694835680751174,22366,29514.0,212,2.098989991641892,0.48566055370631883,0.5143394462936812,0.5,211,2.100150297975585,0.4859290233125266,0.5140709766874734,0.5023696682464455
503,A,0.9906103286384976,0.9906103286384976,0.009389671361502348,22155,5802.0,211,2.180393756376077,0.5044956113349919,0.4955043886650081,0.3791469194312796,210,2.1837323891549683,0.5052680982217684,0.49473190177823156,0.38095238095238093
504,K,0.9953051643192489,0.9953051643192489,0.004694835680751174,22366,52264.0,212,1.742391760608956,0.4031514921939871,0.5968485078060128,0.6273584905660378,211,1.739836267615011,0.4025602067913058,0.5974397932086942,0.6303317535545023
505,T,0.9953051643192489,0.9953051643192489,0.004694835680751174,22366,103727.0,212,0.313157920297404,0.07245792003523961,0.9275420799647603,0.9622641509433962,211,0.31437843661830245,0.07274032092070142,0.9272596790792986,0.9620853080568721
506,V,0.9906103286384976,0.9906103286384976,0.009389671361502348,22155,68694.0,211,1.3230252211372373,0.3061192116320292,0.6938807883679707,0.6398104265402843,210,1.3262481220626066,0.3068649206893321,0.6931350793106679,0.638095238095238
507,K,0.9906103286384976,0.9906103286384976,0.009389671361502348,22155,100070.0,211,0.3895412763097324,0.0901313644645179,0.9098686355354821,0.957345971563981,210,0.3910960418234337,0.09049110333096053,0.9095088966690394,0.9571428571428572
508,N,0.9859154929577465,0.9859154929577465,0.014084507042253521,21945,19621.0,210,1.874899047866797,0.43381079155035324,0.5661892084496467,0.6476190476190476,209,1.8698529914174424,0.4326432440255983,0.5673567559744017,0.6507177033492823
509,M,0.9859154929577465,0.9859154929577465,0.014084507042253521,21945,103407.0,210,0.9235763243692238,0.21369543964920912,0.7863045603507909,0.861904761904762,209,0.9058701101700315,0.20959860744597605,0.790401392554024,0.8660287081339713
510,K,0.9906103286384976,0.9906103286384976,0.009389671361502348,22155,84920.0,211,0.9005807648495472,0.20837476817693748,0.7916252318230625,0.8720379146919431,210,0.9039261942115941,0.20914882764498008,0.7908511723550199,0.8714285714285714
511,V,0.9906103286384976,0.9906103286384976,0.009389671361502348,22155,46952.0,211,1.6183822404070585,0.374458390994873,0.625541609005127,0.4928909952606635,210,1.6061146896295364,0.3716199470161233,0.6283800529838768,0.49523809523809526
512,Y,0.9859154929577465,0.9859154929577465,0.014084507042253521,21945,101193.0,210,1.0842424652932898,0.2508700842514936,0.7491299157485064,0.8333333333333334,209,1.0881683918640594,0.2517784581264347,0.7482215418735654,0.8325358851674641
513,I,0.9859154929577465,0.9859154929577465,0.014084507042253521,21945,69216.0,210,1.1597423734352348,0.2683391180911028,0.7316608819088972,0.780952380952381,209,1.1635800858091776,0.26922708112280674,0.7307729188771932,0.7799043062200957
514,K,0.9859154929577465,0.9859154929577465,0.014084507042253521,21945,34846.0,210,2.192720330460802,0.507347712021097,0.49265228797890304,0.5333333333333333,209,2.1920357361681995,0.5071893118169353,0.4928106881830647,0.5358851674641149
515,T,0.9812206572769953,0.9812206572769953,0.018779342723004695,21736,14154.0,209,2.726952205174662,0.6309573286053782,0.36904267139462177,0.39712918660287083,208,2.72797542368411,0.6311940790757663,0.3688059209242337,0.39903846153846156
516,D,0.9812206572769953,0.9812206572769953,0.018779342723004695,21736,9804.0,209,2.518531570956819,0.58273333467443,0.41726666532557,0.3349282296650718,208,2.518740250389437,0.5827816185486723,0.4172183814513277,0.33653846153846156
517,G,0.9812206572769953,0.9812206572769953,0.018779342723004695,21736,39935.0,209,2.0776862762591723,0.48073133810740104,0.519268661892599,0.583732057416268,208,2.0839295095146917,0.4821758862624027,0.5178241137375973,0.5817307692307693
518,I,0.9530516431924883,0.9530516431924883,0.046948356807511735,20503,18696.0,203,2.335957441259532,0.5404896587758736,0.4595103412241264,0.5665024630541872,202,2.3256675487071767,0.5381088018235037,0.46189119817649626,0.5693069306930693
519,A,0.9483568075117371,0.9483568075117371,0.051643192488262914,20301,32174.0,202,2.197341230639374,0.5084168876476046,0.4915831123523954,0.5891089108910891,201,2.1893830299779955,0.5065755333986081,0.49342446660139194,0.5920398009950248
520,I,0.9812206572769953,0.9812206572769953,0.018779342723004695,21736,68715.0,209,0.9097119013011934,0.2104875142132373,0.7895124857867627,0.8421052631578947,208,0.8979966063509558,0.20777685020101178,0.7922231497989882,0.8461538461538461
521,T,0.9812206572769953,0.9812206572769953,0.018779342723004695,21736,44362.0,209,1.905162114041812,0.44081300572666376,0.5591869942733363,0.6124401913875598,208,1.9109102374188283,0.4421429962426596,0.5578570037573404,0.6105769230769231
522,G,0.9765258215962441,0.9765258215962441,0.023474178403755867,21528,39372.0,208,1.7288688794766063,0.40002259212081215,0.5999774078791879,0.6346153846153846,207,1.7228772736564857,0.3986362650721951,0.6013637349278049,0.6376811594202898
523,S,0.9671361502347418,0.9671361502347418,0.03286384976525822,21115,81717.0,206,1.0666764274858929,0.2468056858113213,0.7531943141886787,0.8155339805825242,205,1.0515876003151756,0.24331445994188433,0.7566855400581156,0.8195121951219512
524,Q,0.9765258215962441,0.9765258215962441,0.023474178403755867,21528,74524.0,208,1.4248781079463755,0.32968575058709076,0.6703142494129093,0.7644230769230769,207,1.41452544447616,0.327290369811908,0.6727096301880919,0.7681159420289855
525,Y,0.9812206572769953,0.9812206572769953,0.018779342723004695,21736,76394.0,209,1.61439425593236,0.3735356582730084,0.6264643417269916,0.7320574162679426,208,1.6199863468598878,0.37482954627964665,0.6251704537203533,0.7307692307692307
526,P,0.9765258215962441,0.9765258215962441,0.023474178403755867,21528,27325.0,208,2.1687791504956224,0.5018082445798175,0.49819175542018246,0.6057692307692307,207,2.163123217935794,0.5004995850103723,0.4995004149896277,0.6086956521739131
527,A,0.9812206572769953,0.9812206572769953,0.018779342723004695,21736,65163.0,209,0.9469027009777737,0.219092654988387,0.780907345011613,0.8516746411483254,208,0.9503386327890655,0.21988765475142247,0.7801123452485775,0.8509615384615384
528,G,0.9812206572769953,0.9812206572769953,0.018779342723004695,21736,104599.0,209,0.5837126002557975,0.1350583784460232,0.8649416215539768,0.9186602870813397,208,0.5859289913727806,0.13557120306233392,0.864428796937666,0.9182692307692307
529,P,0.9765258215962441,0.9765258215962441,0.023474178403755867,21528,37099.0,208,2.134315733143101,0.493834160653412,0.506165839346588,0.6298076923076923,207,2.1231302766119367,0.4912460897078551,0.5087539102921449,0.6328502415458938
530,V,0.9812206572769953,0.9812206572769953,0.018779342723004695,21736,81599.0,209,0.34481732368401696,0.07978321622053815,0.9202167837794618,0.9569377990430622,208,0.3461690475248127,0.08009597566750691,0.9199040243324931,0.9567307692307693
531,T,0.9812206572769953,0.9812206572769953,0.018779342723004695,21736,49433.0,209,1.698441213843869,0.3929822932160868,0.6070177067839132,0.6220095693779905,208,1.7033034432976473,0.3941073071790748,0.6058926928209252,0.6201923076923077
532,K,0.9765258215962441,0.9765258215962441,0.023474178403755867,21528,8975.0,208,2.810705198545834,0.6503359465583811,0.3496640534416189,0.41346153846153844,207,2.8041199146386,0.6488122553347756,0.3511877446652244,0.41545893719806765
533,E,0.9812206572769953,0.9812206572769953,0.018779342723004695,21736,16269.0,209,2.5997885818272786,0.60153443665634,0.39846556334366,0.32057416267942584,208,2.604361443525754,0.60259249722516,0.39740750277484005,0.3173076923076923
534,G,0.9765258215962441,0.9765258215962441,0.023474178403755867,21528,51459.0,208,1.515107397495518,0.3505628423776459,0.6494371576223541,0.49038461538461536,207,1.5162474243514814,0.3508266197545329,0.6491733802454671,0.4927536231884058
535,D,0.9765258215962441,0.9765258215962441,0.023474178403755867,21528,71749.0,208,1.3141585327171852,0.3040676531087532,0.6959323468912468,0.7740384615384616,207,1.3019599210604291,0.30124516014058317,0.6987548398594168,0.7777777777777778
536,Y,0.9765258215962441,0.9765258215962441,0.023474178403755867,21528,14174.0,208,2.5075722107288163,0.5801975774875006,0.41980242251249944,0.42788461538461536,207,2.513747109065382,0.5816263144310583,0.4183736855689417,0.4251207729468599
537,Y,0.9765258215962441,0.9765258215962441,0.023474178403755867,21528,25357.0,208,1.9931300758732793,0.46116687555053454,0.5388331244494655,0.5288461538461539,207,1.9884150941903407,0.4600759315136552,0.5399240684863448,0.5314009661835749
538,V,0.971830985915493,0.971830985915493,0.028169014084507043,21321,44776.0,207,1.6087410140955483,0.3722276212782469,0.6277723787217531,0.6376811594202898,206,1.6133898488789857,0.3733032603637136,0.6266967396362864,0.6359223300970874
539,I,0.971830985915493,0.971830985915493,0.028169014084507043,21321,69741.0,207,1.191387505770472,0.27566111226603407,0.7243388877339659,0.6570048309178744,206,1.1885731259548318,0.27500992609313835,0.7249900739068617,0.6601941747572816
540,D,0.9765258215962441,0.9765258215962441,0.023474178403755867,21528,119616.0,208,0.31211645874231836,0.0722169485215493,0.9277830514784506,0.9615384615384616,207,0.3133502449960106,0.0725024197803497,0.9274975802196503,0.961352657004831
541,F,0.9765258215962441,0.9765258215962441,0.023474178403755867,21528,64013.0,208,0.8964874484776515,0.20742766394891066,0.7925723360510893,0.8461538461538461,207,0.8839695692842086,0.20453129942858211,0.7954687005714178,0.8502415458937198
542,G,0.9671361502347418,0.9671361502347418,0.03286384976525822,21115,38992.0,206,1.6896298957005835,0.39094354616851124,0.6090564538314888,0.5825242718446602,205,1.674568711506295,0.38745871628156675,0.6125412837184332,0.5853658536585366
543,K,0.9624413145539906,0.9624413145539906,0.03755868544600939,20910,43987.0,205,1.677446869394593,0.3881246593109528,0.6118753406890471,0.7073170731707317,204,1.658664696391652,0.38377887368227487,0.6162211263177251,0.7107843137254902
544,I,0.9389671361502347,0.9389671361502347,0.06103286384976526,19900,53974.0,200,1.1469442929399003,0.2653779210942175,0.7346220789057825,0.835,199,1.126663591211615,0.2606854085667008,0.7393145914332993,0.8391959798994975
545,S,0.9671361502347418,0.9671361502347418,0.03286384976525822,21115,94319.0,206,1.1331188309874731,0.26217901041155667,0.7378209895884433,0.8155339805825242,205,1.1199862488176304,0.25914041701492474,0.7408595829850753,0.8195121951219512
546,D,0.9624413145539906,0.9624413145539906,0.03755868544600939,20910,97344.0,205,0.798546373894171,0.18476623311683824,0.8152337668831617,0.8780487804878049,204,0.8015386726515357,0.18545858585655745,0.8145414141434426,0.8774509803921569
547,G,0.9577464788732394,0.9577464788732394,0.04225352112676056,20706,43267.0,204,1.3720220286740306,0.317456005410425,0.682543994589575,0.49019607843137253,203,1.3731772647867473,0.31772330187796305,0.682276698122037,0.49261083743842365
548,K,0.9624413145539906,0.9624413145539906,0.03755868544600939,20910,49981.0,205,1.759315624628278,0.4070673056105365,0.5929326943894635,0.43902439024390244,204,1.7615199060562623,0.4075773283086448,0.5924226716913552,0.4411764705882353
549,L,0.9530516431924883,0.9530516431924883,0.046948356807511735,20503,8967.0,203,2.625481321235699,0.6074791767918397,0.3925208232081603,0.41379310344827586,202,2.623679527056529,0.6070622808741817,0.3929377191258183,0.4158415841584158
550,M,0.9577464788732394,0.9577464788732394,0.04225352112676056,20706,67182.0,204,0.9131144201469086,0.2112747829440013,0.7887252170559987,0.8333333333333334,203,0.898330126647031,0.2078540195311702,0.7921459804688298,0.8374384236453202
551,K,0.9577464788732394,0.9577464788732394,0.04225352112676056,20706,15673.0,204,2.457629259972922,0.5686418667816759,0.43135813321832406,0.4362745098039216,203,2.4555111611826654,0.5681517848682905,0.43184821513170946,0.43842364532019706
552,A,0.9530516431924883,0.9530516431924883,0.046948356807511735,20503,43779.0,203,1.2578376421566977,0.2910362260873013,0.7089637739126987,0.5123152709359606,202,1.2368624265322685,0.2861830181754802,0.7138169818245198,0.5148514851485149
553,G,0.9530516431924883,0.9530516431924883,0.046948356807511735,20503,104001.0,203,0.38765348115750664,0.08969456979538425,0.9103054302046157,0.9310344827586207,202,0.3890608864585768,0.09002021271913743,0.9099797872808626,0.9306930693069307
554,I,0.9530516431924883,0.9530516431924883,0.046948356807511735,20503,27412.0,203,2.1040694315051396,0.48683582542572945,0.5131641745742705,0.6403940886699507,202,2.0854788882210475,0.4825343787389871,0.5174656212610129,0.6435643564356436
555,T,0.9577464788732394,0.9577464788732394,0.04225352112676056,20706,46849.0,204,1.5092390104724027,0.3492050254741076,0.6507949745258924,0.5882352941176471,203,1.5081693261843647,0.34895752383489625,0.6510424761651037,0.5911330049261084
556,F,0.9577464788732394,0.9577464788732394,0.04225352112676056,20706,99463.0,204,1.128985348490398,0.26122261261725627,0.7387773873827437,0.8284313725490197,203,1.1119741750316636,0.2572865976986236,0.7427134023013764,0.8325123152709359
557,T,0.9577464788732394,0.9577464788732394,0.04225352112676056,20706,53289.0,204,1.4287491034556483,0.3305814146111758,0.6694185853888241,0.7254901960784313,203,1.4335000096231374,0.3316806707910991,0.6683193292089009,0.7241379310344828
558,F,0.9577464788732394,0.9577464788732394,0.04225352112676056,20706,98138.0,204,0.6848169813731615,0.15845172949158218,0.8415482705084179,0.8872549019607843,203,0.6873380977795535,0.1590350609008609,0.8409649390991392,0.8866995073891626
559,D,0.9577464788732394,0.9577464788732394,0.04225352112676056,20706,48778.0,204,1.743605077950035,0.4034322273923617,0.5965677726076384,0.6127450980392157,203,1.7334199377021389,0.4010756078410219,0.5989243921589781,0.6157635467980296
560,L,0.9577464788732394,0.9577464788732394,0.04225352112676056,20706,80430.0,204,0.18986069986193882,0.04392962948331674,0.9560703705166833,0.9754901960784313,203,0.1906191768998256,0.04410512454506569,0.9558948754549343,0.9753694581280788
561,N,0.9577464788732394,0.9577464788732394,0.04225352112676056,20706,40602.0,204,1.9908985090575873,0.46065053960817315,0.5393494603918269,0.5882352941176471,203,1.9882961169113442,0.46004840276343445,0.5399515972365656,0.5911330049261084
562,L,0.9530516431924883,0.9530516431924883,0.046948356807511735,20503,33248.0,203,1.849464233893622,0.42792572974118914,0.5720742702588109,0.6206896551724138,202,1.8350756601647218,0.42459652726187874,0.5754034727381212,0.6237623762376238
563,D,0.9483568075117371,0.9483568075117371,0.051643192488262914,20301,30430.0,202,2.2240377806111016,0.5145938876775932,0.4854061123224068,0.41089108910891087,201,2.2222240435732696,0.5141742284426379,0.48582577155736206,0.4129353233830846
564,K,0.9295774647887324,0.9295774647887324,0.07042253521126761,19503,1572.0,198,2.637926075445915,0.6103586217842119,0.38964137821578815,0.43434343434343436,197,2.631666056692421,0.6089101898306818,0.3910898101693182,0.4365482233502538
565,A,0.892018779342723,0.892018779342723,0.107981220657277,17955,20800.0,190,2.386297442153088,0.5521372382330852,0.44786276176691475,0.3684210526315789,189,2.3885203647143864,0.552651574083311,0.447348425916689,0.37037037037037035
566,I,0.8826291079812206,0.8826291079812206,0.11737089201877934,17578,4505.0,188,2.9878504472156053,0.6913234976653341,0.3086765023346659,0.3670212765957447,187,2.986365685039814,0.6909799560461323,0.30902004395386773,0.3689839572192513
567,E,0.8732394366197183,0.8732394366197183,0.1267605633802817,17205,6520.0,186,2.3633295487910506,0.5468229681069331,0.4531770318930669,0.5268817204301075,185,2.3581259466704103,0.5456189679462651,0.4543810320537349,0.5297297297297298
568,D,0.8685446009389671,0.8685446009389671,0.13145539906103287,17020,35576.0,185,2.0301972857770543,0.46974342034488775,0.5302565796551122,0.5243243243243243,184,2.036149310927435,0.47112058928886474,0.5288794107111352,0.5217391304347826
569,T,0.8685446009389671,0.8685446009389671,0.13145539906103287,17020,29952.0,185,1.9014015189406555,0.4399428859517408,0.5600571140482592,0.6486486486486487,184,1.894114401441919,0.43825680572579795,0.561743194274202,0.6521739130434783
570,N,0.8450704225352113,0.8450704225352113,0.15492957746478872,16110,12089.0,180,2.474349052104358,0.5725104624094501,0.42748953759054986,0.26666666666666666,179,2.477110373259956,0.5731493719643926,0.42685062803560736,0.2681564245810056
571,N,0.9295774647887324,0.9295774647887324,0.07042253521126761,19503,38437.0,198,2.2110684997630616,0.5115930786490066,0.4884069213509934,0.5505050505050505,197,2.2179055927779694,0.513175033014003,0.486824966985997,0.5482233502538071
572,I,0.9389671361502347,0.9389671361502347,0.06103286384976526,19900,67750.0,200,0.7312188809468694,0.1691881181021653,0.8308118818978347,0.88,199,0.73396411071418,0.1698233044604386,0.8301766955395614,0.8793969849246231
573,I,0.9436619718309859,0.9436619718309859,0.056338028169014086,20100,5602.0,201,2.9606333496377064,0.685026054260365,0.314973945739635,0.3333333333333333,200,2.9554165881616985,0.6838190093115656,0.3161809906884344,0.335
574,S,0.9530516431924883,0.9530516431924883,0.046948356807511735,20503,18782.0,203,2.5621005538166317,0.5928142480777217,0.40718575192227835,0.32019704433497537,202,2.5666131118757294,0.5938583556982153,0.4061416443017847,0.31683168316831684
575,I,0.9530516431924883,0.9530516431924883,0.046948356807511735,20503,70039.0,203,0.8759689369963588,0.20268012742567115,0.7973198725743289,0.8374384236453202,202,0.8790349353923401,0.203389532656084,0.796610467343916,0.8366336633663366
576,E,0.9530516431924883,0.9530516431924883,0.046948356807511735,20503,15430.0,203,2.753192968095984,0.6370288694420626,0.3629711305579374,0.2660098522167488,202,2.756314489608826,0.6377511215120437,0.3622488784879563,0.26732673267326734
577,V,0.9530516431924883,0.9530516431924883,0.046948356807511735,20503,69320.0,203,0.817077287416448,0.1890538827758407,0.8109461172241593,0.8620689655172413,202,0.799983586776967,0.18509877286558976,0.8149012271344103,0.8663366336633663
578,S,0.9530516431924883,0.9530516431924883,0.046948356807511735,20503,35260.0,203,1.9589953036444068,0.45326883294560266,0.5467311670543973,0.5320197044334976,202,1.9573726462101626,0.45289338536789686,0.5471066146321031,0.5346534653465347
579,Q,0.9483568075117371,0.9483568075117371,0.051643192488262914,20301,98136.0,202,0.18522035189582386,0.04285595406247754,0.9571440459375224,0.9752475247524752,201,0.1859614949272828,0.043027438412792315,0.9569725615872077,0.9751243781094527
580,R,0.9436619718309859,0.9436619718309859,0.056338028169014086,20100,88919.0,201,0.512350673898208,0.11854678343776583,0.8814532165622342,0.9303482587064676,200,0.5143902930720714,0.11901870687774072,0.8809812931222593,0.93
581,M,0.9295774647887324,0.9295774647887324,0.07042253521126761,19503,54329.0,198,1.4015179604591768,0.3242807214023543,0.6757192785976457,0.6363636363636364,197,1.405311617290807,0.3251584909413982,0.6748415090586017,0.6345177664974619
582,Y,0.9342723004694836,0.9342723004694836,0.06572769953051644,19701,-2367.0,199,2.8686783234986493,0.663749664621251,0.33625033537874904,0.24623115577889448,198,2.866623240628356,0.6632741632188274,0.3367258367811726,0.2474747474747475
583,Q,0.9295774647887324,0.9295774647887324,0.07042253521126761,19503,22062.0,198,2.3930028830950767,0.5536887311766909,0.44631126882330907,0.5,197,2.382924489572901,0.5513568104920089,0.4486431895079911,0.5025380710659898
584,T,0.9295774647887324,0.9295774647887324,0.07042253521126761,19503,22472.0,198,2.565309874031277,0.5935568148544438,0.4064431851455562,0.3181818181818182,197,2.5661645872990935,0.5937545768831151,0.40624542311688494,0.3197969543147208
585,S,0.9342723004694836,0.9342723004694836,0.06572769953051644,19701,32517.0,199,1.729441942509797,0.40015518642145975,0.5998448135785402,0.4824120603015075,198,1.7307364265961631,0.40045470183632687,0.5995452981636731,0.48484848484848486
586,P,0.9342723004694836,0.9342723004694836,0.06572769953051644,19701,3232.0,199,2.824879901200434,0.6536156639306734,0.3463843360693266,0.2814070351758794,198,2.825255962808176,0.6537026763935108,0.34629732360648924,0.2828282828282828
587,E,0.9342723004694836,0.9342723004694836,0.06572769953051644,19701,83435.0,199,0.6375040352535514,0.14750454455910283,0.8524954554408972,0.914572864321608,198,0.6400713800865446,0.14809857221912576,0.8519014277808743,0.9141414141414141
588,F,0.9342723004694836,0.9342723004694836,0.06572769953051644,19701,34856.0,199,2.033502041152901,0.4705080687386813,0.5294919312613187,0.38190954773869346,198,2.033941365554517,0.47060971883372466,0.5293902811662754,0.3838383838383838
589,N,0.9342723004694836,0.9342723004694836,0.06572769953051644,19701,39426.0,199,1.8800204285709046,0.43499576746658053,0.5650042325334195,0.5778894472361809,198,1.8769735910708891,0.4342907956500388,0.5657092043499612,0.5808080808080808
590,R,0.9342723004694836,0.9342723004694836,0.06572769953051644,19701,52075.0,199,1.7272518781248833,0.3996484532373736,0.6003515467626264,0.5778894472361809,198,1.726422101310132,0.399456460960655,0.600543539039345,0.5808080808080808
591,Q,0.9342723004694836,0.9342723004694836,0.06572769953051644,19701,94773.0,199,0.17215521762317604,0.03983296663977995,0.96016703336022,0.9798994974874372,198,0.17287636056292902,0.03999982340461277,0.9600001765953873,0.9797979797979798
592,T,0.9342723004694836,0.9342723004694836,0.06572769953051644,19701,21291.0,199,2.0689184032015966,0.47870264330612755,0.5212973566938724,0.41708542713567837,198,2.072970110847506,0.47964012018148383,0.5203598798185162,0.41414141414141414
593,I,0.9342723004694836,0.9342723004694836,0.06572769953051644,19701,70044.0,199,0.9223159005996286,0.21340380504957612,0.7865961949504239,0.7537688442211056,198,0.9249084319819332,0.21400366032837434,0.7859963396716256,0.7525252525252525
594,W,0.9061032863849765,0.9061032863849765,0.09389671361502347,18528,70175.0,193,1.5314352760693124,0.35434075774673995,0.6456592422532601,0.538860103626943,192,1.5159631522920862,0.35076084539337876,0.6492391546066212,0.5416666666666666
595,E,0.7887323943661971,0.7887323943661971,0.2112676056338028,14028,41605.0,168,1.2281783658247472,0.28417371572600303,0.715826284273997,0.7678571428571429,167,1.2177969162069406,0.2817716744634269,0.7182283255365731,0.7724550898203593
596,N,0.704225352112676,0.704225352112676,0.29577464788732394,11175,7644.0,150,2.515802940081349,0.5821019889380912,0.4178980110619088,0.4533333333333333,149,2.5078493234250065,0.580261695327989,0.419738304672011,0.4563758389261745
597,T,0.6948356807511737,0.6948356807511737,0.3051643192488263,10878,2253.0,148,2.926374479222265,0.6770992980387684,0.32290070196123155,0.32432432432432434,147,2.925905661443692,0.6769908238188647,0.32300917618113534,0.32653061224489793
598,N,0.6713615023474179,0.6713615023474179,0.3286384976525822,10153,5926.0,143,2.642237485743442,0.6113561881950522,0.3886438118049478,0.3776223776223776,142,2.6444926853010844,0.6118779922390182,0.3881220077609818,0.38028169014084506
599,S,0.6103286384976526,0.6103286384976526,0.38967136150234744,8385,5458.0,130,2.378020504445005,0.5502221351757544,0.44977786482424564,0.4230769230769231,129,2.3727116813924303,0.5489937891838683,0.4510062108161317,0.4263565891472868
600,P,0.5492957746478874,0.5492957746478874,0.4507042253521127,6786,7723.0,117,1.644210065035526,0.38043438690721143,0.6195656130927886,0.4700854700854701,116,1.6489358618941863,0.38152783334012424,0.6184721666598758,0.46551724137931033
601,R,0.4835680751173709,0.4835680751173709,0.5164319248826291,5253,12697.0,103,1.6911510459816392,0.3912955072024894,0.6087044927975106,0.6019417475728155,102,1.6281018462483323,0.37670729602704406,0.6232927039729559,0.6078431372549019
602,N,0.49295774647887325,0.49295774647887325,0.5070422535211268,5460,7445.0,105,2.0029506731012017,0.4634391477892929,0.536560852210707,0.5904761904761905,104,1.9836680909368574,0.4589775783830007,0.5410224216169993,0.5961538461538461
603,K,0.43661971830985913,0.43661971830985913,0.5633802816901409,4278,9598.0,93,1.6922820259146776,0.39155719131851535,0.6084428086814846,0.6236559139784946,92,1.6836416003860768,0.3895579850987677,0.6104420149012323,0.6304347826086957
604,G,0.4272300469483568,0.4272300469483568,0.5727699530516432,4095,5744.0,91,1.8276556405226079,0.4228796963754761,0.5771203036245238,0.5824175824175825,90,1.8233563204607315,0.42188492738175726,0.5781150726182427,0.5888888888888889
605,E,0.3568075117370892,0.3568075117370892,0.6431924882629108,2850,14640.0,76,0.5399709517552813,0.12493751397531151,0.8750624860246885,0.9210526315789473,75,0.4814878746805788,0.11140580410168237,0.8885941958983177,0.9333333333333333
606,L,0.3474178403755869,0.3474178403755869,0.6525821596244131,2701,6842.0,74,1.3460624034025999,0.31144951370082447,0.6885504862991756,0.7432432432432432,73,1.2598118026505662,0.29149300381486315,0.7085069961851369,0.7534246575342466
607,E,0.3474178403755869,0.3474178403755869,0.6525821596244131,2701,8037.0,74,1.106308545556183,0.25597569447416163,0.7440243055258384,0.8108108108108109,73,1.1172872868084793,0.2585159360078613,0.7414840639921387,0.8082191780821918
608,G,0.3427230046948357,0.3427230046948357,0.6572769953051644,2628,8849.0,73,0.5675235210626096,0.13131257822960155,0.8686874217703985,0.9178082191780822,72,0.4973142269885519,0.115067677219538,0.884932322780462,0.9305555555555556
609,K,0.3380281690140845,0.3380281690140845,0.6619718309859155,2556,15613.0,72,0.3928767624836585,0.09090312329546,0.90909687670454,0.9444444444444444,71,0.31950101802548386,0.07392557465346046,0.9260744253465395,0.9577464788732394
610,P,0.3380281690140845,0.3380281690140845,0.6619718309859155,2556,7059.0,72,1.129915800468738,0.26143789893343555,0.7385621010665644,0.6388888888888888,71,1.0775531058718104,0.24932231222136828,0.7506776877786318,0.647887323943662
611,I,0.3380281690140845,0.3380281690140845,0.6619718309859155,2556,9362.0,72,0.7189918966989598,0.16635906033455145,0.8336409396654485,0.8333333333333334,71,0.6901313915415168,0.1596813682203343,0.8403186317796657,0.8450704225352113
612,P,0.3380281690140845,0.3380281690140845,0.6619718309859155,2556,16624.0,72,0.21089984607915052,0.048797629541462086,0.951202370458538,0.9722222222222222,71,0.21329377418505296,0.04935153234903872,0.9506484676509612,0.971830985915493
613,N,0.30985915492957744,0.30985915492957744,0.6901408450704225,2145,4778.0,66,1.4754294963820003,0.3413822405160706,0.6586177594839294,0.6818181818181818,65,1.425494311270263,0.329828326611115,0.670171673388885,0.6923076923076923
614,P,0.2863849765258216,0.2863849765258216,0.7136150234741784,1830,2299.0,61,1.9154747061664406,0.44319911486550573,0.5568008851344943,0.6229508196721312,60,1.858040253688799,0.42991003387741994,0.57008996612258,0.6333333333333333
615,L,0.2676056338028169,0.2676056338028169,0.7323943661971831,1596,5604.0,57,0.4288109647301171,0.099217514802567,0.900782485197433,0.9122807017543859,56,0.43408112000433474,0.10043691391298996,0.8995630860870101,0.9107142857142857
616,L,0.22065727699530516,0.22065727699530516,0.7793427230046949,1081,1832.0,47,1.5283714206378203,0.35363184835162154,0.6463681516483785,0.44680851063829785,46,1.4098180591250258,0.32620118340070814,0.6737988165992919,0.45652173913043476
617,G,0.20657276995305165,0.20657276995305165,0.7934272300469484,946,3612.0,44,0.15649106290570153,0.03620862251059269,0.9637913774894074,0.9772727272727273,43,-0.0,-0.0,1.0,1.0
618,L,0.009389671361502348,0.009389671361502348,0.9906103286384976,1,-2.0,2,1.0,0.23137821315975915,0.7686217868402409,0.5,1,-0.0,-0.0,1.0,1.0
619,D,0.009389671361502348,0.009389671361502348,0.9906103286384976,1,1.0,2,1.0,0.23137821315975915,0.7686217868402409,0.5,1,-0.0,-0.0,1.0,1.0
620,S,0.009389671361502348,0.009389671361502348,0.9906103286384976,1,-2.0,2,1.0,0.23137821315975915,0.7686217868402409,0.5,1,-0.0,-0.0,1.0,1.0
621,T,0.009389671361502348,0.009389671361502348,0.9906103286384976,1,5.0,2,-0.0,-0.0,1.0,1.0,1,-0.0,-0.0,1.0,1.0
622,R,0.004694835680751174,0.004694835680751174,0.9953051643192489,0,0.0,1,-0.0,-0.0,1.0,1.0,0,,,,
623,T,0.004694835680751174,0.004694835680751174,0.9953051643192489,0,0.0,1,-0.0,-0.0,1.0,1.0,0,,,,
624,G,0.004694835680751174,0.004694835680751174,0.9953051643192489,0,0.0,1,-0.0,-0.0,1.0,1.0,0,,,,
625,H,0.004694835680751174,0.004694835680751174,0.9953051643192489,0,0.0,1,-0.0,-0.0,1.0,1.0,0,,,,
626,H,0.004694835680751174,0.004694835680751174,0.9953051643192489,0,0.0,1,-0.0,-0.0,1.0,1.0,0,,,,
627,H,0.004694835680751174,0.004694835680751174,0.9953051643192489,0,0.0,1,-0.0,-0.0,1.0,1.0,0,,,,
628,H,0.004694835680751174,0.004694835680751174,0.9953051643192489,0,0.0,1,-0.0,-0.0,1.0,1.0,0,,,,
629,H,0.004694835680751174,0.004694835680751174,0.9953051643192489,0,0.0,1,-0.0,-0.0,1.0,1.0,0,,,,
630,H,0.004694835680751174,0.004694835680751174,0.9953051643192489,0,0.0,1,-0.0,-0.0,1.0,1.0,0,,,,
